_id,qid,question,A,B,C,D,answer,explanation,section,combined_information
mcq_triet_1,1,Triết học có chức năng cơ bản nào ?,Chức năng th ế giới quan,Chức năng phương pháp lu ận chung nh ất.,Cả a và b,Không có câu tr ả lời đúng,C,,,Loại: Trắc nghiệm triết học; Phần: ; Câu 1: Triết học có chức năng cơ bản nào ? A. Chức năng th ế giới quan B. Chức năng phương pháp lu ận chung nh ất. C. Cả a và b D. Không có câu tr ả lời đúng Đáp án đúng: C. Giải thích:
mcq_triet_2,2,Nguồn gốc của chủ nghĩa duy tâm?,Do hạn chế của nhận thức con người về thế giới.,Sự phân chia giai cấp và sự tách rời đối lập giữa lao động trí óc và lao động chân tay trong xã hội có giai cấp đối kháng,Cả a và b,Khác,C,,,Loại: Trắc nghiệm triết học; Phần: ; Câu 2: Nguồn gốc của chủ nghĩa duy tâm? A. Do hạn chế của nhận thức con người về thế giới. B. Sự phân chia giai cấp và sự tách rời đối lập giữa lao động trí óc và lao động chân tay trong xã hội có giai cấp đối kháng C. Cả a và b D. Khác Đáp án đúng: C. Giải thích:
mcq_triet_3,3,"Trong xã hội có giai cấp, triết học:",Cũng có tính giai cấp.,Không có tính giai cấp.,Chỉ triết học phương tây mới có tính giai cấp.,Tùy từng học thuyết cụ thể.,A,,,"Loại: Trắc nghiệm triết học; Phần: ; Câu 3: Trong xã hội có giai cấp, triết học: A. Cũng có tính giai cấp. B. Không có tính giai cấp. C. Chỉ triết học phương tây mới có tính giai cấp. D. Tùy từng học thuyết cụ thể. Đáp án đúng: A. Giải thích:"
mcq_triet_4,4,Chọn luận điểm thể hiện lập trường triết học duy tâm lịch sử.,Quan hệ sản xuất mang tính chất vật chất. 2 B. Yếu tố kinh tề quyết định lịch sử.,,"Sự vận đồng, phát triển của xã hội, suy cho đến cùng là do tư tưởng của con người quyết định.",Kiến trúc thượng tầng chỉ đóng vai trò thụ động trong lịch sử.,C,,,"Loại: Trắc nghiệm triết học; Phần: ; Câu 4: Chọn luận điểm thể hiện lập trường triết học duy tâm lịch sử. A. Quan hệ sản xuất mang tính chất vật chất. 2 B. Yếu tố kinh tề quyết định lịch sử. B.  C. Sự vận đồng, phát triển của xã hội, suy cho đến cùng là do tư tưởng của con người quyết định. D. Kiến trúc thượng tầng chỉ đóng vai trò thụ động trong lịch sử. Đáp án đúng: C. Giải thích:"
mcq_triet_5,5,Nhận định sau đây thuộc lập trường triết học nào? “Nhân tố kinh tế là nhân tố quyết định duy nhất trong lịch sử.”,Chủ nghĩa duy vậy biện chứng.,Chủ nghĩa duy tâm chủ quan.,Chủ nghĩa duy tâm khách quan.,Chủ nghĩa duy vật tầm thường.,D,,,Loại: Trắc nghiệm triết học; Phần: ; Câu 5: Nhận định sau đây thuộc lập trường triết học nào? “Nhân tố kinh tế là nhân tố quyết định duy nhất trong lịch sử.” A. Chủ nghĩa duy vậy biện chứng. B. Chủ nghĩa duy tâm chủ quan. C. Chủ nghĩa duy tâm khách quan. D. Chủ nghĩa duy vật tầm thường. Đáp án đúng: D. Giải thích:
mcq_triet_6,6,Phép biện chứng cổ đại là:,Biện chứng duy tâm.,"Biện chứng ngây thơ, chất phác.",Biện chứng duy vật khoa học.,Biện chứng chủ quan.,B,,,"Loại: Trắc nghiệm triết học; Phần: ; Câu 6: Phép biện chứng cổ đại là: A. Biện chứng duy tâm. B. Biện chứng ngây thơ, chất phác. C. Biện chứng duy vật khoa học. D. Biện chứng chủ quan. Đáp án đúng: B. Giải thích:"
mcq_triet_7,7,Phép biện chứng của triết học Hêghen là:,Phép biện chứng duy tâm chủ quan.,Phép biện chứng duy vật hiện đại.,Phép biện chứng ngây thơ chất phác.,Phép biện chứng duy tâm khách quan.,D,,,Loại: Trắc nghiệm triết học; Phần: ; Câu 7: Phép biện chứng của triết học Hêghen là: A. Phép biện chứng duy tâm chủ quan. B. Phép biện chứng duy vật hiện đại. C. Phép biện chứng ngây thơ chất phác. D. Phép biện chứng duy tâm khách quan. Đáp án đúng: D. Giải thích:
mcq_triet_8,8,Vận động của tự nhiên và lịch sử là sự tha hóa từ sự tự vận động của ý niệm tuyệt đối. Quan niệm trên thuộc lập trường triết học nào?,Chủ nghĩa duy vật.,Chủ nghĩa duy tâm chủ quan.,Chủ nghĩa duy tâm khách quan.,Chủ nghĩa nhị nguyên triết học.,C,,,Loại: Trắc nghiệm triết học; Phần: ; Câu 8: Vận động của tự nhiên và lịch sử là sự tha hóa từ sự tự vận động của ý niệm tuyệt đối. Quan niệm trên thuộc lập trường triết học nào? A. Chủ nghĩa duy vật. B. Chủ nghĩa duy tâm chủ quan. C. Chủ nghĩa duy tâm khách quan. D. Chủ nghĩa nhị nguyên triết học. Đáp án đúng: C. Giải thích:
mcq_triet_9,9,Chọn cụm từ đúng để điền vào chỗ trống: “Điểm xuất phát của ……… là: sự khẳng định những 3 sự vật và hiện tượng của tự nhiên đều bao gồm những mâu thuẫn vốn có của chúng”.,Phép siêu hình.,Phép biện chứng.,Phép biện chứng duy tâm.,Phép biện chứng duy vật.,B,,,Loại: Trắc nghiệm triết học; Phần: ; Câu 9: Chọn cụm từ đúng để điền vào chỗ trống: “Điểm xuất phát của ……… là: sự khẳng định những 3 sự vật và hiện tượng của tự nhiên đều bao gồm những mâu thuẫn vốn có của chúng”. A. Phép siêu hình. B. Phép biện chứng. C. Phép biện chứng duy tâm. D. Phép biện chứng duy vật. Đáp án đúng: B. Giải thích:
mcq_triet_10,10,Chọn cụm từ đúng điền vào chỗ trống: “Phép siêu hình đẩy lùi được ……… nhưng chính nó lại bị phép biện chứng hiện đại phủ định”.,Phép biện chứng duy tâm.,Phép biện chứng cổ đại.,Chủ nghĩa duy tâm.,Chủ nghĩa duy vật.,B,,,Loại: Trắc nghiệm triết học; Phần: ; Câu 10: Chọn cụm từ đúng điền vào chỗ trống: “Phép siêu hình đẩy lùi được ……… nhưng chính nó lại bị phép biện chứng hiện đại phủ định”. A. Phép biện chứng duy tâm. B. Phép biện chứng cổ đại. C. Chủ nghĩa duy tâm. D. Chủ nghĩa duy vật. Đáp án đúng: B. Giải thích:
mcq_triet_11,11,"“Tất cả cái gì đang vận động, đều vận động nhờ một cái khác nào đó”. Nhận định này gắn liện với hệ thồng triết học nào? Hãy chọn phương án sai.",Triết học duy vật.,Triết học duy tâm.,Triết học duy tâm khách quan.,Triết học duy tâm chủ quan.,A,,,"Loại: Trắc nghiệm triết học; Phần: ; Câu 11: “Tất cả cái gì đang vận động, đều vận động nhờ một cái khác nào đó”. Nhận định này gắn liện với hệ thồng triết học nào? Hãy chọn phương án sai. A. Triết học duy vật. B. Triết học duy tâm. C. Triết học duy tâm khách quan. D. Triết học duy tâm chủ quan. Đáp án đúng: A. Giải thích:"
mcq_triet_12,12,"Nên gắn ý kiến: “Nguyên nhân cao hơn, hoàn thiện hơn với kết quả của nó” với lập trường triết học nào?",Triết học duy tâm chủ quan.,Triết học duy tâm khách quan.,Triết học duy vật.,Khác.,B,,,"Loại: Trắc nghiệm triết học; Phần: ; Câu 12: Nên gắn ý kiến: “Nguyên nhân cao hơn, hoàn thiện hơn với kết quả của nó” với lập trường triết học nào? A. Triết học duy tâm chủ quan. B. Triết học duy tâm khách quan. C. Triết học duy vật. D. Khác. Đáp án đúng: B. Giải thích:"
mcq_triet_13,13,Hãy chọn luận điểm quan trọng để bác lại thế giới quan tôn giáo.,"Cái chung tồn tại một cách độc lập, không phụ thuộc vào cái riêng.","Cái chung không tồn tại một cách thực sự, trong hiện thực chỉ có cách sự vật đơn thuần nhất là tồn tại.",Cái chung chỉ tồn tại trong danh nghĩa do chủ thể đang nhận thức gắn cho sự vật như một thuật ngữ để biểu thị sự vật.,Khác.,A,"4 Câu 14: Chọn nhận định theo quan điểm siêu hình. A. Cái chung tồn tại một cách độc lập, không phụ thuộc vào cái riêng. B. Cái chung không tồn tại một cách thực sự, trong hiện thực chỉ có cách sự vật đơn thuần nhất là tồn tại. C. Cái chung chỉ tồn tại trong danh nghĩa do chủ thể đang nhận thức gắn cho sự vật như một thuật ngữ để biểu thị sự vật. D. Khác. Đáp án: A là đáp án đúng",,"Loại: Trắc nghiệm triết học; Phần: ; Câu 13: Hãy chọn luận điểm quan trọng để bác lại thế giới quan tôn giáo. A. Cái chung tồn tại một cách độc lập, không phụ thuộc vào cái riêng. B. Cái chung không tồn tại một cách thực sự, trong hiện thực chỉ có cách sự vật đơn thuần nhất là tồn tại. C. Cái chung chỉ tồn tại trong danh nghĩa do chủ thể đang nhận thức gắn cho sự vật như một thuật ngữ để biểu thị sự vật. D. Khác. Đáp án đúng: A. Giải thích: 4 Câu 14: Chọn nhận định theo quan điểm siêu hình. A. Cái chung tồn tại một cách độc lập, không phụ thuộc vào cái riêng. B. Cái chung không tồn tại một cách thực sự, trong hiện thực chỉ có cách sự vật đơn thuần nhất là tồn tại. C. Cái chung chỉ tồn tại trong danh nghĩa do chủ thể đang nhận thức gắn cho sự vật như một thuật ngữ để biểu thị sự vật. D. Khác. Đáp án: A là đáp án đúng"
mcq_triet_15,15,Triết học có chức năng:,Thế giới khác quan.,Phương pháp luận.,Thế giới quan và phương pháp luận.,Khác.,C,,,Loại: Trắc nghiệm triết học; Phần: ; Câu 15: Triết học có chức năng: A. Thế giới khác quan. B. Phương pháp luận. C. Thế giới quan và phương pháp luận. D. Khác. Đáp án đúng: C. Giải thích:
mcq_triet_16,16,Nội dung cơ bản của thế giới quan bao gồm:,Vũ trụ quan (triết học về giới tự nhiên).,Xã hội quan (triết học về xã hội).,Nhân sinh quan.,"Cả A, B, C",D,,,"Loại: Trắc nghiệm triết học; Phần: ; Câu 16: Nội dung cơ bản của thế giới quan bao gồm: A. Vũ trụ quan (triết học về giới tự nhiên). B. Xã hội quan (triết học về xã hội). C. Nhân sinh quan. D. Cả A, B, C Đáp án đúng: D. Giải thích:"
mcq_triet_17,17,Hạt nhân chủ yếu của thế giới quan là gì?,Các quan điểm xã hội – chính trị.,Các quan điểm triết học.,Các quan điểm mỹ học.,"Cả A, B, C.",B,,,"Loại: Trắc nghiệm triết học; Phần: ; Câu 17: Hạt nhân chủ yếu của thế giới quan là gì? A. Các quan điểm xã hội – chính trị. B. Các quan điểm triết học. C. Các quan điểm mỹ học. D. Cả A, B, C. Đáp án đúng: B. Giải thích:"
mcq_triet_18,18,Vấn đề cơ bản trong một thế giới quan cũng là vấn đề cơ bản của triết học:,Đúng.,Sai.,Khác.,,B,,,Loại: Trắc nghiệm triết học; Phần: ; Câu 18: Vấn đề cơ bản trong một thế giới quan cũng là vấn đề cơ bản của triết học: A. Đúng. B. Sai. C. Khác. D.  Đáp án đúng: B. Giải thích:
mcq_triet_19,19,"Chọn câu trả lời đúng. 5 A. Thế giới quan là sự phản ánh của sự tồn tại vật chất và xã hội của con người dưới hình thức các quan niệm, quan điểm chung. B. Thế giới quan trực tiếp phụ thuộc vào trình độ hiểu biết của con người đã đạt được trong một giai đoạn lịch sử nhất định. C. Thế giới quan phụ thuộc vào chế độ xã hội đang thống trị. D. Cả A, B, C. Đáp án: D là đáp án đúng Câu 20: Thế giới quan có ý nghĩa trên những phương diện nào?",Trên phương diện lý luận,Trên phương diện thực tiễn,Cả A và B,Khác.,D,,,"Loại: Trắc nghiệm triết học; Phần: ; Câu 19: Chọn câu trả lời đúng. 5 A. Thế giới quan là sự phản ánh của sự tồn tại vật chất và xã hội của con người dưới hình thức các quan niệm, quan điểm chung. B. Thế giới quan trực tiếp phụ thuộc vào trình độ hiểu biết của con người đã đạt được trong một giai đoạn lịch sử nhất định. C. Thế giới quan phụ thuộc vào chế độ xã hội đang thống trị. D. Cả A, B, C. Đáp án: D là đáp án đúng Câu 20: Thế giới quan có ý nghĩa trên những phương diện nào? A. Trên phương diện lý luận B. Trên phương diện thực tiễn C. Cả A và B D. Khác. Đáp án đúng: D. Giải thích:"
mcq_triet_21,21,Thế giới quan khoa học dựa trên lập trường triết học nào?,Chủ nghĩa duy tâm chủ quan.,Chủ nghĩa duy tâm khác quan.,Chủ nghĩa duy vật.,Khác.,C,,,Loại: Trắc nghiệm triết học; Phần: ; Câu 21: Thế giới quan khoa học dựa trên lập trường triết học nào? A. Chủ nghĩa duy tâm chủ quan. B. Chủ nghĩa duy tâm khác quan. C. Chủ nghĩa duy vật. D. Khác. Đáp án đúng: C. Giải thích:
mcq_triet_22,22,"Triết học bao gồm quan điểm chung nhất, những sự lý giải có luận chứng cho các câu hỏi chung của con người, nên triết học bao gồm toàn bộ tri thức của nhân loại. Kết luận trên ứng với triết học thời kỳ nào? Chọn câu trả lời đúng:",Triết học cổ đại.,Triết học Phục Hưng.,Triết học Trung cổ Tây Âu.,Triết học Mác – Lênin.,A,,,"Loại: Trắc nghiệm triết học; Phần: ; Câu 22: Triết học bao gồm quan điểm chung nhất, những sự lý giải có luận chứng cho các câu hỏi chung của con người, nên triết học bao gồm toàn bộ tri thức của nhân loại. Kết luận trên ứng với triết học thời kỳ nào? Chọn câu trả lời đúng: A. Triết học cổ đại. B. Triết học Phục Hưng. C. Triết học Trung cổ Tây Âu. D. Triết học Mác – Lênin. Đáp án đúng: A. Giải thích:"
mcq_triet_23,23,“Triết học Mác – Lênin là khoa học của mọi khoa học”.,Thế giới thống nhất ở tính tồn tại của nó.,Thế giới thống nhất ở nguồn gốc tính thần.,Thế giới thống nhất ở tính vật chất.,Thế giới thống nhất ở sự suy nghĩ về nó như là cái thống nhất.,B,6 Câu 24: Xác định quan điểm duy vật biện chứng trong số luận điểm sau: A. Thế giới thống nhất ở tính tồn tại của nó. B. Thế giới thống nhất ở nguồn gốc tính thần. C. Thế giới thống nhất ở tính vật chất. D. Thế giới thống nhất ở sự suy nghĩ về nó như là cái thống nhất. Đáp án: C là đáp án đúng,,Loại: Trắc nghiệm triết học; Phần: ; Câu 23: “Triết học Mác – Lênin là khoa học của mọi khoa học”. A. Thế giới thống nhất ở tính tồn tại của nó. B. Thế giới thống nhất ở nguồn gốc tính thần. C. Thế giới thống nhất ở tính vật chất. D. Thế giới thống nhất ở sự suy nghĩ về nó như là cái thống nhất. Đáp án đúng: B. Giải thích: 6 Câu 24: Xác định quan điểm duy vật biện chứng trong số luận điểm sau: A. Thế giới thống nhất ở tính tồn tại của nó. B. Thế giới thống nhất ở nguồn gốc tính thần. C. Thế giới thống nhất ở tính vật chất. D. Thế giới thống nhất ở sự suy nghĩ về nó như là cái thống nhất. Đáp án: C là đáp án đúng
mcq_triet_25,25,Việc thừa nhận hay không thừa nhận tính thống nhất của thế giới có phải là sự khác nhau căn bản giữa chủ nghĩa duy vật và chủ nghĩa duy tâm hay không?,Có.,Không.,Khác.,,B,,,Loại: Trắc nghiệm triết học; Phần: ; Câu 25: Việc thừa nhận hay không thừa nhận tính thống nhất của thế giới có phải là sự khác nhau căn bản giữa chủ nghĩa duy vật và chủ nghĩa duy tâm hay không? A. Có. B. Không. C. Khác. D.  Đáp án đúng: B. Giải thích:
mcq_triet_26,26,Điểm chung trong quan niệm của các nhà triết học duy vật thời kỳ cổ đại về vật chất là:,Đồng nhất vật chất với vật thể cụ thể cảm tính.,Đồng nhất vật chất với thuộc tính phổ biến của vật thể.,Đồng nhất vật chất với nguyên tử.,Đồng nhất vật chất với thực tại khách quan.,A,",B là đáp án đúng",,"Loại: Trắc nghiệm triết học; Phần: ; Câu 26: Điểm chung trong quan niệm của các nhà triết học duy vật thời kỳ cổ đại về vật chất là: A. Đồng nhất vật chất với vật thể cụ thể cảm tính. B. Đồng nhất vật chất với thuộc tính phổ biến của vật thể. C. Đồng nhất vật chất với nguyên tử. D. Đồng nhất vật chất với thực tại khách quan. Đáp án đúng: A. Giải thích: ,B là đáp án đúng"
mcq_triet_27,27,Tính đúng đắn trong quan niệm về vật chất của các nhà triết học duy vật thời kỳ cổ đại là:,Xuất phát từ thế giới vật chất để khái quát quan niệm về vật chất.,Xuất phát từ kinh nghiệm thực tiễn.,Xuất phát từ tư duy.,Ý kiến khác.,A,",B là đáp án đúng",,"Loại: Trắc nghiệm triết học; Phần: ; Câu 27: Tính đúng đắn trong quan niệm về vật chất của các nhà triết học duy vật thời kỳ cổ đại là: A. Xuất phát từ thế giới vật chất để khái quát quan niệm về vật chất. B. Xuất phát từ kinh nghiệm thực tiễn. C. Xuất phát từ tư duy. D. Ý kiến khác. Đáp án đúng: A. Giải thích: ,B là đáp án đúng"
mcq_triet_28,28,"Khi khoa học tự nhiên phát hiện ra tia X, ra hiện tượng phóng xạ, ra điện tử là một thành phần cấu tạo nên nguyên tử. Theo V.I.Lênin điều đó chứng tỏ gì?","Có, vì….","Không, vì…",Giới hạn hiểu biết trước đây của chúng ta về vật chất mất đi.,Vật chất có tồn tại thực sự nhưng không thể nhận thức được.,C,"7 Câu 29: Khi nhận thức được (phát hiện được) cấu trúc của nguyên tử thì có làm cho nguyên tử mất đi không? A. Có, vì…. B. Không, vì… Đáp án: B là đáp án đúng",,"Loại: Trắc nghiệm triết học; Phần: ; Câu 28: Khi khoa học tự nhiên phát hiện ra tia X, ra hiện tượng phóng xạ, ra điện tử là một thành phần cấu tạo nên nguyên tử. Theo V.I.Lênin điều đó chứng tỏ gì? A. Có, vì…. B. Không, vì… C. Giới hạn hiểu biết trước đây của chúng ta về vật chất mất đi. D. Vật chất có tồn tại thực sự nhưng không thể nhận thức được. Đáp án đúng: C. Giải thích: 7 Câu 29: Khi nhận thức được (phát hiện được) cấu trúc của nguyên tử thì có làm cho nguyên tử mất đi không? A. Có, vì…. B. Không, vì… Đáp án: B là đáp án đúng"
mcq_triet_30,30,Theo quan niệm của chủ nghĩa duy vật biến chứng thì chân không có phải là tồn tại vật chất không? Vì sao?,Có,Không,,,A,,,Loại: Trắc nghiệm triết học; Phần: ; Câu 30: Theo quan niệm của chủ nghĩa duy vật biến chứng thì chân không có phải là tồn tại vật chất không? Vì sao? A. Có B. Không C.  D.  Đáp án đúng: A. Giải thích:
mcq_triet_31,31,Theo quan niệm của chủ nghĩa duy vật biện chứng thì vật thể có là vật chất không? Theo nghĩa nào?,Có,Không,,,A,,,Loại: Trắc nghiệm triết học; Phần: ; Câu 31: Theo quan niệm của chủ nghĩa duy vật biện chứng thì vật thể có là vật chất không? Theo nghĩa nào? A. Có B. Không C.  D.  Đáp án đúng: A. Giải thích:
mcq_triet_32,32,Chủ nghĩa duy vật biện chứng có cho khái niệm vật chất đồng nhất với khái niệm vật thể không?,Có,Không,,,B,,,Loại: Trắc nghiệm triết học; Phần: ; Câu 32: Chủ nghĩa duy vật biện chứng có cho khái niệm vật chất đồng nhất với khái niệm vật thể không? A. Có B. Không C.  D.  Đáp án đúng: B. Giải thích:
mcq_triet_33,33,Những phát minh của vật lý học cận đại đã bác bỏ khuynh hướng triết học nào?,Duy vật chất phác.,Duy vật siêu hình.,Duy vật biện chứng.,Duy vật chất phác và duy vật siêu hình.,D,,,Loại: Trắc nghiệm triết học; Phần: ; Câu 33: Những phát minh của vật lý học cận đại đã bác bỏ khuynh hướng triết học nào? A. Duy vật chất phác. B. Duy vật siêu hình. C. Duy vật biện chứng. D. Duy vật chất phác và duy vật siêu hình. Đáp án đúng: D. Giải thích:
mcq_triet_34,34,Có thể coi trường và hạt cơ bản là giới hạn cuối cũng của cấu tạo vật chất vật lý được không? Vì sao?,Có,Không,,,B,,,Loại: Trắc nghiệm triết học; Phần: ; Câu 34: Có thể coi trường và hạt cơ bản là giới hạn cuối cũng của cấu tạo vật chất vật lý được không? Vì sao? A. Có B. Không C.  D.  Đáp án đúng: B. Giải thích:
mcq_triet_35,35,"Khái niệm trung tâm mà V.I.Lênin sử dụng để định nghĩa về vật chất là khái niệm nào? 8 A. Phạm trù triết học. B. Thực tại khách quan. C. Cảm giác. D. Phản ánh. Đáp án: B là đáp án đúng Câu 36: Trong định nghĩa về vật chất của mình, V.I.Lênin cho thuộc tính chung nhất của vật chất là:",Tự vận động.,Cùng tồn tại.,Đều có khả năng phản ánh.,"Tồn tại khách quan bên ngoài ý thức, không lệ thuộc vào cảm giác.",B,,,"Loại: Trắc nghiệm triết học; Phần: ; Câu 35: Khái niệm trung tâm mà V.I.Lênin sử dụng để định nghĩa về vật chất là khái niệm nào? 8 A. Phạm trù triết học. B. Thực tại khách quan. C. Cảm giác. D. Phản ánh. Đáp án: B là đáp án đúng Câu 36: Trong định nghĩa về vật chất của mình, V.I.Lênin cho thuộc tính chung nhất của vật chất là: A. Tự vận động. B. Cùng tồn tại. C. Đều có khả năng phản ánh. D. Tồn tại khách quan bên ngoài ý thức, không lệ thuộc vào cảm giác. Đáp án đúng: B. Giải thích:"
mcq_triet_37,37,Xác định mệnh đề sai:,Vật thể không phải là vật chất.,Vật chất không phải chỉ là một dạng tồn tại là vật thể.,Vật thể là dạng cụ thể của vật chất.,Vật chất tồn tại thông qua những dạng cụ thể của nó.,A,,,Loại: Trắc nghiệm triết học; Phần: ; Câu 37: Xác định mệnh đề sai: A. Vật thể không phải là vật chất. B. Vật chất không phải chỉ là một dạng tồn tại là vật thể. C. Vật thể là dạng cụ thể của vật chất. D. Vật chất tồn tại thông qua những dạng cụ thể của nó. Đáp án đúng: A. Giải thích:
mcq_triet_38,38,Xác định mệnh đề đúng theo quan điểm duy vật biện chứng.,"Phản điện tử, phản hạt nhân là phi vật chất.","Phản điện tử, phản hạt nhân là thực tại khách quan, là dạng cụ thể của vật chất.",Phản vật chất là sự tưởng tượng thuần túy của các nhà vật lý học.,Phản vật chất không phải là vật chất.,B,,,"Loại: Trắc nghiệm triết học; Phần: ; Câu 38: Xác định mệnh đề đúng theo quan điểm duy vật biện chứng. A. Phản điện tử, phản hạt nhân là phi vật chất. B. Phản điện tử, phản hạt nhân là thực tại khách quan, là dạng cụ thể của vật chất. C. Phản vật chất là sự tưởng tượng thuần túy của các nhà vật lý học. D. Phản vật chất không phải là vật chất. Đáp án đúng: B. Giải thích:"
mcq_triet_39,39,Xác định mệnh đề đúng:,Vận động tồn tại trước rồi sinh ra vật chất.,Vật chất tồn tại rồi mới vận động phát triển.,Không có vận động ngoài vật chất.,Không có vật chất không vận động.,C,",D là đáp án đúng",,"Loại: Trắc nghiệm triết học; Phần: ; Câu 39: Xác định mệnh đề đúng: A. Vận động tồn tại trước rồi sinh ra vật chất. B. Vật chất tồn tại rồi mới vận động phát triển. C. Không có vận động ngoài vật chất. D. Không có vật chất không vận động. Đáp án đúng: C. Giải thích: ,D là đáp án đúng"
mcq_triet_40,40,Sai lầm của các các nhà triết học cổ đại trong quan niệm về vật chất:,"Đồng nhất vật chất với một số dạng vật thể cụ thể, cảm tính. 9 B. Vật chất là tất cả cái tồn tại khách quan.",,Vật chất là cái có thể nhận thức được.,Vật chất tự thân vận động.,A,,,"Loại: Trắc nghiệm triết học; Phần: ; Câu 40: Sai lầm của các các nhà triết học cổ đại trong quan niệm về vật chất: A. Đồng nhất vật chất với một số dạng vật thể cụ thể, cảm tính. 9 B. Vật chất là tất cả cái tồn tại khách quan. B.  C. Vật chất là cái có thể nhận thức được. D. Vật chất tự thân vận động. Đáp án đúng: A. Giải thích:"
mcq_triet_41,41,Hãy chỉ ra sai lầm của các nhà triết học thế kỷ XVII -XVIII trong quan niệm về vật chất.,Đồng nhất vật chất với vật thể.,Đồng nhất vật chất với một số tính chất phổ biến của vật thể.,Vật chất là cái có thể nhận thức được.,Vật chất biểu hiện qua không gian và thời gian.,A,",B là đáp án đúng",,"Loại: Trắc nghiệm triết học; Phần: ; Câu 41: Hãy chỉ ra sai lầm của các nhà triết học thế kỷ XVII -XVIII trong quan niệm về vật chất. A. Đồng nhất vật chất với vật thể. B. Đồng nhất vật chất với một số tính chất phổ biến của vật thể. C. Vật chất là cái có thể nhận thức được. D. Vật chất biểu hiện qua không gian và thời gian. Đáp án đúng: A. Giải thích: ,B là đáp án đúng"
mcq_triet_42,42,Tồn tại khách quan là tồn tại như thế nào?,"Tồn tại bên ngoài ý thức của con người, không phụ thuộc vào ý thức của con người, độc lập vào ý thức của con người.",Được ý thức của con người phản ánh.,Tồn tại không thể nhận thức được.,Cả A và B.,D,,,"Loại: Trắc nghiệm triết học; Phần: ; Câu 42: Tồn tại khách quan là tồn tại như thế nào? A. Tồn tại bên ngoài ý thức của con người, không phụ thuộc vào ý thức của con người, độc lập vào ý thức của con người. B. Được ý thức của con người phản ánh. C. Tồn tại không thể nhận thức được. D. Cả A và B. Đáp án đúng: D. Giải thích:"
mcq_triet_43,43,Mệnh đề nào đúng?,Vật chất là cái tồn tại.,Vật chất là cái không tồn tại.,Vật chất là cái tồn tại khách quan.,,C,,,Loại: Trắc nghiệm triết học; Phần: ; Câu 43: Mệnh đề nào đúng? A. Vật chất là cái tồn tại. B. Vật chất là cái không tồn tại. C. Vật chất là cái tồn tại khách quan. D.  Đáp án đúng: C. Giải thích:
mcq_triet_44,44,Hãy sắp xếp các mệnh đề sau cho đúng trật tự logic trong ý nghĩa của định nghĩa vật chất của V.I.Lênin:,(1)-(2)-(3),(3)-(2)-(1),(2)-(3)-(1),(2)-(1)-(3),D,,,Loại: Trắc nghiệm triết học; Phần: ; Câu 44: Hãy sắp xếp các mệnh đề sau cho đúng trật tự logic trong ý nghĩa của định nghĩa vật chất của V.I.Lênin: A. (1)-(2)-(3) B. (3)-(2)-(1) C. (2)-(3)-(1) D. (2)-(1)-(3) Đáp án đúng: D. Giải thích:
mcq_triet_45,45,Khi nói vật chất tự thân vận động là muốn nói:,"Do kết quả sự tác động lẫn nhau giữa các yếu tố, các bộ phận tạo nên sự vật.",Do nguyên nhân vốn có của vật chất. 10 C. Cả A và B,,,C,,,"Loại: Trắc nghiệm triết học; Phần: ; Câu 45: Khi nói vật chất tự thân vận động là muốn nói: A. Do kết quả sự tác động lẫn nhau giữa các yếu tố, các bộ phận tạo nên sự vật. B. Do nguyên nhân vốn có của vật chất. 10 C. Cả A và B C.  D.  Đáp án đúng: C. Giải thích:"
mcq_triet_46,46,"Bản chất của thế giới là vật chất, thế giới thống nhất ở tính vật chất. Điều đó thể hiện ở chỗ:",Chỉ có một thế giới duy nhất là thế giới vật chất.,"Tất cả mọi sự vật, hiện tượng của thế giới chỉ là những hình thức biếu hiện đa dạng của vật chất với những mối liên hệ vật chất và tuân theo quy luật khách quan.","Thế giới vật chất tồn tại vĩnh viễn, vô hạn và vô tận.","Thể hiện ở cả A, B, C.",D,,,"Loại: Trắc nghiệm triết học; Phần: ; Câu 46: Bản chất của thế giới là vật chất, thế giới thống nhất ở tính vật chất. Điều đó thể hiện ở chỗ: A. Chỉ có một thế giới duy nhất là thế giới vật chất. B. Tất cả mọi sự vật, hiện tượng của thế giới chỉ là những hình thức biếu hiện đa dạng của vật chất với những mối liên hệ vật chất và tuân theo quy luật khách quan. C. Thế giới vật chất tồn tại vĩnh viễn, vô hạn và vô tận. D. Thể hiện ở cả A, B, C. Đáp án đúng: D. Giải thích:"
mcq_triet_47,47,"Theo Ph. Angghen, tính thống nhất vật chất của thế giới được chứng minh bởi:",Thực tiễn lịch sử.,Thực tiễn cách mạng.,Sự phát triển lâu dài của khoa học.,Sự phát triển lâu dài và khó khăn của triết học và khoa học tự nhiên.,D,,,"Loại: Trắc nghiệm triết học; Phần: ; Câu 47: Theo Ph. Angghen, tính thống nhất vật chất của thế giới được chứng minh bởi: A. Thực tiễn lịch sử. B. Thực tiễn cách mạng. C. Sự phát triển lâu dài của khoa học. D. Sự phát triển lâu dài và khó khăn của triết học và khoa học tự nhiên. Đáp án đúng: D. Giải thích:"
mcq_triet_48,48,Trung tâm định nghĩa vật chất của V.I.Lê nin là cụm từ nào?,Thực tại khách quan.,Phạm trù triết học.,Được đem lại cho con người trong cảm giác.,Không lệ thuộc vào cảm giác.,A,,,Loại: Trắc nghiệm triết học; Phần: ; Câu 48: Trung tâm định nghĩa vật chất của V.I.Lê nin là cụm từ nào? A. Thực tại khách quan. B. Phạm trù triết học. C. Được đem lại cho con người trong cảm giác. D. Không lệ thuộc vào cảm giác. Đáp án đúng: A. Giải thích:
mcq_triet_49,49,Thuộc tính cơ bản nhất của vật chất nhờ đó phân biệt vật chất với ý thức đả được V.I.Lê nin xác định trong định nghĩa vật chất là thuộc tính:,Tồn tại.,Tồn tại khách quan.,Có thể nhận thức được.,Tính đa dạng.,B,,,Loại: Trắc nghiệm triết học; Phần: ; Câu 49: Thuộc tính cơ bản nhất của vật chất nhờ đó phân biệt vật chất với ý thức đả được V.I.Lê nin xác định trong định nghĩa vật chất là thuộc tính: A. Tồn tại. B. Tồn tại khách quan. C. Có thể nhận thức được. D. Tính đa dạng. Đáp án đúng: B. Giải thích:
mcq_triet_50,50,Về mặt nhận thức luận thì khái niệm vật chất không có ý nghĩa gì khác mà chính là:,Tồn tại khách quan.,Thực tại khách quan tồn tại độc lập với ý thức con người. 11 C. Được ý thức con người phản ánh.,,Tồn tại thực sự.,B,",C là đáp án đúng",,"Loại: Trắc nghiệm triết học; Phần: ; Câu 50: Về mặt nhận thức luận thì khái niệm vật chất không có ý nghĩa gì khác mà chính là: A. Tồn tại khách quan. B. Thực tại khách quan tồn tại độc lập với ý thức con người. 11 C. Được ý thức con người phản ánh. C.  D. Tồn tại thực sự. Đáp án đúng: B. Giải thích: ,C là đáp án đúng"
mcq_triet_51,51,Xác định nội dung cơ bản trong định nghĩa của V.I.Lê nin về vật chất:,Thực tại khách quan.,Thực tại khách quan tồn tại độc lập với cảm giác.,Thực tại khách quan – tồn tại độc lập với ý thức và khi tác động đến giác quan con người thì có thể sinh ra cảm giác.,Tồn tại khách quan nhưng không thể nhận biết ra nó vì thực tại đó là một sự trừu tượng của tư duy.,C,,,Loại: Trắc nghiệm triết học; Phần: ; Câu 51: Xác định nội dung cơ bản trong định nghĩa của V.I.Lê nin về vật chất: A. Thực tại khách quan. B. Thực tại khách quan tồn tại độc lập với cảm giác. C. Thực tại khách quan – tồn tại độc lập với ý thức và khi tác động đến giác quan con người thì có thể sinh ra cảm giác. D. Tồn tại khách quan nhưng không thể nhận biết ra nó vì thực tại đó là một sự trừu tượng của tư duy. Đáp án đúng: C. Giải thích:
mcq_triet_52,52,Hạn chế trong quan niệm của các nhà triết học duy vật thời cận đại Tây Âu là ở chỗ:,Coi vận động của vật chất là vận động cơ giới.,Coi vận động là thuộc tính vốn có của vật thể.,Coi vận động là phương thức tồn tại của vật chất.,"Cả A, B, C.",A,,,"Loại: Trắc nghiệm triết học; Phần: ; Câu 52: Hạn chế trong quan niệm của các nhà triết học duy vật thời cận đại Tây Âu là ở chỗ: A. Coi vận động của vật chất là vận động cơ giới. B. Coi vận động là thuộc tính vốn có của vật thể. C. Coi vận động là phương thức tồn tại của vật chất. D. Cả A, B, C. Đáp án đúng: A. Giải thích:"
mcq_triet_53,53,Hai mệnh đề “Vận động là thuộc tính cố hữu của vật chất” và “Vận động là phương thức tồn tại của vật chất” được hiểu là:,Vật chất tồn tại bằng cách vận động.,"Vật chất biểu hiện sự tồn tại cụ thể, đa dạng thông qua vận động.",Không thể có vận động phi vật chất cũng như không th ể có vật chất không vận động.,"Cả A, B, C.",D,,,"Loại: Trắc nghiệm triết học; Phần: ; Câu 53: Hai mệnh đề “Vận động là thuộc tính cố hữu của vật chất” và “Vận động là phương thức tồn tại của vật chất” được hiểu là: A. Vật chất tồn tại bằng cách vận động. B. Vật chất biểu hiện sự tồn tại cụ thể, đa dạng thông qua vận động. C. Không thể có vận động phi vật chất cũng như không th ể có vật chất không vận động. D. Cả A, B, C. Đáp án đúng: D. Giải thích:"
mcq_triet_54,54,"Nếu không thể thừa nhận vật chất tự thân vận động thì nhất định quan điểm duy tâm về nguồn gốc của vận động của vật chất, vì:",Sẽ phải thừa nhận nguyên nhân của vật chất là từ ý thức.,Sẽ phải thừa nhận nguyên nhân cuối cùng của mọi vận động vật chất là từ ý thức.,Sẽ phải thừa nhận vật chất không vận động.,Sẽ phải thừa nhận nguyên nhân vận động của vật chất là từ Thư ợng Đế.,B,,,"Loại: Trắc nghiệm triết học; Phần: ; Câu 54: Nếu không thể thừa nhận vật chất tự thân vận động thì nhất định quan điểm duy tâm về nguồn gốc của vận động của vật chất, vì: A. Sẽ phải thừa nhận nguyên nhân của vật chất là từ ý thức. B. Sẽ phải thừa nhận nguyên nhân cuối cùng của mọi vận động vật chất là từ ý thức. C. Sẽ phải thừa nhận vật chất không vận động. D. Sẽ phải thừa nhận nguyên nhân vận động của vật chất là từ Thư ợng Đế. Đáp án đúng: B. Giải thích:"
mcq_triet_55,55,"Lựa chọn mệnh đề phát biểu đúng trong số các mệnh đề được liệt kê sau đây: 12 A. Thế giới vật chất có 5 hình th ức vận động. B. Các hình thức vận động của vật chất tồn tại độc lập với nhau. C. Các hình thức vận động của vật chất có thể chuy ển hóa lẫn nhau. D. Giữa các hình thức vận động của vật chất có tồn tại hình thức vận động trung gian. Đáp án: C,D là đáp án đúng Câu 56: Lựa chọn mệnh đề đúng trong số các mệnh đề được liệt kê dưới đây:",Mỗi sự vật chỉ có một hình thức vận động.,Trong một sự vật có thể tồn tại nhiều hình thức vận động.,Mỗi sự vật thường được đặc trưng bởi một hình thức vận động cao nhất mà nó có.,Hình thức vận động cao hơn có thể bao hàm trong nó những hình thức vận động th ấp hơn.,C,",D là đáp án đúng",,"Loại: Trắc nghiệm triết học; Phần: ; Câu 55: Lựa chọn mệnh đề phát biểu đúng trong số các mệnh đề được liệt kê sau đây: 12 A. Thế giới vật chất có 5 hình th ức vận động. B. Các hình thức vận động của vật chất tồn tại độc lập với nhau. C. Các hình thức vận động của vật chất có thể chuy ển hóa lẫn nhau. D. Giữa các hình thức vận động của vật chất có tồn tại hình thức vận động trung gian. Đáp án: C,D là đáp án đúng Câu 56: Lựa chọn mệnh đề đúng trong số các mệnh đề được liệt kê dưới đây: A. Mỗi sự vật chỉ có một hình thức vận động. B. Trong một sự vật có thể tồn tại nhiều hình thức vận động. C. Mỗi sự vật thường được đặc trưng bởi một hình thức vận động cao nhất mà nó có. D. Hình thức vận động cao hơn có thể bao hàm trong nó những hình thức vận động th ấp hơn. Đáp án đúng: C. Giải thích: ,D là đáp án đúng"
mcq_triet_57,57,Đứng im là:,Tuyệt đối.,Tương đối.,Vừa tuyệt đối vừa tương đối.,Không có câu trả lời đúng.,B,,,Loại: Trắc nghiệm triết học; Phần: ; Câu 57: Đứng im là: A. Tuyệt đối. B. Tương đối. C. Vừa tuyệt đối vừa tương đối. D. Không có câu trả lời đúng. Đáp án đúng: B. Giải thích:
mcq_triet_58,58,Không gian và th ời gian:,"Không gian là hình th ức tồn tại của vật chất, còn thời gian là phương thức tồn tại của vật chất.","Không gian là phương th ức tồn tại của vật chất, còn thời gian là hình th ức tồn tại của vật chất.",Không gian và thời gian là những hình th ức cơ b ản của tồn tại vật chất.,Không gian và th ời gian là nh ững phương thức cơ b ản của tồn tại vật chất.,C,,,"Loại: Trắc nghiệm triết học; Phần: ; Câu 58: Không gian và th ời gian: A. Không gian là hình th ức tồn tại của vật chất, còn thời gian là phương thức tồn tại của vật chất. B. Không gian là phương th ức tồn tại của vật chất, còn thời gian là hình th ức tồn tại của vật chất. C. Không gian và thời gian là những hình th ức cơ b ản của tồn tại vật chất. D. Không gian và th ời gian là nh ững phương thức cơ b ản của tồn tại vật chất. Đáp án đúng: C. Giải thích:"
mcq_triet_59,59,"Theo quan đi ểm của tri ết học Mác – Lê nin, thu ộc tính ph ản ánh là thu ộc tính:",Riêng có ở con người.,Chỉ có ở các cơ th ể sống.,Chỉ có ở vật chất vô cơ.,Phổ biến ở mọi tố chức vật chất.,D,,,"Loại: Trắc nghiệm triết học; Phần: ; Câu 59: Theo quan đi ểm của tri ết học Mác – Lê nin, thu ộc tính ph ản ánh là thu ộc tính: A. Riêng có ở con người. B. Chỉ có ở các cơ th ể sống. C. Chỉ có ở vật chất vô cơ. D. Phổ biến ở mọi tố chức vật chất. Đáp án đúng: D. Giải thích:"
mcq_triet_60,60,Sự tiến hóa c ủa các hình th ức ph ản ánh c ủa vật:,Quá trình ti ến hóa – phát tri ển của các d ạng v ật chất giới tự nhiên.,Quá trình ti ến hóa – phát tri ển của các gi ống loài sinh v ật. 13 C. Quá trình ti ến hóa – phát tri ển của thế giới.,,"Cả A, B, C .",A,,,"Loại: Trắc nghiệm triết học; Phần: ; Câu 60: Sự tiến hóa c ủa các hình th ức ph ản ánh c ủa vật: A. Quá trình ti ến hóa – phát tri ển của các d ạng v ật chất giới tự nhiên. B. Quá trình ti ến hóa – phát tri ển của các gi ống loài sinh v ật. 13 C. Quá trình ti ến hóa – phát tri ển của thế giới. C.  D. Cả A, B, C . Đáp án đúng: A. Giải thích:"
mcq_triet_61,61,Khái quát ngu ồn gốc tự nhiên c ủa ý th ức:,Ngu ồn gốc tự nhiên và ngôn ngữ.,Ngu ồn gốc tự nhiên và xã h ội.,Ngu ồn gốc lịch sử – xã h ội và ho ạt động của bộ não con người.,Cả B và C .,B,,,Loại: Trắc nghiệm triết học; Phần: ; Câu 61: Khái quát ngu ồn gốc tự nhiên c ủa ý th ức: A. Ngu ồn gốc tự nhiên và ngôn ngữ. B. Ngu ồn gốc tự nhiên và xã h ội. C. Ngu ồn gốc lịch sử – xã h ội và ho ạt động của bộ não con người. D. Cả B và C . Đáp án đúng: B. Giải thích:
mcq_triet_62,62,"Nhân t ố cơ b ản, tr ực tiếp tạo thành ngu ồn gốc xã h ội của ý th ức:",Lao đ ộng và ngôn ngữ.,Lao đ ộng trí óc và lao đ ộng chân tay .,Thực tiễn kinh tế và lao đ ộng.,Lao đ ộng và nghiên c ứu khoa h ọc.,A,,,"Loại: Trắc nghiệm triết học; Phần: ; Câu 62: Nhân t ố cơ b ản, tr ực tiếp tạo thành ngu ồn gốc xã h ội của ý th ức: A. Lao đ ộng và ngôn ngữ. B. Lao đ ộng trí óc và lao đ ộng chân tay . C. Thực tiễn kinh tế và lao đ ộng. D. Lao đ ộng và nghiên c ứu khoa h ọc. Đáp án đúng: A. Giải thích:"
mcq_triet_63,63,Nguồn gốc xã hội trực tiếp và quan trọng nhất quyết định sự ra đời và phát triển của ý thức là:,Lao động trí óc.,Thực tiễn.,Giáo dục.,Nghiên cứu khoa học.,B,,,Loại: Trắc nghiệm triết học; Phần: ; Câu 63: Nguồn gốc xã hội trực tiếp và quan trọng nhất quyết định sự ra đời và phát triển của ý thức là: A. Lao động trí óc. B. Thực tiễn. C. Giáo dục. D. Nghiên cứu khoa học. Đáp án đúng: B. Giải thích:
mcq_triet_64,64,Ngôn ngữ đóng vai trò là:,“Cái vỏ vật chất” của ý thức.,Nội dung của ý thức.,Nội dung trung tâm của ý thức.,"Cả a, b, c.",A,,,"Loại: Trắc nghiệm triết học; Phần: ; Câu 64: Ngôn ngữ đóng vai trò là: A. “Cái vỏ vật chất” của ý thức. B. Nội dung của ý thức. C. Nội dung trung tâm của ý thức. D. Cả a, b, c. Đáp án đúng: A. Giải thích:"
mcq_triet_65,65,Theo quan điểm của triết học Mác – Lê nin: ý thức là:,Một dạng tồn tại của vật chất.,Dạng vật chất đặc biệt mà người ta không thể dùng giác quan trực tiếp để cảm nhận.,"Sự phản ánh tinh thần của con người về thế giới. 14 D. Cả A, B, C .",,C,,,"Loại: Trắc nghiệm triết học; Phần: ; Câu 65: Theo quan điểm của triết học Mác – Lê nin: ý thức là: A. Một dạng tồn tại của vật chất. B. Dạng vật chất đặc biệt mà người ta không thể dùng giác quan trực tiếp để cảm nhận. C. Sự phản ánh tinh thần của con người về thế giới. 14 D. Cả A, B, C . D.  Đáp án đúng: C. Giải thích:"
mcq_triet_66,66,Chọn từ phù hợp điền vào câu sau cho đúng với quan điểm duy vật biện chứng: “Ý thức chẳng qua là…. được di chuyển vào bộ óc con người và được cải biến ở trong đó”.,Vật chất.,Cái vật chất.,Vật thể.,Thông tin .,B,,,Loại: Trắc nghiệm triết học; Phần: ; Câu 66: Chọn từ phù hợp điền vào câu sau cho đúng với quan điểm duy vật biện chứng: “Ý thức chẳng qua là…. được di chuyển vào bộ óc con người và được cải biến ở trong đó”. A. Vật chất. B. Cái vật chất. C. Vật thể. D. Thông tin . Đáp án đúng: B. Giải thích:
mcq_triet_67,67,Bản chất của ý thức được thể hiện ở đặc trưng nào?,Tính phi cảm giác,Tính sáng tạo,Tính xã hội,"Cả A, B, C",D,,,"Loại: Trắc nghiệm triết học; Phần: ; Câu 67: Bản chất của ý thức được thể hiện ở đặc trưng nào? A. Tính phi cảm giác B. Tính sáng tạo C. Tính xã hội D. Cả A, B, C Đáp án đúng: D. Giải thích:"
mcq_triet_68,68,Ý thức:,Có thể sáng tạo ra thế giới khách quan.,Không thể sáng tạo ra thế giới khách quan.,Có thể sáng tạo ra thế giới khách quan thông qua thực tiễn.,Không có ý kiến đúng.,C,,,Loại: Trắc nghiệm triết học; Phần: ; Câu 68: Ý thức: A. Có thể sáng tạo ra thế giới khách quan. B. Không thể sáng tạo ra thế giới khách quan. C. Có thể sáng tạo ra thế giới khách quan thông qua thực tiễn. D. Không có ý kiến đúng. Đáp án đúng: C. Giải thích:
mcq_triet_69,69,Tri thức đóng vai trò là:,Nội dung cơ bản của ý thức.,Phương thức tồn tại của ý thức,Cả A và B,Không có ý kiến đúng.,C,,,Loại: Trắc nghiệm triết học; Phần: ; Câu 69: Tri thức đóng vai trò là: A. Nội dung cơ bản của ý thức. B. Phương thức tồn tại của ý thức C. Cả A và B D. Không có ý kiến đúng. Đáp án đúng: C. Giải thích:
mcq_triet_70,70,Mối quan h ệ biện ch ứng gi ữa vật chất và ý th ức đư ợc thực hiện thông qua:,Sự suy nghĩ của con người.,Hoạt động thực tiễn,Hoạt động lý luận.,"Cả A, B, C. 15 Đáp án: B là đáp án đúng",,,,"Loại: Trắc nghiệm triết học; Phần: ; Câu 70: Mối quan h ệ biện ch ứng gi ữa vật chất và ý th ức đư ợc thực hiện thông qua: A. Sự suy nghĩ của con người. B. Hoạt động thực tiễn C. Hoạt động lý luận. D. Cả A, B, C. 15 Đáp án: B là đáp án đúng Đáp án đúng: . Giải thích:"
mcq_triet_71,71,Sự thông thái của con người:,Được thể hiện nhiều hơn trong hoạt động nghiên cứu lý luận.,Được thể hiện nhiều hơn trong hoạt động thực tiễn.,Được thể hiện nhiều hơn trong hoạt động lý luận.,Được thể hiện nhiều hơn trong hoạt động thực tiễn.,D,,,Loại: Trắc nghiệm triết học; Phần: ; Câu 71: Sự thông thái của con người: A. Được thể hiện nhiều hơn trong hoạt động nghiên cứu lý luận. B. Được thể hiện nhiều hơn trong hoạt động thực tiễn. C. Được thể hiện nhiều hơn trong hoạt động lý luận. D. Được thể hiện nhiều hơn trong hoạt động thực tiễn. Đáp án đúng: D. Giải thích:
mcq_triet_72,72,Phương pháp lu ận chung c ủa ch ủ nghĩa duy v ật là trong nh ận thức và th ực tiễn cần:,Xuất phát từ thực tế khách quan.,Phát huy năng động chủ quan.,Xuất phát từ thực tế khách quan đồng thời phát huy năng động chủ quan.,Phát huy năng động chủ quan trên cơ sở tôn trọng thực tế khách quan .,A,,,Loại: Trắc nghiệm triết học; Phần: ; Câu 72: Phương pháp lu ận chung c ủa ch ủ nghĩa duy v ật là trong nh ận thức và th ực tiễn cần: A. Xuất phát từ thực tế khách quan. B. Phát huy năng động chủ quan. C. Xuất phát từ thực tế khách quan đồng thời phát huy năng động chủ quan. D. Phát huy năng động chủ quan trên cơ sở tôn trọng thực tế khách quan . Đáp án đúng: A. Giải thích:
mcq_triet_73,73,Để phát huy vai trò tích c ực của ý th ức trong th ực tiễn cần ph ải:,Có ý thức phản ánh đúng thực tại khách quan.,Có một tư tưởng sáng tạo.,Ý thức phải được vật chất hoá trong thực tiễn.,Cả 3 phương án trên .,D,,,Loại: Trắc nghiệm triết học; Phần: ; Câu 73: Để phát huy vai trò tích c ực của ý th ức trong th ực tiễn cần ph ải: A. Có ý thức phản ánh đúng thực tại khách quan. B. Có một tư tưởng sáng tạo. C. Ý thức phải được vật chất hoá trong thực tiễn. D. Cả 3 phương án trên . Đáp án đúng: D. Giải thích:
mcq_triet_74,74,"Theo quan đi ểm duy v ật biện ch ứng, trong nh ận th ức và th ực tiễn cần:",Phát huy tính năng động chủ quan.,Xuất phát từ thực tế khách quan.,Cả A và B,Không có phương án đúng.,C,,,"Loại: Trắc nghiệm triết học; Phần: ; Câu 74: Theo quan đi ểm duy v ật biện ch ứng, trong nh ận th ức và th ực tiễn cần: A. Phát huy tính năng động chủ quan. B. Xuất phát từ thực tế khách quan. C. Cả A và B D. Không có phương án đúng. Đáp án đúng: C. Giải thích:"
mcq_triet_75,75,Đặc điểm ch ủ yếu của phép bi ện ch ứng trong tri ết học Hy L ạp là:,Tính chất duy tâm.,"Tính chất duy vật, chưa triệt để.","Tính chất tự phát, mộc mạc, ngây thơ",Tính chất khoa học.,C,,,"Loại: Trắc nghiệm triết học; Phần: ; Câu 75: Đặc điểm ch ủ yếu của phép bi ện ch ứng trong tri ết học Hy L ạp là: A. Tính chất duy tâm. B. Tính chất duy vật, chưa triệt để. C. Tính chất tự phát, mộc mạc, ngây thơ D. Tính chất khoa học. Đáp án đúng: C. Giải thích:"
mcq_triet_76,76,"Chọn câu tr ả lời đúng nh ất theo quan đi ểm duy v ật biện ch ứng: M ọi sự vật, hiện tư ợng 16 của thế giới đều:",Tồn tại trong sự tách rời tuyệt đối.,Tồn tại trong mối liên hệ phổ biến.,"Không ngừng biến đổi, phát triển.",Cả B và C,D,,,"Loại: Trắc nghiệm triết học; Phần: ; Câu 76: Chọn câu tr ả lời đúng nh ất theo quan đi ểm duy v ật biện ch ứng: M ọi sự vật, hiện tư ợng 16 của thế giới đều: A. Tồn tại trong sự tách rời tuyệt đối. B. Tồn tại trong mối liên hệ phổ biến. C. Không ngừng biến đổi, phát triển. D. Cả B và C Đáp án đúng: D. Giải thích:"
mcq_triet_77,77,Phép bi ện ch ứng nào cho r ằng bi ện ch ứng ý ni ệm sinh ra bi ện ch ứng c ủa sự vật.,Phép biện chứng thời kỳ cổ đại.,Phép biện chứng của các nhà tư tưởng xã hội dân chủ Nga.,Phép biện chứng duy vật.,Phép biện chứng duy tâm khách quan,D,,,Loại: Trắc nghiệm triết học; Phần: ; Câu 77: Phép bi ện ch ứng nào cho r ằng bi ện ch ứng ý ni ệm sinh ra bi ện ch ứng c ủa sự vật. A. Phép biện chứng thời kỳ cổ đại. B. Phép biện chứng của các nhà tư tưởng xã hội dân chủ Nga. C. Phép biện chứng duy vật. D. Phép biện chứng duy tâm khách quan Đáp án đúng: D. Giải thích:
mcq_triet_78,78,Tại sao C.Mác nói phép biện chứng của G.W.Ph.Hêghen là phép biện chứng lộn đầu xuống đất?,Thừa nhận sự tồn tại khách quan của thế giới vật chất.,Thừa nhận tinh thần là sản phẩm của thế giới vật chất.,Thừa nhận sự tồn tại độc lập của tinh thần.,"Thừa nhận tự nhiên, xã hội là sản phẩm của quá trình phát triển của tinh thần, của ý ni ệm.",D,,,"Loại: Trắc nghiệm triết học; Phần: ; Câu 78: Tại sao C.Mác nói phép biện chứng của G.W.Ph.Hêghen là phép biện chứng lộn đầu xuống đất? A. Thừa nhận sự tồn tại khách quan của thế giới vật chất. B. Thừa nhận tinh thần là sản phẩm của thế giới vật chất. C. Thừa nhận sự tồn tại độc lập của tinh thần. D. Thừa nhận tự nhiên, xã hội là sản phẩm của quá trình phát triển của tinh thần, của ý ni ệm. Đáp án đúng: D. Giải thích:"
mcq_triet_79,79,Biện chứng khách quan là gì?,"Là những quan niệm biện chứng tiên nghi ệm, có trước kinh nghi ệm.",Là những quan niệm biện chứng được rút ra từ ý niệm tuyệt đối độc lập với ý thức con ngư ời.,Là biện chứng của các tồn tại vật chất.,Là biện chứng không thể nhận thức được nó.,C,,,"Loại: Trắc nghiệm triết học; Phần: ; Câu 79: Biện chứng khách quan là gì? A. Là những quan niệm biện chứng tiên nghi ệm, có trước kinh nghi ệm. B. Là những quan niệm biện chứng được rút ra từ ý niệm tuyệt đối độc lập với ý thức con ngư ời. C. Là biện chứng của các tồn tại vật chất. D. Là biện chứng không thể nhận thức được nó. Đáp án đúng: C. Giải thích:"
mcq_triet_80,80,Biện ch ứng chủ quan là gì?,"Là biện chứng của tư duy tư biện, thuần tuý.",Là biện chứng của ý thức.,Là biện chứng của thực tiễn xã hội.,Là biện chứng của lý luận.,B,,,"Loại: Trắc nghiệm triết học; Phần: ; Câu 80: Biện ch ứng chủ quan là gì? A. Là biện chứng của tư duy tư biện, thuần tuý. B. Là biện chứng của ý thức. C. Là biện chứng của thực tiễn xã hội. D. Là biện chứng của lý luận. Đáp án đúng: B. Giải thích:"
mcq_triet_81,81,"Biện ch ứng tự phát là gì? 17 A. Là biện chứng của bản thân thế giới khách quan. B. Là biện chứng chủ quan thuần tuý. C. Là biện chứng của bản thân thế giới khách quan khi con ngư ời chưa nhận thức được. D. Là những yếu tố biện chứng con ngư ời đạt được trong quá trình tìm hiểu thế giới nhưng chưa có h ệ thống. Đáp án: D là đáp án đúng Câu 82: Đâu là biện chứng với tính cách là khoa học trong số các quan niệm, các hệ thống lý luận dưới đây?",Những quan niệm biện chứng ở thời kỳ cổ đại.,Những quan niệm biện chứng c ủa các nhà duy vật thế kỷ XVII -XVIII.,Những quan niệm biện chứng c ủa các nhà khoa học tư nhiên thế kỷ XVII -XVIII.,Phép biện chứng duy vật.,D,,,"Loại: Trắc nghiệm triết học; Phần: ; Câu 81: Biện ch ứng tự phát là gì? 17 A. Là biện chứng của bản thân thế giới khách quan. B. Là biện chứng chủ quan thuần tuý. C. Là biện chứng của bản thân thế giới khách quan khi con ngư ời chưa nhận thức được. D. Là những yếu tố biện chứng con ngư ời đạt được trong quá trình tìm hiểu thế giới nhưng chưa có h ệ thống. Đáp án: D là đáp án đúng Câu 82: Đâu là biện chứng với tính cách là khoa học trong số các quan niệm, các hệ thống lý luận dưới đây? A. Những quan niệm biện chứng ở thời kỳ cổ đại. B. Những quan niệm biện chứng c ủa các nhà duy vật thế kỷ XVII -XVIII. C. Những quan niệm biện chứng c ủa các nhà khoa học tư nhiên thế kỷ XVII -XVIII. D. Phép biện chứng duy vật. Đáp án đúng: D. Giải thích:"
mcq_triet_83,83,Theo quan niệm của chủ nghĩa duy vật biện chứng giữa biện chứng chủ quan và biện chứng khách quan quan hệ với nhau như thế nào?,Biện chứng chủ quan quyết định biện chứng khách quan,Biện chứng chủ quan hoàn toàn độc lập với biện chứng khách quan,Biện chứng chủ quan phản ánh biện chứng khách quan,Biện chứng khách quan là sự thể hiện của biện chứng chủ quan,C,,,Loại: Trắc nghiệm triết học; Phần: ; Câu 83: Theo quan niệm của chủ nghĩa duy vật biện chứng giữa biện chứng chủ quan và biện chứng khách quan quan hệ với nhau như thế nào? A. Biện chứng chủ quan quyết định biện chứng khách quan B. Biện chứng chủ quan hoàn toàn độc lập với biện chứng khách quan C. Biện chứng chủ quan phản ánh biện chứng khách quan D. Biện chứng khách quan là sự thể hiện của biện chứng chủ quan Đáp án đúng: C. Giải thích:
mcq_triet_84,84,Đâu là n ội dung nguyên lý c ủa phép bi ện ch ứng duy v ật về mối liên h ệ phổ biến của các sự vật và hi ện tư ợng.,"Các sự vật và hiện tượng trong thế giới tồn tại tách rời nhau, giữa chúng không có sự phụ thuộc, ràng buộc lẫn nhau",Các sự vật có sự liên hệ tác động nhau nhưng không có sự chuyển hóa lẫn nhau,"Sự vật khác nhau ở vẻ bề ngoài, do chủ quan con người quy định, bản chất sự vật không có gì khác nhau","Thế giới là một chỉnh thể bao gồm các sự vật, các quá trình tách biệt nhau, vừa có liên hệ qua lại, vừa thâm nhập và chuyển hóa lẫn nhau.",D,,,"Loại: Trắc nghiệm triết học; Phần: ; Câu 84: Đâu là n ội dung nguyên lý c ủa phép bi ện ch ứng duy v ật về mối liên h ệ phổ biến của các sự vật và hi ện tư ợng. A. Các sự vật và hiện tượng trong thế giới tồn tại tách rời nhau, giữa chúng không có sự phụ thuộc, ràng buộc lẫn nhau B. Các sự vật có sự liên hệ tác động nhau nhưng không có sự chuyển hóa lẫn nhau C. Sự vật khác nhau ở vẻ bề ngoài, do chủ quan con người quy định, bản chất sự vật không có gì khác nhau D. Thế giới là một chỉnh thể bao gồm các sự vật, các quá trình tách biệt nhau, vừa có liên hệ qua lại, vừa thâm nhập và chuyển hóa lẫn nhau. Đáp án đúng: D. Giải thích:"
mcq_triet_85,85,Đâu là quan niệm của phép biện chứng duy vật về cơ sở các mối liên hệ.,"Cơ sở sự liên hệ tác động qua lại giữa các sự vật và hiện tượng ở ý thức, cảm giác con người 18 B. Cơ sở sự liên hệ, tác động qua lại giữa các sự vật là ở ý niệm về sự thống nhất thế giới",,Cơ sở sự liên hệ giữa các sự vật là do các lực bên ngoài có tính chất ngẫu nhiên đối với các sự vật,"Sự liên hệ qua lại giữa các sự vật, hiện tượng có cơ sở ở tính thống nhất vật chất của thế giới",D,,,"Loại: Trắc nghiệm triết học; Phần: ; Câu 85: Đâu là quan niệm của phép biện chứng duy vật về cơ sở các mối liên hệ. A. Cơ sở sự liên hệ tác động qua lại giữa các sự vật và hiện tượng ở ý thức, cảm giác con người 18 B. Cơ sở sự liên hệ, tác động qua lại giữa các sự vật là ở ý niệm về sự thống nhất thế giới B.  C. Cơ sở sự liên hệ giữa các sự vật là do các lực bên ngoài có tính chất ngẫu nhiên đối với các sự vật D. Sự liên hệ qua lại giữa các sự vật, hiện tượng có cơ sở ở tính thống nhất vật chất của thế giới Đáp án đúng: D. Giải thích:"
mcq_triet_86,86,Đâu là quan niệm của phép biện chứng duy vật về vai trò của các mối liên hệ đối với sự vận động và phát triển của các sự vật và hiện tượng?,Các mối liên hệ có vai trò khác nhau,Các mối liên hệ có vai trò như nhau,Các mối liên hệ có vai trò khác nhau tùy theo các điều kiện xác định,Các mối liên hệ luôn luôn có vai trò khác nhau,C,,,Loại: Trắc nghiệm triết học; Phần: ; Câu 86: Đâu là quan niệm của phép biện chứng duy vật về vai trò của các mối liên hệ đối với sự vận động và phát triển của các sự vật và hiện tượng? A. Các mối liên hệ có vai trò khác nhau B. Các mối liên hệ có vai trò như nhau C. Các mối liên hệ có vai trò khác nhau tùy theo các điều kiện xác định D. Các mối liên hệ luôn luôn có vai trò khác nhau Đáp án đúng: C. Giải thích:
mcq_triet_87,87,V.I.Lenin nói hai quan niệm cơ bản về sự phát triển:,Chủ nghĩa duy vật và chủ nghĩa kinh nghiệm phê phán,Bút kí triết học,Những người bạn dân là thế nào và họ đấu tranh chống những người dân chủ ra sao?,Về vai trò của chủ nghĩa duy vật chiến đấu.,B,,,Loại: Trắc nghiệm triết học; Phần: ; Câu 87: V.I.Lenin nói hai quan niệm cơ bản về sự phát triển: A. Chủ nghĩa duy vật và chủ nghĩa kinh nghiệm phê phán B. Bút kí triết học C. Những người bạn dân là thế nào và họ đấu tranh chống những người dân chủ ra sao? D. Về vai trò của chủ nghĩa duy vật chiến đấu. Đáp án đúng: B. Giải thích:
mcq_triet_88,88,"Yêu cầu của quan điểm toàn diện phải xem xét tất cả các mối liên hệ của sự vật, yêu cầu này không thực hiện được, nhưng vẫn phải đề ra để làm gì?",Chống quan điểm siêu hình,Chống quan điểm duy tâm,"Chống chủ nghĩa chiết trung, và thuyết ngụy biện",Đề phòng cho chúng ta khỏi phảm sai lầm và sự cứng nhắc,D,,,"Loại: Trắc nghiệm triết học; Phần: ; Câu 88: Yêu cầu của quan điểm toàn diện phải xem xét tất cả các mối liên hệ của sự vật, yêu cầu này không thực hiện được, nhưng vẫn phải đề ra để làm gì? A. Chống quan điểm siêu hình B. Chống quan điểm duy tâm C. Chống chủ nghĩa chiết trung, và thuyết ngụy biện D. Đề phòng cho chúng ta khỏi phảm sai lầm và sự cứng nhắc Đáp án đúng: D. Giải thích:"
mcq_triet_89,89,Phép biện chứng được xác định với tư cách nào?,Tư cách lý luận biện chứng,Tư cách phương pháp biện chứng,Cả 2 tư cách trên,Tư cách thế giới quan,C,,,Loại: Trắc nghiệm triết học; Phần: ; Câu 89: Phép biện chứng được xác định với tư cách nào? A. Tư cách lý luận biện chứng B. Tư cách phương pháp biện chứng C. Cả 2 tư cách trên D. Tư cách thế giới quan Đáp án đúng: C. Giải thích:
mcq_triet_90,90,Thế nào là phép biện chứng duy vật?,Là phép biện chứng được xác lập trên lập trường của chủ nghĩa duy vật 19 B. Là phép biện chứng của ý niệm tương đối,,Là phép biện chứng do C.Mac và Ph. Angghen sáng lập,Cả A và C,D,,,Loại: Trắc nghiệm triết học; Phần: ; Câu 90: Thế nào là phép biện chứng duy vật? A. Là phép biện chứng được xác lập trên lập trường của chủ nghĩa duy vật 19 B. Là phép biện chứng của ý niệm tương đối B.  C. Là phép biện chứng do C.Mac và Ph. Angghen sáng lập D. Cả A và C Đáp án đúng: D. Giải thích:
mcq_triet_91,91,Thế nào là phép biện chứng duy tâm?,Là phép biện chứng được xác lập trên lập trường của chủ nghĩa duy tâm,Là phép biện chứng của vật chất,"Là phép biện chứng giải thích về nguồn gốc của sự vận động, biến đổi và ý niệm",Cả A và C,D,,,"Loại: Trắc nghiệm triết học; Phần: ; Câu 91: Thế nào là phép biện chứng duy tâm? A. Là phép biện chứng được xác lập trên lập trường của chủ nghĩa duy tâm B. Là phép biện chứng của vật chất C. Là phép biện chứng giải thích về nguồn gốc của sự vận động, biến đổi và ý niệm D. Cả A và C Đáp án đúng: D. Giải thích:"
mcq_triet_92,92,Thế nào là biện chứng khách quan?,"Là khái niệm dùng để chỉ mối liên hệ biến đổi, phát triển khách quan vốn có của các sự vật hiện tượng",Là khái niệm dùng để chỉ mối liên hệ vốn có của ý niệm,Là khái niệm dùng để chỉ ra sự biến đổi không ngừng trong thế giới,Cả A và C,D,,,"Loại: Trắc nghiệm triết học; Phần: ; Câu 92: Thế nào là biện chứng khách quan? A. Là khái niệm dùng để chỉ mối liên hệ biến đổi, phát triển khách quan vốn có của các sự vật hiện tượng B. Là khái niệm dùng để chỉ mối liên hệ vốn có của ý niệm C. Là khái niệm dùng để chỉ ra sự biến đổi không ngừng trong thế giới D. Cả A và C Đáp án đúng: D. Giải thích:"
mcq_triet_93,93,Thế nào là biện chứng chủ quan?,Là biện chứng của ý thức,Là biện chứng khách quan được phản ánh vào ý thức,Là bản chất của biện chứng khách quan,Cả Avà B,D,,,Loại: Trắc nghiệm triết học; Phần: ; Câu 93: Thế nào là biện chứng chủ quan? A. Là biện chứng của ý thức B. Là biện chứng khách quan được phản ánh vào ý thức C. Là bản chất của biện chứng khách quan D. Cả Avà B Đáp án đúng: D. Giải thích:
mcq_triet_94,94,Phương pháp biện chứng và phương pháp siêu hình khác nhau như thế nào?,"P hương pháp biện chứng xem xét, nghiên cứu các sự vật hiện tượng trong mối liên hệ phổ biến. Còn phương pháp siêu hình xem xét, nghiên cứu sự vật hiện tượng trong trạng thái cô lập tách rời",Phương pháp biện chứng xem xét nghiên cứu sự vật hiện tượng trong sự vận động phát triển không ngừng. Phương pháp siêu hình xem xét nghiên cứu sự vật hiện tượng trong sự đứng im b ất biến,Cả A và B,Cả A và B đều sai 20 Đáp án: C là đáp án đúng,,,,"Loại: Trắc nghiệm triết học; Phần: ; Câu 94: Phương pháp biện chứng và phương pháp siêu hình khác nhau như thế nào? A. P hương pháp biện chứng xem xét, nghiên cứu các sự vật hiện tượng trong mối liên hệ phổ biến. Còn phương pháp siêu hình xem xét, nghiên cứu sự vật hiện tượng trong trạng thái cô lập tách rời B. Phương pháp biện chứng xem xét nghiên cứu sự vật hiện tượng trong sự vận động phát triển không ngừng. Phương pháp siêu hình xem xét nghiên cứu sự vật hiện tượng trong sự đứng im b ất biến C. Cả A và B D. Cả A và B đều sai 20 Đáp án: C là đáp án đúng Đáp án đúng: . Giải thích:"
mcq_triet_95,95,Nguồn gốc của phương pháp siêu hình?,Nguồn gốc nhận thức: bản thân các sự vật hiện tượng đều có tính ổn định tương đối. Mặt khác quá trình nhận thức nhiều khi đòi hỏi phải trừu tượng hóa các mối liên hệ nhất định của sự vật hiện tượng tạm thời cố định chúng để phân tích. Và sự sai lầm đó bắt đầu ở chỗ tuyệt đối hóa tính trừu tượng và ổn định đó.,Nguồn gốc lịch sử: sự phát triển cùa khoa học tự nhiên thế kỉ XVII – XVIII với hai đặc điểm: – Phân ngành khoa học tạo nne6 sự ra đời của các khoa học cụ thể đặc biệt là sự phát trển của cơ học cổ điển – Phương pháp nghiên cứu chủ yếu là phân tích và thực nghiệm. Từ đó dẫn đến cách nhìn nhận xem xét sự vật cô lập tách rời đứng im bất biến trong khoa học và dần trở thành phương pháp siêu hình trong triết học,Cả A và B,Cả A và B đều sai,C,,,Loại: Trắc nghiệm triết học; Phần: ; Câu 95: Nguồn gốc của phương pháp siêu hình? A. Nguồn gốc nhận thức: bản thân các sự vật hiện tượng đều có tính ổn định tương đối. Mặt khác quá trình nhận thức nhiều khi đòi hỏi phải trừu tượng hóa các mối liên hệ nhất định của sự vật hiện tượng tạm thời cố định chúng để phân tích. Và sự sai lầm đó bắt đầu ở chỗ tuyệt đối hóa tính trừu tượng và ổn định đó. B. Nguồn gốc lịch sử: sự phát triển cùa khoa học tự nhiên thế kỉ XVII – XVIII với hai đặc điểm: – Phân ngành khoa học tạo nne6 sự ra đời của các khoa học cụ thể đặc biệt là sự phát trển của cơ học cổ điển – Phương pháp nghiên cứu chủ yếu là phân tích và thực nghiệm. Từ đó dẫn đến cách nhìn nhận xem xét sự vật cô lập tách rời đứng im bất biến trong khoa học và dần trở thành phương pháp siêu hình trong triết học C. Cả A và B D. Cả A và B đều sai Đáp án đúng: C. Giải thích:
mcq_triet_96,96,Phương pháp siêu hình thống trị triết học vào thời kì nào?,Thế kỉ XV – XVI,Thế kỉ XVII – XVIII,Thế kỉ XVIII – XIX,Thế kỉ XIX – XX,B,,,Loại: Trắc nghiệm triết học; Phần: ; Câu 96: Phương pháp siêu hình thống trị triết học vào thời kì nào? A. Thế kỉ XV – XVI B. Thế kỉ XVII – XVIII C. Thế kỉ XVIII – XIX D. Thế kỉ XIX – XX Đáp án đúng: B. Giải thích:
mcq_triet_97,97,Có mấy hình thức cơ bản của phép biện chứng?,2,3,4,5,B,,,Loại: Trắc nghiệm triết học; Phần: ; Câu 97: Có mấy hình thức cơ bản của phép biện chứng? A. 2 B. 3 C. 4 D. 5 Đáp án đúng: B. Giải thích:
mcq_triet_98,98,Những đặc điểm của phép biện chứng cổ đại?,Là hình thức sơ khai nhất của phép biện chứng,"Các nguyên lý quy luật của phép biện chứng cổ đại thường được thể hiện dưới hình thức manh nha trên cơ sở những quan sát, cảm nhận thông thường mà chưa được khái quát thành một hệ thống lý luận chặt chẽ",Phép biện chứng cổ đại đã phác họa được bức tranh thống nhất của thế giới trong mối 21 liên hệ phổ biến trong sự vận động và phát triển không ngừng,"Cả A, B, C",D,,,"Loại: Trắc nghiệm triết học; Phần: ; Câu 98: Những đặc điểm của phép biện chứng cổ đại? A. Là hình thức sơ khai nhất của phép biện chứng B. Các nguyên lý quy luật của phép biện chứng cổ đại thường được thể hiện dưới hình thức manh nha trên cơ sở những quan sát, cảm nhận thông thường mà chưa được khái quát thành một hệ thống lý luận chặt chẽ C. Phép biện chứng cổ đại đã phác họa được bức tranh thống nhất của thế giới trong mối 21 liên hệ phổ biến trong sự vận động và phát triển không ngừng D. Cả A, B, C Đáp án đúng: D. Giải thích:"
mcq_triet_99,99,Những đại diện tiêu biểu của phép biện chứng cổ đại?,Thuyết âm dương ngũ hành,Đạo Phật,Hêraclit,"Cả A, B, C",D,,,"Loại: Trắc nghiệm triết học; Phần: ; Câu 99: Những đại diện tiêu biểu của phép biện chứng cổ đại? A. Thuyết âm dương ngũ hành B. Đạo Phật C. Hêraclit D. Cả A, B, C Đáp án đúng: D. Giải thích:"
mcq_triet_100,100,Đóng góp và hạn chế của phép biện chứng duy tâm cổ điển Đức:,Phép biện chứng duy tâm cổ điển Đức là một hệ thống logic khá vững chắc. Hầu như các nguyên lý quy luật cơ bản của phép biện chứng với tư cách là học thuyết về mối liên hệ phổ biến về sự vận động và phát triển đã được xây dựng trong một hệ thống thống nhất.,Các luận điểm nguyên lý quy luật của phép biện chứng đã được luận giải ở tầm logic nội tại cực kì sâu sắc,Phép biện chứng duy tâm cổ điển Đức là một trong các tiền đề lý luận cho sự ra đời của triết học Mác.,"Cả A, B, C",D,,,"Loại: Trắc nghiệm triết học; Phần: ; Câu 100: Đóng góp và hạn chế của phép biện chứng duy tâm cổ điển Đức: A. Phép biện chứng duy tâm cổ điển Đức là một hệ thống logic khá vững chắc. Hầu như các nguyên lý quy luật cơ bản của phép biện chứng với tư cách là học thuyết về mối liên hệ phổ biến về sự vận động và phát triển đã được xây dựng trong một hệ thống thống nhất. B. Các luận điểm nguyên lý quy luật của phép biện chứng đã được luận giải ở tầm logic nội tại cực kì sâu sắc C. Phép biện chứng duy tâm cổ điển Đức là một trong các tiền đề lý luận cho sự ra đời của triết học Mác. D. Cả A, B, C Đáp án đúng: D. Giải thích:"
mcq_triet_101,101,Đặc điểm của phép biện chứng duy vật?,Là hình thức phát triển cao nhất của lịch sử phép biện chứng,Có sự thống nhất chặt chẽ giữa phép biện chứng và chủ nghĩa duy vật,"Phép bi ện ch ứng duy v ật bao quát m ột lĩnh v ực tri th ức rộng lớn, nó v ừa có tư cách lý luận triết học bao quát, vừa đóng vai trò phương pháp luận triết học cơ bản.","Cả A, B, C",D,,,"Loại: Trắc nghiệm triết học; Phần: ; Câu 101: Đặc điểm của phép biện chứng duy vật? A. Là hình thức phát triển cao nhất của lịch sử phép biện chứng B. Có sự thống nhất chặt chẽ giữa phép biện chứng và chủ nghĩa duy vật C. Phép bi ện ch ứng duy v ật bao quát m ột lĩnh v ực tri th ức rộng lớn, nó v ừa có tư cách lý luận triết học bao quát, vừa đóng vai trò phương pháp luận triết học cơ bản. D. Cả A, B, C Đáp án đúng: D. Giải thích:"
mcq_triet_102,102,Phép biện chứng duy vật bao gồm những nguyên lý quy luật cơ bản nào?,"Là khái niệm cơ bản của phép biện chứng được sử dụng để chỉ sự ràng buộc quy đ ịnh lẫn nhau, đồng th ời là s ự tác đ ộng làm bi ến đổi lẫn nhau gi ữa các s ự vật hiện tượng",Là khái niệm của phép biện chứng dùng chỉ sự nương tựa vào nhau của các sự vật hiện tư ợng,Là khái niệm của phép biện chứng dùng chỉ sự quy định làm tiền đề cho nhau gi ữa các s ự vật hiện tư ợng,"Cả A, B, C",C,"22 Câu 103: Thế nào là “m ối liên h ệ”? A. Là khái niệm cơ bản của phép biện chứng được sử dụng để chỉ sự ràng buộc quy đ ịnh lẫn nhau, đồng th ời là s ự tác đ ộng làm bi ến đổi lẫn nhau gi ữa các s ự vật hiện tượng B. Là khái niệm của phép biện chứng dùng chỉ sự nương tựa vào nhau của các sự vật hiện tư ợng C. Là khái niệm của phép biện chứng dùng chỉ sự quy định làm tiền đề cho nhau gi ữa các s ự vật hiện tư ợng D. Cả A, B, C Đáp án: D là đáp án đúng",,"Loại: Trắc nghiệm triết học; Phần: ; Câu 102: Phép biện chứng duy vật bao gồm những nguyên lý quy luật cơ bản nào? A. Là khái niệm cơ bản của phép biện chứng được sử dụng để chỉ sự ràng buộc quy đ ịnh lẫn nhau, đồng th ời là s ự tác đ ộng làm bi ến đổi lẫn nhau gi ữa các s ự vật hiện tượng B. Là khái niệm của phép biện chứng dùng chỉ sự nương tựa vào nhau của các sự vật hiện tư ợng C. Là khái niệm của phép biện chứng dùng chỉ sự quy định làm tiền đề cho nhau gi ữa các s ự vật hiện tư ợng D. Cả A, B, C Đáp án đúng: C. Giải thích: 22 Câu 103: Thế nào là “m ối liên h ệ”? A. Là khái niệm cơ bản của phép biện chứng được sử dụng để chỉ sự ràng buộc quy đ ịnh lẫn nhau, đồng th ời là s ự tác đ ộng làm bi ến đổi lẫn nhau gi ữa các s ự vật hiện tượng B. Là khái niệm của phép biện chứng dùng chỉ sự nương tựa vào nhau của các sự vật hiện tư ợng C. Là khái niệm của phép biện chứng dùng chỉ sự quy định làm tiền đề cho nhau gi ữa các s ự vật hiện tư ợng D. Cả A, B, C Đáp án: D là đáp án đúng"
mcq_triet_104,104,Tính khách quan của mối liên hệ:,Là mối liên hệ vốn có của thế giới các ý niệm,Là m ối liên hệ vốn có của sự vật hiện tượng. Cơ sở của nó là tính th ống nhất vật chất của thế giới.,Là mối liên hệ khách quan tồn tại bên ngoài ý thức của con người.,Cả B và C.,C,,,Loại: Trắc nghiệm triết học; Phần: ; Câu 104: Tính khách quan của mối liên hệ: A. Là mối liên hệ vốn có của thế giới các ý niệm B. Là m ối liên hệ vốn có của sự vật hiện tượng. Cơ sở của nó là tính th ống nhất vật chất của thế giới. C. Là mối liên hệ khách quan tồn tại bên ngoài ý thức của con người. D. Cả B và C. Đáp án đúng: C. Giải thích:
mcq_triet_105,105,"Có thể tuyệt đối hóa sự khác biệt hoặc tuyệt đối hóa sự đồng nhất giữa các sự vật, hiện tượng không? Vì sao?",Có,Không,,,B,,,"Loại: Trắc nghiệm triết học; Phần: ; Câu 105: Có thể tuyệt đối hóa sự khác biệt hoặc tuyệt đối hóa sự đồng nhất giữa các sự vật, hiện tượng không? Vì sao? A. Có B. Không C.  D.  Đáp án đúng: B. Giải thích:"
mcq_triet_106,106,"Cho hai tam giác: ABC là tam giác thường, DEG là tam giác vuông. Những khẳng định nào sau đây khẳng định nào đúng?","ABC là cái chung, DEG là cái riêng",ABC và DEG đều là cái riêng,ABC và DEG là cái riêng nhưng đồng thời có tính chất chung,Cả B và C,D,,,"Loại: Trắc nghiệm triết học; Phần: ; Câu 106: Cho hai tam giác: ABC là tam giác thường, DEG là tam giác vuông. Những khẳng định nào sau đây khẳng định nào đúng? A. ABC là cái chung, DEG là cái riêng B. ABC và DEG đều là cái riêng C. ABC và DEG là cái riêng nhưng đồng thời có tính chất chung D. Cả B và C Đáp án đúng: D. Giải thích:"
mcq_triet_107,107,Chỉ ra đâu không phải là quan điểm của chủ nghĩa duy vật biện chứng về sự tồn tại của cái chung trong các câu nói sau:,Cái chung tồn tại khách quan ngoài cái riêng.,"Cái chung thực sự tồn tại, nhưng không tồn tại ngoài cái riêng, mà thông qua cái riêng bi ểu hiện sự tồn tại của mình. 23 C. Cái chung thuần túy là sản phẩm của tư duy trừu tượng không có tồn tại cảm tính đ ộc lập.",,Cả A và C.,D,,,"Loại: Trắc nghiệm triết học; Phần: ; Câu 107: Chỉ ra đâu không phải là quan điểm của chủ nghĩa duy vật biện chứng về sự tồn tại của cái chung trong các câu nói sau: A. Cái chung tồn tại khách quan ngoài cái riêng. B. Cái chung thực sự tồn tại, nhưng không tồn tại ngoài cái riêng, mà thông qua cái riêng bi ểu hiện sự tồn tại của mình. 23 C. Cái chung thuần túy là sản phẩm của tư duy trừu tượng không có tồn tại cảm tính đ ộc lập. C.  D. Cả A và C. Đáp án đúng: D. Giải thích:"
mcq_triet_108,108,"Các phạm trù được hình thành thông qua quá trình … những thuộc tính, những mối liên hệ vốn có bên trong của bản thân sự vật.",Liệt kê và phân tích,Chứng minh,"Khái quát hóa, tr ừu tư ợng hóa",Khái quát và ch ứng minh,C,,,"Loại: Trắc nghiệm triết học; Phần: ; Câu 108: Các phạm trù được hình thành thông qua quá trình … những thuộc tính, những mối liên hệ vốn có bên trong của bản thân sự vật. A. Liệt kê và phân tích B. Chứng minh C. Khái quát hóa, tr ừu tư ợng hóa D. Khái quát và ch ứng minh Đáp án đúng: C. Giải thích:"
mcq_triet_109,109,Nội dung của các phạm trù luôn mang tính...,Khách quan,Chủ quan,Khách quan và chủ quan,Cả ba đều sai,A,,,Loại: Trắc nghiệm triết học; Phần: ; Câu 109: Nội dung của các phạm trù luôn mang tính... A. Khách quan B. Chủ quan C. Khách quan và chủ quan D. Cả ba đều sai Đáp án đúng: A. Giải thích:
mcq_triet_110,110,Hệ thống phạm trù của phép biện chứng duy vật là một….,"Hệ thống đóng kín, bất biến",Hệ thống mở,Cả hai đều sai,Cả hai đều đúng,B,,,"Loại: Trắc nghiệm triết học; Phần: ; Câu 110: Hệ thống phạm trù của phép biện chứng duy vật là một…. A. Hệ thống đóng kín, bất biến B. Hệ thống mở C. Cả hai đều sai D. Cả hai đều đúng Đáp án đúng: B. Giải thích:"
mcq_triet_111,111,"Phạm trù là những … phản ánh những mặt, những thuộc tính, những mối liên hệ chung, cơ bản nhất của các sự vật và hiện tượng thuộc một lĩnh vực nhất định.",Khái niệm,Khái niệm rộng,Khái niệm rộng nhất,Khái niệm hẹp,C,,,"Loại: Trắc nghiệm triết học; Phần: ; Câu 111: Phạm trù là những … phản ánh những mặt, những thuộc tính, những mối liên hệ chung, cơ bản nhất của các sự vật và hiện tượng thuộc một lĩnh vực nhất định. A. Khái niệm B. Khái niệm rộng C. Khái niệm rộng nhất D. Khái niệm hẹp Đáp án đúng: C. Giải thích:"
mcq_triet_112,112,"“Cái riêng – Cái chung ” , “Nguyên nhân – Kết quả ” , “Tất nhiên – Ngẫu nhiên ” , “Nội dung – Hình thức ” , “Bản chất – Hiện tượng ” , “Khả năng – Hiện thực ” đó là các … của triết học 24 Mác – Lênin.",Cặp khái niệm,Thu ật ngữ cơ bản,Cặp phạm trù cơ bản,Cặp phạm trù,C,,,"Loại: Trắc nghiệm triết học; Phần: ; Câu 112: “Cái riêng – Cái chung ” , “Nguyên nhân – Kết quả ” , “Tất nhiên – Ngẫu nhiên ” , “Nội dung – Hình thức ” , “Bản chất – Hiện tượng ” , “Khả năng – Hiện thực ” đó là các … của triết học 24 Mác – Lênin. A. Cặp khái niệm B. Thu ật ngữ cơ bản C. Cặp phạm trù cơ bản D. Cặp phạm trù Đáp án đúng: C. Giải thích:"
mcq_triet_113,113,Các phạm trù của triết học phản ánh những mối liên hệ thuộc lĩnh vực nào của hiện thực:,Lĩnh vực xã hội,Lĩnh v ực tư duy,Lĩnh vực tự nhiên,"Cả A, B, C",D,,,"Loại: Trắc nghiệm triết học; Phần: ; Câu 113: Các phạm trù của triết học phản ánh những mối liên hệ thuộc lĩnh vực nào của hiện thực: A. Lĩnh vực xã hội B. Lĩnh v ực tư duy C. Lĩnh vực tự nhiên D. Cả A, B, C Đáp án đúng: D. Giải thích:"
mcq_triet_114,114,Có sự khác nhau nào giữa “khái niệm” và “phạm trù”?,“Khái niệm” chính là “phạm trù” (không có sự khác nhau).,“Phạm trù” phải là những “khái niệm’ rộng nhất.,“Khái niệm” không bao giờ là một “phạm trù” .,“Khái niệm” phải là những “phạm trù” rộng nhất.,B,,,Loại: Trắc nghiệm triết học; Phần: ; Câu 114: Có sự khác nhau nào giữa “khái niệm” và “phạm trù”? A. “Khái niệm” chính là “phạm trù” (không có sự khác nhau). B. “Phạm trù” phải là những “khái niệm’ rộng nhất. C. “Khái niệm” không bao giờ là một “phạm trù” . D. “Khái niệm” phải là những “phạm trù” rộng nhất. Đáp án đúng: B. Giải thích:
mcq_triet_115,115,"“Phạm trù chì là những từ trống rỗng, do con người tưởng tượng ra, đầy tính chủ quan và không biểu hiện hiện thực”. Đây là cách quan niệm của trường phái triết học nào?",Trường phái triết học Duy thực,Trường phái triết học Duy danh,Trường phái Cantơ,Trường phài triết học mácxít,B,,,"Loại: Trắc nghiệm triết học; Phần: ; Câu 115: “Phạm trù chì là những từ trống rỗng, do con người tưởng tượng ra, đầy tính chủ quan và không biểu hiện hiện thực”. Đây là cách quan niệm của trường phái triết học nào? A. Trường phái triết học Duy thực B. Trường phái triết học Duy danh C. Trường phái Cantơ D. Trường phài triết học mácxít Đáp án đúng: B. Giải thích:"
mcq_triet_116,116,"“Cái nhà nói chung” là không có thực, mà chỉ có những cái nhà riêng lẻ, cụ thể mới tồn tại được. Đây là quan niệm của trường phái triết học nào?",Trường phái học Duy thực,Trường phái học Duy danh,Trường phái Cantơ,Trường phái triết học Mácxít 25 Đáp án: B là đáp án đúng,,,,"Loại: Trắc nghiệm triết học; Phần: ; Câu 116: “Cái nhà nói chung” là không có thực, mà chỉ có những cái nhà riêng lẻ, cụ thể mới tồn tại được. Đây là quan niệm của trường phái triết học nào? A. Trường phái học Duy thực B. Trường phái học Duy danh C. Trường phái Cantơ D. Trường phái triết học Mácxít 25 Đáp án: B là đáp án đúng Đáp án đúng: . Giải thích:"
mcq_triet_117,117,Quan điểm của trường phái triết học tách rời tuyệt đối mối quan hệ giữa cái chung và cái riêng:,Trường phái học Duy danh,Trường phái học Duy thực,Cà hai trường phái trên,Không có đáp án đúng,C,,,Loại: Trắc nghiệm triết học; Phần: ; Câu 117: Quan điểm của trường phái triết học tách rời tuyệt đối mối quan hệ giữa cái chung và cái riêng: A. Trường phái học Duy danh B. Trường phái học Duy thực C. Cà hai trường phái trên D. Không có đáp án đúng Đáp án đúng: C. Giải thích:
mcq_triet_118,118,Các phạm trù được hình thành:,Một cách bẩn sinh trong ý thức của con người,"Sẵn có ở bên ngoài, độc lập với ý thức của con người","Thông qua quá trình hoạt động, nhận thức và thực tiễn của con người",Cả 3 đáp án trên,C,,,"Loại: Trắc nghiệm triết học; Phần: ; Câu 118: Các phạm trù được hình thành: A. Một cách bẩn sinh trong ý thức của con người B. Sẵn có ở bên ngoài, độc lập với ý thức của con người C. Thông qua quá trình hoạt động, nhận thức và thực tiễn của con người D. Cả 3 đáp án trên Đáp án đúng: C. Giải thích:"
mcq_triet_119,119,Hình thức cơ bản đầu tiên của mọi quá trình tư duy là:,Cảm giác,Biểu tượng,Khái niệm,Suy luận,C,,,Loại: Trắc nghiệm triết học; Phần: ; Câu 119: Hình thức cơ bản đầu tiên của mọi quá trình tư duy là: A. Cảm giác B. Biểu tượng C. Khái niệm D. Suy luận Đáp án đúng: C. Giải thích:
mcq_triet_120,120,Cái riêng là một phạm trù triết học để chỉ:,"Những mặt, những thuộc tính chung của nhiều sự vật","Một sự vật, một hiện tượng, một quá trình riêng lẻ nhất định","Những nét, những thu ộc tính chỉ có ở một sự vật",Các yếu tố cấu thành một hệ thống,B,,,"Loại: Trắc nghiệm triết học; Phần: ; Câu 120: Cái riêng là một phạm trù triết học để chỉ: A. Những mặt, những thuộc tính chung của nhiều sự vật B. Một sự vật, một hiện tượng, một quá trình riêng lẻ nhất định C. Những nét, những thu ộc tính chỉ có ở một sự vật D. Các yếu tố cấu thành một hệ thống Đáp án đúng: B. Giải thích:"
mcq_triet_121,121,Khái niệm cái đơn nhất dùng để chỉ cái…,Cái riêng,Cái chung,Cái đơn nhất,Tất cả đều sai,C,"26 Câu 122: Phạm trù triết học nào dùng để chỉ những thuộc tính chung, không những có ở một kết cấu vật chất nhất định mà còn được lặp lại trong nhiều sự vật, hiện tượng hay quá trình riêng lẻ khác: A. Cái riêng B. Cái chung C. Cái đơn nhất D. Tất cả đều sai Đáp án: B là đáp án đúng",,"Loại: Trắc nghiệm triết học; Phần: ; Câu 121: Khái niệm cái đơn nhất dùng để chỉ cái… A. Cái riêng B. Cái chung C. Cái đơn nhất D. Tất cả đều sai Đáp án đúng: C. Giải thích: 26 Câu 122: Phạm trù triết học nào dùng để chỉ những thuộc tính chung, không những có ở một kết cấu vật chất nhất định mà còn được lặp lại trong nhiều sự vật, hiện tượng hay quá trình riêng lẻ khác: A. Cái riêng B. Cái chung C. Cái đơn nhất D. Tất cả đều sai Đáp án: B là đáp án đúng"
mcq_triet_123,123,Cái … chỉ tồn tại trong cái … thông qua cái riêng mà biểu hiện sự tồn tại của mình.,Chung/Riêng,Riêng/Chung,Chung/Đơn nhất,Đơn nhất/Riêng,A,,,Loại: Trắc nghiệm triết học; Phần: ; Câu 123: Cái … chỉ tồn tại trong cái … thông qua cái riêng mà biểu hiện sự tồn tại của mình. A. Chung/Riêng B. Riêng/Chung C. Chung/Đơn nhất D. Đơn nhất/Riêng Đáp án đúng: A. Giải thích:
mcq_triet_124,124,Cái … chỉ tồn tại trong mối liên hệ với cái …,Chung/Riêng,Riêng/Chung,Chung/Đơn nhất,Đơn nhất/Riêng,B,,,Loại: Trắc nghiệm triết học; Phần: ; Câu 124: Cái … chỉ tồn tại trong mối liên hệ với cái … A. Chung/Riêng B. Riêng/Chung C. Chung/Đơn nhất D. Đơn nhất/Riêng Đáp án đúng: B. Giải thích:
mcq_triet_125,125,"Cái … là cái toàn bộ, phong phú hơn cái …",Chung/Riêng,Riêng/Chung,Chung/Đơn nhất,Đơn nhất/Riêng,B,,,"Loại: Trắc nghiệm triết học; Phần: ; Câu 125: Cái … là cái toàn bộ, phong phú hơn cái … A. Chung/Riêng B. Riêng/Chung C. Chung/Đơn nhất D. Đơn nhất/Riêng Đáp án đúng: B. Giải thích:"
mcq_triet_126,126,"Cái … là cái bộ phận, nhưng sâu sắc hơn cái …",Chung/Riêng,Riêng/Chung,Chung/Đơn nhất,Đơn nhất/Riêng,A,27 Câu 127: Cái … và cái … có thể chuyển hóa lẫn nhau trong quá trình phát triển của sự vật. A. Chung/Riêng B. Riêng/Chung C. Chung/Đơn nhất D. Đơn nhất/Riêng Đáp án: C là đáp án đúng,,"Loại: Trắc nghiệm triết học; Phần: ; Câu 126: Cái … là cái bộ phận, nhưng sâu sắc hơn cái … A. Chung/Riêng B. Riêng/Chung C. Chung/Đơn nhất D. Đơn nhất/Riêng Đáp án đúng: A. Giải thích: 27 Câu 127: Cái … và cái … có thể chuyển hóa lẫn nhau trong quá trình phát triển của sự vật. A. Chung/Riêng B. Riêng/Chung C. Chung/Đơn nhất D. Đơn nhất/Riêng Đáp án: C là đáp án đúng"
mcq_triet_128,128,"Cái riêng và cái chung có thể chuyển hóa (liên hệ, thống nhất, quy định lẫn nhau) cho nhau không?",Có thế,Không thể,Vừa có thể vừa không thể,,A,,,"Loại: Trắc nghiệm triết học; Phần: ; Câu 128: Cái riêng và cái chung có thể chuyển hóa (liên hệ, thống nhất, quy định lẫn nhau) cho nhau không? A. Có thế B. Không thể C. Vừa có thể vừa không thể D.  Đáp án đúng: A. Giải thích:"
mcq_triet_129,129,Công cuộc xây dựng chủ nghĩa xã hội trên thế giới phải xuất phát từ tình hình cụ thể của từng đất nước. Đó là bài học về việc…,Áp dụng cái chung phải tùy theo từng cái riêng cụ thể để vận dụng cho thích hợp.,Áp dụng cái chung phải tùy theo từng cái đơn nhất cụ thể để vận dụng cho thích hợp.,Áp dụng cái riêng phải dựa vào cái chung.,,A,,,Loại: Trắc nghiệm triết học; Phần: ; Câu 129: Công cuộc xây dựng chủ nghĩa xã hội trên thế giới phải xuất phát từ tình hình cụ thể của từng đất nước. Đó là bài học về việc… A. Áp dụng cái chung phải tùy theo từng cái riêng cụ thể để vận dụng cho thích hợp. B. Áp dụng cái chung phải tùy theo từng cái đơn nhất cụ thể để vận dụng cho thích hợp. C. Áp dụng cái riêng phải dựa vào cái chung. D.  Đáp án đúng: A. Giải thích:
mcq_triet_130,130,Giả sử khái niệm Việt Nam là một “Cái riêng” thì yếu tố nào sau đây là cái đơn nhất:,Con người.,Quốc gia.,Văn hóa.,Hà Nội.,D,,,Loại: Trắc nghiệm triết học; Phần: ; Câu 130: Giả sử khái niệm Việt Nam là một “Cái riêng” thì yếu tố nào sau đây là cái đơn nhất: A. Con người. B. Quốc gia. C. Văn hóa. D. Hà Nội. Đáp án đúng: D. Giải thích:
mcq_triet_131,131,"Triết gia nào cho rằng: “Cái chung là những ý niệm tồn tại vĩnh viễn, bên cạnh những cái riêng có tính chất tạm thời”.",Đêmôcrít.,Hêraclít.,Platôn.,C. Mác.,C,,,"Loại: Trắc nghiệm triết học; Phần: ; Câu 131: Triết gia nào cho rằng: “Cái chung là những ý niệm tồn tại vĩnh viễn, bên cạnh những cái riêng có tính chất tạm thời”. A. Đêmôcrít. B. Hêraclít. C. Platôn. D. C. Mác. Đáp án đúng: C. Giải thích:"
mcq_triet_132,132,"Khi một vật, một hiện tượng mới được nảy sinh thì yếu tố nào sẽ xuất hiện đầu tiên: 28 A. Cái chung. B. Cái riêng. C. Cái đơn nhất. D. Cái phổ biến. Đáp án: C là đáp án đúng Câu 133: Phạm trù nhằm chỉ sự tác động lẫn nhau giữa các mặt trong một sự vật hoặc giữa các sự vật với nhau, gây ra một biến đổi nào đó, gọi là gì?",Nguyên nhân.,Kết quả.,Khả năng.,Không có đáp án nào đúng.,C,,,"Loại: Trắc nghiệm triết học; Phần: ; Câu 132: Khi một vật, một hiện tượng mới được nảy sinh thì yếu tố nào sẽ xuất hiện đầu tiên: 28 A. Cái chung. B. Cái riêng. C. Cái đơn nhất. D. Cái phổ biến. Đáp án: C là đáp án đúng Câu 133: Phạm trù nhằm chỉ sự tác động lẫn nhau giữa các mặt trong một sự vật hoặc giữa các sự vật với nhau, gây ra một biến đổi nào đó, gọi là gì? A. Nguyên nhân. B. Kết quả. C. Khả năng. D. Không có đáp án nào đúng. Đáp án đúng: C. Giải thích:"
mcq_triet_134,134,"Phạm trù nhằm chỉ những biến đổi xuất hiện do tác động lẫn nhau giữa các mặt trong một sự vật hoặc giữa các sự vật với nhau gây ra, gọi là gì?",Nguyên nhân.,Kết quả.,Khả năng.,Hệ quả.,B,,,"Loại: Trắc nghiệm triết học; Phần: ; Câu 134: Phạm trù nhằm chỉ những biến đổi xuất hiện do tác động lẫn nhau giữa các mặt trong một sự vật hoặc giữa các sự vật với nhau gây ra, gọi là gì? A. Nguyên nhân. B. Kết quả. C. Khả năng. D. Hệ quả. Đáp án đúng: B. Giải thích:"
mcq_triet_135,135,"Nguyên nhân và kết quả, cái nào có trước?",Nguyên nhân.,Kết quả.,Cả hai xuất hiện cùng lúc.,Không có đáp án nào đúng.,A,,,"Loại: Trắc nghiệm triết học; Phần: ; Câu 135: Nguyên nhân và kết quả, cái nào có trước? A. Nguyên nhân. B. Kết quả. C. Cả hai xuất hiện cùng lúc. D. Không có đáp án nào đúng. Đáp án đúng: A. Giải thích:"
mcq_triet_136,136,"Trong các cặp khái niệm dưới đây, cặp nào (có thể) là quan hệ nhân quả.",Đông – Tây,Nghèo – Dốt.,Xuân – Hạ.,Ngày – Đêm.,B,,,"Loại: Trắc nghiệm triết học; Phần: ; Câu 136: Trong các cặp khái niệm dưới đây, cặp nào (có thể) là quan hệ nhân quả. A. Đông – Tây B. Nghèo – Dốt. C. Xuân – Hạ. D. Ngày – Đêm. Đáp án đúng: B. Giải thích:"
mcq_triet_137,137,"Có rất nhiều loại nguyên nhân, như: nguyên nhân cơ bản, nguyên nhân chủ yếu, 29 nguyên nhân bên trong, nguyên nhân bên ngoài, nguyên nhân chủ quan, nguyên nhân khách quan… Điều đó chứng tỏ…",Một kết quả chỉ có thể do một loại nguyên nhân gây ra.,Một kết quả có thể do nhiều loại nguyên nhân gây ra.,Một kết quả có thể không cần nguyên nhân gây ra.,Không thể nhận thức được quan hệ nguyên nhân – kết quả.,B,,,"Loại: Trắc nghiệm triết học; Phần: ; Câu 137: Có rất nhiều loại nguyên nhân, như: nguyên nhân cơ bản, nguyên nhân chủ yếu, 29 nguyên nhân bên trong, nguyên nhân bên ngoài, nguyên nhân chủ quan, nguyên nhân khách quan… Điều đó chứng tỏ… A. Một kết quả chỉ có thể do một loại nguyên nhân gây ra. B. Một kết quả có thể do nhiều loại nguyên nhân gây ra. C. Một kết quả có thể không cần nguyên nhân gây ra. D. Không thể nhận thức được quan hệ nguyên nhân – kết quả. Đáp án đúng: B. Giải thích:"
mcq_triet_138,138,"“Đói nghèo” và “Dốt nát”, hiện tượng nào là nguyên nhân, hiện tượng nào là kết quả?","Đói nghèo là nguyên nhân, dốt nát là kết quả.","Dốt nát là nguyên nhân, đói nghèo là kết quả.",Cả hai đều là nguyên nhân.,Hiện tượng này vừa là nguyên nhân vừa là kết quả của hiện tượng kia.,D,,,"Loại: Trắc nghiệm triết học; Phần: ; Câu 138: “Đói nghèo” và “Dốt nát”, hiện tượng nào là nguyên nhân, hiện tượng nào là kết quả? A. Đói nghèo là nguyên nhân, dốt nát là kết quả. B. Dốt nát là nguyên nhân, đói nghèo là kết quả. C. Cả hai đều là nguyên nhân. D. Hiện tượng này vừa là nguyên nhân vừa là kết quả của hiện tượng kia. Đáp án đúng: D. Giải thích:"
mcq_triet_139,139,Mối liên hệ nhân quả có các tính chất gì?,Tính khách quan và tính phổ biến.,Tính khách quan và tính tất yếu.,"Tính khách quan, tính chủ quan và tính tất yếu.","Tính khách quan, tính phổ biến và tính tất yếu.",D,,,"Loại: Trắc nghiệm triết học; Phần: ; Câu 139: Mối liên hệ nhân quả có các tính chất gì? A. Tính khách quan và tính phổ biến. B. Tính khách quan và tính tất yếu. C. Tính khách quan, tính chủ quan và tính tất yếu. D. Tính khách quan, tính phổ biến và tính tất yếu. Đáp án đúng: D. Giải thích:"
mcq_triet_140,140,"Có những sự vật, hiện tượng xảy ra…",Không có nguyên nhân nào.,Có nguyên nhân nhưng không thể nhận thức được.,Có nguyên nhân nhưng chưa nhận thức được.,Có nguyên nhân và luôn nhận thức được.,C,,,"Loại: Trắc nghiệm triết học; Phần: ; Câu 140: Có những sự vật, hiện tượng xảy ra… A. Không có nguyên nhân nào. B. Có nguyên nhân nhưng không thể nhận thức được. C. Có nguyên nhân nhưng chưa nhận thức được. D. Có nguyên nhân và luôn nhận thức được. Đáp án đúng: C. Giải thích:"
mcq_triet_141,141,"Những sự vật, hiện tượng nếu có cùng một nguyên nhân, trong những điều kiện giống nhau thì sẽ tạo nên những kết quả như nhau. Điều này thể hiện tính chất… của mối liên hệ nhân quả.",Tính khách quan.,Tính phổ biến.,Tính tất yếu.,Tính biện chứng. 30 Đáp án: C là đáp án đúng,,,,"Loại: Trắc nghiệm triết học; Phần: ; Câu 141: Những sự vật, hiện tượng nếu có cùng một nguyên nhân, trong những điều kiện giống nhau thì sẽ tạo nên những kết quả như nhau. Điều này thể hiện tính chất… của mối liên hệ nhân quả. A. Tính khách quan. B. Tính phổ biến. C. Tính tất yếu. D. Tính biện chứng. 30 Đáp án: C là đáp án đúng Đáp án đúng: . Giải thích:"
mcq_triet_142,142,"Mối liên hệ nhân quả của các sự vật, hiện tượng là…",Phụ thuộc vào ý thức của con người.,Do thượng đế sinh ra.,Do hoạt động của con người quy định.,Tất cả điều sai.,D,,,"Loại: Trắc nghiệm triết học; Phần: ; Câu 142: Mối liên hệ nhân quả của các sự vật, hiện tượng là… A. Phụ thuộc vào ý thức của con người. B. Do thượng đế sinh ra. C. Do hoạt động của con người quy định. D. Tất cả điều sai. Đáp án đúng: D. Giải thích:"
mcq_triet_143,143,Ph.Ăngghen cho rằng: Đối với ai phủ nhận… thì mọi quy luật của tự nhiên đều là giải thuyết.,Vấn đề nội dung và hình thái.,Phạm trù khả năng và hiện thực.,Tính nhân quả.,Tính biện chứng.,C,,,Loại: Trắc nghiệm triết học; Phần: ; Câu 143: Ph.Ăngghen cho rằng: Đối với ai phủ nhận… thì mọi quy luật của tự nhiên đều là giải thuyết. A. Vấn đề nội dung và hình thái. B. Phạm trù khả năng và hiện thực. C. Tính nhân quả. D. Tính biện chứng. Đáp án đúng: C. Giải thích:
mcq_triet_144,144,Quan điểm cho rằng: Nguyên nhân của mọi loại hiện tượng là do một thực thể tinh thần tồn tại bên ngoài ta tạo nên. Đó là quan điểm của trường phái triết học nào?,Chủ nghĩa duy tâm chủ quan.,Chủ nghĩa duy tâm khách quan và tôn giáo.,Chủ nghĩa Mác – Lênin.,"Cả A, B, C.",B,,,"Loại: Trắc nghiệm triết học; Phần: ; Câu 144: Quan điểm cho rằng: Nguyên nhân của mọi loại hiện tượng là do một thực thể tinh thần tồn tại bên ngoài ta tạo nên. Đó là quan điểm của trường phái triết học nào? A. Chủ nghĩa duy tâm chủ quan. B. Chủ nghĩa duy tâm khách quan và tôn giáo. C. Chủ nghĩa Mác – Lênin. D. Cả A, B, C. Đáp án đúng: B. Giải thích:"
mcq_triet_145,145,"Quan điểm cho rằng mối liên hệ nhân quả bao trùm tất cả mọi hiện tượng của hiện thực, không trừ một hiện tượng nào. Đây là nội dung của nguyên tắc nào?",Nguyên tắc Quyết định luận.,Nguyên tắc Vô định luận.,Cả hai đều sai.,Cả hai đều đúng.,A,,,"Loại: Trắc nghiệm triết học; Phần: ; Câu 145: Quan điểm cho rằng mối liên hệ nhân quả bao trùm tất cả mọi hiện tượng của hiện thực, không trừ một hiện tượng nào. Đây là nội dung của nguyên tắc nào? A. Nguyên tắc Quyết định luận. B. Nguyên tắc Vô định luận. C. Cả hai đều sai. D. Cả hai đều đúng. Đáp án đúng: A. Giải thích:"
mcq_triet_146,146,"Vật trong chân không luôn chuyển động với gia tốc 9,8 m/s2; nước ở áp suất 1 atmôtphe luôn sôi ở 1000C. Điều này chứng tỏ…",Giữa nguyên nhân và kết quả có mối quan hệ sản sinh.,"Nguyên nhân luôn luôn có trước kết quả. 31 C. Một nguyên nhân nhất định, trong những hoàn cảnh giống nhau, sẽ tạo nên nh ững k ết quả giống nhau.",,Không chứng tỏ điều gì.,C,,,"Loại: Trắc nghiệm triết học; Phần: ; Câu 146: Vật trong chân không luôn chuyển động với gia tốc 9,8 m/s2; nước ở áp suất 1 atmôtphe luôn sôi ở 1000C. Điều này chứng tỏ… A. Giữa nguyên nhân và kết quả có mối quan hệ sản sinh. B. Nguyên nhân luôn luôn có trước kết quả. 31 C. Một nguyên nhân nhất định, trong những hoàn cảnh giống nhau, sẽ tạo nên nh ững k ết quả giống nhau. C.  D. Không chứng tỏ điều gì. Đáp án đúng: C. Giải thích:"
mcq_triet_147,147,"Cái do những nguyên nhân cơ bản bên trong của kết cấu vật chất quyết định và trong những điều kiện nhất định, nó phải xảy ra như thế chứ không thể khác được, gọi là gì?",Tất nhiên.,Ngẫu nhiên.,Hệ quả.,Khả năng.,A,,,"Loại: Trắc nghiệm triết học; Phần: ; Câu 147: Cái do những nguyên nhân cơ bản bên trong của kết cấu vật chất quyết định và trong những điều kiện nhất định, nó phải xảy ra như thế chứ không thể khác được, gọi là gì? A. Tất nhiên. B. Ngẫu nhiên. C. Hệ quả. D. Khả năng. Đáp án đúng: A. Giải thích:"
mcq_triet_148,148,"Cái không do mối liên hệ bản chất bên trong kết cấu vật chất, bên trong sự vật quyết định, mà do các nhân tố bên ngoài, do sự ngẫu hợp của nhiều hoàn cảnh bên ngoài quyết định, gọi là gì?",Tất nhiên.,Ngẫu nhiên.,Khả năng.,Không xác định,B,,,"Loại: Trắc nghiệm triết học; Phần: ; Câu 148: Cái không do mối liên hệ bản chất bên trong kết cấu vật chất, bên trong sự vật quyết định, mà do các nhân tố bên ngoài, do sự ngẫu hợp của nhiều hoàn cảnh bên ngoài quyết định, gọi là gì? A. Tất nhiên. B. Ngẫu nhiên. C. Khả năng. D. Không xác định Đáp án đúng: B. Giải thích:"
mcq_triet_149,149,Cái ngẫu nhiên là cái…,Diễn ra hoàn toàn không chịu sự chi phối của quy luật nào.,Hoàn toàn diễn ra theo quy luật.,Biểu hiện của quy luật.,Không biểu hiện của bất cứ quy luật nào.,C,,,Loại: Trắc nghiệm triết học; Phần: ; Câu 149: Cái ngẫu nhiên là cái… A. Diễn ra hoàn toàn không chịu sự chi phối của quy luật nào. B. Hoàn toàn diễn ra theo quy luật. C. Biểu hiện của quy luật. D. Không biểu hiện của bất cứ quy luật nào. Đáp án đúng: C. Giải thích:
mcq_triet_150,150,Cái tất nhiên tuân theo loại quy luật nào sau đây?,Quy luật động lực.,Quy luật thống kê.,Quy luật khách quan.,Cả ba đều đúng.,A,,,Loại: Trắc nghiệm triết học; Phần: ; Câu 150: Cái tất nhiên tuân theo loại quy luật nào sau đây? A. Quy luật động lực. B. Quy luật thống kê. C. Quy luật khách quan. D. Cả ba đều đúng. Đáp án đúng: A. Giải thích:
mcq_triet_151,151,"Ném một đồng xu có hai mặt đen và trắng lên trời, đồng xu rơi xuống và ngửa mặt đen 32 lên trên. Đấy là tất nhiên hay ngẫu nhiên?",Tất nhiên.,Ngẫu nhiên.,Vừa tất nhiên vừa ngẫu nhiên.,Không có phương án trả lời đúng.,C,,,"Loại: Trắc nghiệm triết học; Phần: ; Câu 151: Ném một đồng xu có hai mặt đen và trắng lên trời, đồng xu rơi xuống và ngửa mặt đen 32 lên trên. Đấy là tất nhiên hay ngẫu nhiên? A. Tất nhiên. B. Ngẫu nhiên. C. Vừa tất nhiên vừa ngẫu nhiên. D. Không có phương án trả lời đúng. Đáp án đúng: C. Giải thích:"
mcq_triet_152,152,Đêmôcrít là ngư ời đã…,Đề cao cái ngẫu nhiên.,Phủ định cái tất nhiên.,Phủ định cái ngẫu nhiên.,Tất cả đều sai.,C,,,Loại: Trắc nghiệm triết học; Phần: ; Câu 152: Đêmôcrít là ngư ời đã… A. Đề cao cái ngẫu nhiên. B. Phủ định cái tất nhiên. C. Phủ định cái ngẫu nhiên. D. Tất cả đều sai. Đáp án đúng: C. Giải thích:
mcq_triet_153,153,"… tồn tại khách quan, độc lập với ý thức của con người.",Tất nhiên và ngẫu nhiên.,Chỉ mỗi tất nhiên.,Chỉ mỗi ngẫu nhiên.,Tất nhiên và ngẫu nhiên đều không.,A,,,"Loại: Trắc nghiệm triết học; Phần: ; Câu 153: … tồn tại khách quan, độc lập với ý thức của con người. A. Tất nhiên và ngẫu nhiên. B. Chỉ mỗi tất nhiên. C. Chỉ mỗi ngẫu nhiên. D. Tất nhiên và ngẫu nhiên đều không. Đáp án đúng: A. Giải thích:"
mcq_triet_154,154,Câu nào dưới đây là câu đúng và đủ:,Tất nhiên có thể chuy ển hóa thành ngẫu nhiên.,Ngẫu nhiên có thể chuy ển hóa thành tất nhiên.,Tất nhiên và ngẫu nhiên không thể chuy ển hóa cho nhau.,Tất nhiên và ngẫu nhiên có thể chuy ển hóa cho nhau.,D,,,Loại: Trắc nghiệm triết học; Phần: ; Câu 154: Câu nào dưới đây là câu đúng và đủ: A. Tất nhiên có thể chuy ển hóa thành ngẫu nhiên. B. Ngẫu nhiên có thể chuy ển hóa thành tất nhiên. C. Tất nhiên và ngẫu nhiên không thể chuy ển hóa cho nhau. D. Tất nhiên và ngẫu nhiên có thể chuy ển hóa cho nhau. Đáp án đúng: D. Giải thích:
mcq_triet_155,155,C. Mác – Ph.Ăngghen cho rằng: Cái mà người ta quả quyết cho là… thì lại hoàn toàn do những cái… cấu thành; và cái được coi là… lại là hình thức trong đó ẩn nấp…,Tất yếu/ Ngẫu nhiên; Ngẫu nhiên/ Tất yếu.,Ngẫu nhiên/ Tất yếu; Tất yếu/ Ngẫu nhiên,Tất yếu/ Ngẫu nhiên; T ất yếu/ Ngẫu nhiên.,Ngẫu nhiên/ Tất yếu; Ngẫu nhiên/ Tất yếu,A,,,Loại: Trắc nghiệm triết học; Phần: ; Câu 155: C. Mác – Ph.Ăngghen cho rằng: Cái mà người ta quả quyết cho là… thì lại hoàn toàn do những cái… cấu thành; và cái được coi là… lại là hình thức trong đó ẩn nấp… A. Tất yếu/ Ngẫu nhiên; Ngẫu nhiên/ Tất yếu. B. Ngẫu nhiên/ Tất yếu; Tất yếu/ Ngẫu nhiên C. Tất yếu/ Ngẫu nhiên; T ất yếu/ Ngẫu nhiên. D. Ngẫu nhiên/ Tất yếu; Ngẫu nhiên/ Tất yếu Đáp án đúng: A. Giải thích:
mcq_triet_156,156,"V.I. Lênin cho rằng: Tính….không thể tách rời tính phổ biến. 33 A. Nhân quả B. Tất nhiên C. Đơn nhất D. Hiện thực Đáp án: B là đáp án đúng Câu 157: C. Mác cho rằng: Nếu như… không có tác dụng gì cả, thì lịch sử sẽ có một tính chất là rất thần bí.",Tất nhiên,Ngẫu nhiên,Nguyên nhân,Tất cả đều sai,B,,,"Loại: Trắc nghiệm triết học; Phần: ; Câu 156: V.I. Lênin cho rằng: Tính….không thể tách rời tính phổ biến. 33 A. Nhân quả B. Tất nhiên C. Đơn nhất D. Hiện thực Đáp án: B là đáp án đúng Câu 157: C. Mác cho rằng: Nếu như… không có tác dụng gì cả, thì lịch sử sẽ có một tính chất là rất thần bí. A. Tất nhiên B. Ngẫu nhiên C. Nguyên nhân D. Tất cả đều sai Đáp án đúng: B. Giải thích:"
mcq_triet_158,158,"Trong quá trình nhận thức và hoạt động thực tiễn, chúng ta cần…","Phủ nhận, gạt bỏ cái ngẫu nhiên","Phủ nhận, gạt bỏ cái tất nhiên",Căn cứ vào cả cái t ất nhiên và ngẫu nhiên,Cơ bản là phải căn cứ vào cái tất nhiên nhưng đồng thời phải tính tới cái ngẫu nhiên,D,,,"Loại: Trắc nghiệm triết học; Phần: ; Câu 158: Trong quá trình nhận thức và hoạt động thực tiễn, chúng ta cần… A. Phủ nhận, gạt bỏ cái ngẫu nhiên B. Phủ nhận, gạt bỏ cái tất nhiên C. Căn cứ vào cả cái t ất nhiên và ngẫu nhiên D. Cơ bản là phải căn cứ vào cái tất nhiên nhưng đồng thời phải tính tới cái ngẫu nhiên Đáp án đúng: D. Giải thích:"
mcq_triet_159,159,"…là tổng hợp tất cả những mặt, những yếu tố trong quá trình tạo nên sự vật",Khả năng,Hiện thực,Nội dung,Hình thức,C,,,"Loại: Trắc nghiệm triết học; Phần: ; Câu 159: …là tổng hợp tất cả những mặt, những yếu tố trong quá trình tạo nên sự vật A. Khả năng B. Hiện thực C. Nội dung D. Hình thức Đáp án đúng: C. Giải thích:"
mcq_triet_160,160,"…là phương thức tồn tại và phát triển của sự vật, là hệ thống các mối liên hệ tương đối bền vững giữa các yếu tố của sự vật đó.",Nguyên nhân,Kết quả,Nội dung,Hình thức,D,,,"Loại: Trắc nghiệm triết học; Phần: ; Câu 160: …là phương thức tồn tại và phát triển của sự vật, là hệ thống các mối liên hệ tương đối bền vững giữa các yếu tố của sự vật đó. A. Nguyên nhân B. Kết quả C. Nội dung D. Hình thức Đáp án đúng: D. Giải thích:"
mcq_triet_161,161,"Trong các cụm từ dưới đây, cụm từ nào được xem là” hình thức” trong cặp phạm trù 34 “nội dung – hình thức” mà Phép biện chứng duy vật nghiên cứu: “Truyện Kiều là…”",Tác phẩm của Nguy ễn Du,Tác phẩm thơ lục bát,Tác phẩm có bìa màu xanh,Tác phẩm ra đời vào thế kỷ XVIII,B,,,"Loại: Trắc nghiệm triết học; Phần: ; Câu 161: Trong các cụm từ dưới đây, cụm từ nào được xem là” hình thức” trong cặp phạm trù 34 “nội dung – hình thức” mà Phép biện chứng duy vật nghiên cứu: “Truyện Kiều là…” A. Tác phẩm của Nguy ễn Du B. Tác phẩm thơ lục bát C. Tác phẩm có bìa màu xanh D. Tác phẩm ra đời vào thế kỷ XVIII Đáp án đúng: B. Giải thích:"
mcq_triet_162,162,"Trong tác phẩm Biện chứng của tự nhiên, Ph.Ăngghen viết: toàn bộ giới tự nhiên hữu cơ là bằng chứng liên tục nói lên rằng… là đồng nhất và không thể tách rời được.",Nguyên nhân và kết quả,Khả năng và hiện thực,Nội dung và hình thức,Bản chất và hiện tượng,C,,,"Loại: Trắc nghiệm triết học; Phần: ; Câu 162: Trong tác phẩm Biện chứng của tự nhiên, Ph.Ăngghen viết: toàn bộ giới tự nhiên hữu cơ là bằng chứng liên tục nói lên rằng… là đồng nhất và không thể tách rời được. A. Nguyên nhân và kết quả B. Khả năng và hiện thực C. Nội dung và hình thức D. Bản chất và hiện tượng Đáp án đúng: C. Giải thích:"
mcq_triet_163,163,Không có… tồn tại thuần túy không chứa đựng… ngược lại cũng không có… lại không tồn tại trong một… xác định,Hình thức / Nội dung; Nội dung/ Hình thức,Nội dung/ Hình thức; Hình thức / Nội dung,Hiện tượng/ Bản chất; Bản chất/ Hiện tượng,Bản chất/ Hiện tượng; Hiện tượng/ Bản chất,A,,,Loại: Trắc nghiệm triết học; Phần: ; Câu 163: Không có… tồn tại thuần túy không chứa đựng… ngược lại cũng không có… lại không tồn tại trong một… xác định A. Hình thức / Nội dung; Nội dung/ Hình thức B. Nội dung/ Hình thức; Hình thức / Nội dung C. Hiện tượng/ Bản chất; Bản chất/ Hiện tượng D. Bản chất/ Hiện tượng; Hiện tượng/ Bản chất Đáp án đúng: A. Giải thích:
mcq_triet_164,164,"Trong quá trình vận động, phát triển của sự vật,… giữ vai trò quyết định…",Hình thức/Nội dung,Nội dung/Hình thức,Hiện tượng/B ản chất,Ngẫu nhiên/T ất nhiên,B,,,"Loại: Trắc nghiệm triết học; Phần: ; Câu 164: Trong quá trình vận động, phát triển của sự vật,… giữ vai trò quyết định… A. Hình thức/Nội dung B. Nội dung/Hình thức C. Hiện tượng/B ản chất D. Ngẫu nhiên/T ất nhiên Đáp án đúng: B. Giải thích:"
mcq_triet_165,165,"Giữa nội dung và hình thức, yếu tố nào chậm biến đổi hơn?",Nội dung,Hình thức,Cả hai đ ều như nhau,,B,,,"Loại: Trắc nghiệm triết học; Phần: ; Câu 165: Giữa nội dung và hình thức, yếu tố nào chậm biến đổi hơn? A. Nội dung B. Hình thức C. Cả hai đ ều như nhau D.  Đáp án đúng: B. Giải thích:"
mcq_triet_166,166,"Khuynh hướng chủ đạo của nội dung là gì? 35 A. Biến đổi B. Ổn định C. Cả hai đều sai Đáp án: A là đáp án đúng Câu 167: Sự biến đổi, phát triển của sự vật bao giờ cũng bắt đầu từ sự biến đổi, phát triển của…",Hình thức,Nội dung,Cả hai biến đổi cùng một lần,"A, B, C đều sai",A,,,"Loại: Trắc nghiệm triết học; Phần: ; Câu 166: Khuynh hướng chủ đạo của nội dung là gì? 35 A. Biến đổi B. Ổn định C. Cả hai đều sai Đáp án: A là đáp án đúng Câu 167: Sự biến đổi, phát triển của sự vật bao giờ cũng bắt đầu từ sự biến đổi, phát triển của… A. Hình thức B. Nội dung C. Cả hai biến đổi cùng một lần D. A, B, C đều sai Đáp án đúng: A. Giải thích:"
mcq_triet_168,168,V.I.Lênin viết: Những… cũ đã bị phá vỡ vì… mới của chúng,Hình thức/Nội dung,Nội dung/Hình thức,Hiện tượng/B ản chất,,A,,,Loại: Trắc nghiệm triết học; Phần: ; Câu 168: V.I.Lênin viết: Những… cũ đã bị phá vỡ vì… mới của chúng A. Hình thức/Nội dung B. Nội dung/Hình thức C. Hiện tượng/B ản chất D.  Đáp án đúng: A. Giải thích:
mcq_triet_169,169,"Trong mối quan hệ giữa” lực lượng sản xuất và quan hệ sản xuất” , yếu tố nào là nội dung, yếu tố nào là hình thức?",Lực lượng sản xuất là nội dung - quan hệ sản xuất là hình thức,Quan hệ sản xuất là nội dung - lực lượng sản xuất là hình thức,Lực lượng sản xuất và quan hệ sản xuất đều là nội dung,Lực lượng sản xuất và quan hệ sản xuất đều là hình thức,A,,,"Loại: Trắc nghiệm triết học; Phần: ; Câu 169: Trong mối quan hệ giữa” lực lượng sản xuất và quan hệ sản xuất” , yếu tố nào là nội dung, yếu tố nào là hình thức? A. Lực lượng sản xuất là nội dung - quan hệ sản xuất là hình thức B. Quan hệ sản xuất là nội dung - lực lượng sản xuất là hình thức C. Lực lượng sản xuất và quan hệ sản xuất đều là nội dung D. Lực lượng sản xuất và quan hệ sản xuất đều là hình thức Đáp án đúng: A. Giải thích:"
mcq_triet_170,170,"Ngược lại với chủ nghĩa giáo điều tả khuynh, chủ nghĩa giáo điều hữu khuynh…",Luôn phủ nhận những hình thức cũ,Chỉ thừa nhận những hình thức cũ,Luôn đề cao những nội dung mới,Cả ba đều sai,B,,,"Loại: Trắc nghiệm triết học; Phần: ; Câu 170: Ngược lại với chủ nghĩa giáo điều tả khuynh, chủ nghĩa giáo điều hữu khuynh… A. Luôn phủ nhận những hình thức cũ B. Chỉ thừa nhận những hình thức cũ C. Luôn đề cao những nội dung mới D. Cả ba đều sai Đáp án đúng: B. Giải thích:"
mcq_triet_171,171,"C.Mác cho rằng: nếu… của sự vật là nhất trí với nhau, thì tất thảy khoa học sẽ trở nên thừa",Nội dung và hình thức,Hiện tượng và bản chất 36 C. Nguyên nhân và kết quả,,"Cả A, B, C đều sai",B,,,"Loại: Trắc nghiệm triết học; Phần: ; Câu 171: C.Mác cho rằng: nếu… của sự vật là nhất trí với nhau, thì tất thảy khoa học sẽ trở nên thừa A. Nội dung và hình thức B. Hiện tượng và bản chất 36 C. Nguyên nhân và kết quả C.  D. Cả A, B, C đều sai Đáp án đúng: B. Giải thích:"
mcq_triet_172,172,"Tổng hợp tất cả những mặt, những mối liên hệ tất nhiên, tương đối ổn định bên trong sự vật, quy định sự vận động và phát triển của sự vật gọi là gì?",Bản chất,Hiện tượng,Nội dung,Hình thức,A,,,"Loại: Trắc nghiệm triết học; Phần: ; Câu 172: Tổng hợp tất cả những mặt, những mối liên hệ tất nhiên, tương đối ổn định bên trong sự vật, quy định sự vận động và phát triển của sự vật gọi là gì? A. Bản chất B. Hiện tượng C. Nội dung D. Hình thức Đáp án đúng: A. Giải thích:"
mcq_triet_173,173,Hiện tượng là…,Một bộ phận của bản chất,Luôn đồng nhất với bản chất,Biểu hiện bên ngoài c ủa bản chất,Kết quả của bản chất,C,,,Loại: Trắc nghiệm triết học; Phần: ; Câu 173: Hiện tượng là… A. Một bộ phận của bản chất B. Luôn đồng nhất với bản chất C. Biểu hiện bên ngoài c ủa bản chất D. Kết quả của bản chất Đáp án đúng: C. Giải thích:
mcq_triet_174,174,"Trong chủ nghĩa tư bản, … quan hệ giữa giai cấp tư sản và giai cấp công nhân là quan hệ bóc lột",Hình thức,Nội dung,Bản chất,Hiện tượng,C,,,"Loại: Trắc nghiệm triết học; Phần: ; Câu 174: Trong chủ nghĩa tư bản, … quan hệ giữa giai cấp tư sản và giai cấp công nhân là quan hệ bóc lột A. Hình thức B. Nội dung C. Bản chất D. Hiện tượng Đáp án đúng: C. Giải thích:"
mcq_triet_175,175,“Thế giới những thực thể tinh thần tồn tại vĩnh viễn và bất biến là bản chất chân chính của mọi sự vật”. Đây là quan niệm của ai?,Đêmôcrít,Hêraclít,Platôn,Ph. Ăngghen,C,,,Loại: Trắc nghiệm triết học; Phần: ; Câu 175: “Thế giới những thực thể tinh thần tồn tại vĩnh viễn và bất biến là bản chất chân chính của mọi sự vật”. Đây là quan niệm của ai? A. Đêmôcrít B. Hêraclít C. Platôn D. Ph. Ăngghen Đáp án đúng: C. Giải thích:
mcq_triet_176,176,"“Bản chất chỉ là tên gọi trống rỗng mà con người tưởng tượng ra, nó không tồn tại trên thực tế”. Đây là quan niệm của trường phái triết học nào? 37 A. Duy tâm khách quan B. Bất khả vi C. Duy vật biện chứng D. Duy tâm chủ quan Đáp án: D là đáp án đúng Câu 177: Chủ nghĩa duy vật biện chứng cho rằng: Bản chất là cái…và gắn liền với sự vật",Không tồn tại ở hiện thực,Tồn tại khách quan,Tồn tại chủ quan,Duy tâm chủ quan,D,,,"Loại: Trắc nghiệm triết học; Phần: ; Câu 176: “Bản chất chỉ là tên gọi trống rỗng mà con người tưởng tượng ra, nó không tồn tại trên thực tế”. Đây là quan niệm của trường phái triết học nào? 37 A. Duy tâm khách quan B. Bất khả vi C. Duy vật biện chứng D. Duy tâm chủ quan Đáp án: D là đáp án đúng Câu 177: Chủ nghĩa duy vật biện chứng cho rằng: Bản chất là cái…và gắn liền với sự vật A. Không tồn tại ở hiện thực B. Tồn tại khách quan C. Tồn tại chủ quan D. Duy tâm chủ quan Đáp án đúng: D. Giải thích:"
mcq_triet_178,178,"V.I.Lênin cho rằng: Nhận thức đi từ… đến…, từ bản chất ít sâu sắc đến bản ch ất sâu sắc hơn.",Hình thức/Nội dung,Nội dung/Hình thức,Bản chất/Hi ện tượng,Hiện tượng/B ản chất,D,,,"Loại: Trắc nghiệm triết học; Phần: ; Câu 178: V.I.Lênin cho rằng: Nhận thức đi từ… đến…, từ bản chất ít sâu sắc đến bản ch ất sâu sắc hơn. A. Hình thức/Nội dung B. Nội dung/Hình thức C. Bản chất/Hi ện tượng D. Hiện tượng/B ản chất Đáp án đúng: D. Giải thích:"
mcq_triet_179,179,"Trong tác phẩm Bút ký triết học, V.I.Lênin có ví mối quan hệ giữa”… và…” với sự vận động của một con sông - bọt ở bên trên và luồng nước sâu ở dưới",Nội dung và hình thức,Khả năng và hiện thực,Hiện tượng và bản chất,Tất yếu và ngẫu nhiên,C,,,"Loại: Trắc nghiệm triết học; Phần: ; Câu 179: Trong tác phẩm Bút ký triết học, V.I.Lênin có ví mối quan hệ giữa”… và…” với sự vận động của một con sông - bọt ở bên trên và luồng nước sâu ở dưới A. Nội dung và hình thức B. Khả năng và hiện thực C. Hiện tượng và bản chất D. Tất yếu và ngẫu nhiên Đáp án đúng: C. Giải thích:"
mcq_triet_180,180,"… tương đối ổn định, biến đổi chậm. Ngược lại, … không ổn định mà luôn biến đổi",Nội dung/ Hình thức,Bản chất/ Hi ện tượng,Hiện tượng/ Bản chất,,B,,,"Loại: Trắc nghiệm triết học; Phần: ; Câu 180: … tương đối ổn định, biến đổi chậm. Ngược lại, … không ổn định mà luôn biến đổi A. Nội dung/ Hình thức B. Bản chất/ Hi ện tượng C. Hiện tượng/ Bản chất D.  Đáp án đúng: B. Giải thích:"
mcq_triet_181,181,"Cùng một…có thể có nhiều…khác nhau, tùy theo sự thay đổi của điều kiện và hoàn cảnh",Nội dung/ Hình thức 38 B. Bản chất/ Hi ện tượng,,Nguyên nhân/ Kết quả,"Cả A, B, C",B,,,"Loại: Trắc nghiệm triết học; Phần: ; Câu 181: Cùng một…có thể có nhiều…khác nhau, tùy theo sự thay đổi của điều kiện và hoàn cảnh A. Nội dung/ Hình thức 38 B. Bản chất/ Hi ện tượng B.  C. Nguyên nhân/ Kết quả D. Cả A, B, C Đáp án đúng: B. Giải thích:"
mcq_triet_182,182,"Phạm trù triết học dùng để chỉ những gì hiện có, hiện đang tồn tại thực sự, gọi là gì?",Kết quả,Hiện thực.,Khả năng.,Hiện thực khách quan.,B,,,"Loại: Trắc nghiệm triết học; Phần: ; Câu 182: Phạm trù triết học dùng để chỉ những gì hiện có, hiện đang tồn tại thực sự, gọi là gì? A. Kết quả B. Hiện thực. C. Khả năng. D. Hiện thực khách quan. Đáp án đúng: B. Giải thích:"
mcq_triet_183,183,"Phạm trù triết học dùng để chỉ những gì chưa có, nhưng sẽ có, sẽ tới khi có điều kiện tương ứng thích hợp gọi là gì?",Nguyên nhân.,Tất nhiên.,Khả năng.,Hiện thực.,C,,,"Loại: Trắc nghiệm triết học; Phần: ; Câu 183: Phạm trù triết học dùng để chỉ những gì chưa có, nhưng sẽ có, sẽ tới khi có điều kiện tương ứng thích hợp gọi là gì? A. Nguyên nhân. B. Tất nhiên. C. Khả năng. D. Hiện thực. Đáp án đúng: C. Giải thích:"
mcq_triet_184,184,Hiện thực khách quan có thể bao gồm cả…,Khả năng và hiện thực.,Vật chất và ý thức.,Hiện thực.,Tất cả đều sai.,D,,,Loại: Trắc nghiệm triết học; Phần: ; Câu 184: Hiện thực khách quan có thể bao gồm cả… A. Khả năng và hiện thực. B. Vật chất và ý thức. C. Hiện thực. D. Tất cả đều sai. Đáp án đúng: D. Giải thích:
mcq_triet_185,185,Khả năng là cái hiện thực…,Đã xảy ra.,Chưa.,Không bao giờ xảy ra.,Đang tồn tại.,B,,,Loại: Trắc nghiệm triết học; Phần: ; Câu 185: Khả năng là cái hiện thực… A. Đã xảy ra. B. Chưa. C. Không bao giờ xảy ra. D. Đang tồn tại. Đáp án đúng: B. Giải thích:
mcq_triet_186,186,"Trong những điều kiện nhất định, ở cùng một sự vật, có thể tồn tại nhiều khả năng không?",Không thể. 39 B. Có thể.,,Vừa không thể mà có thể.,Tất cả đều sai.,B,,,"Loại: Trắc nghiệm triết học; Phần: ; Câu 186: Trong những điều kiện nhất định, ở cùng một sự vật, có thể tồn tại nhiều khả năng không? A. Không thể. 39 B. Có thể. B.  C. Vừa không thể mà có thể. D. Tất cả đều sai. Đáp án đúng: B. Giải thích:"
mcq_triet_187,187,Hạt thóc khi gieo xuống đất có thể nảy mầm thành cây lúa. Vậy hạt thóc là…,Khả năng.,Hiện thực.,Không phải hiện thực.,Vừa khả năng vừa hiện thực.,D,,,Loại: Trắc nghiệm triết học; Phần: ; Câu 187: Hạt thóc khi gieo xuống đất có thể nảy mầm thành cây lúa. Vậy hạt thóc là… A. Khả năng. B. Hiện thực. C. Không phải hiện thực. D. Vừa khả năng vừa hiện thực. Đáp án đúng: D. Giải thích:
mcq_triet_188,188,Ở tronng lĩnh vực… khả năng không thể tự nó biến thành hiện thực nếu không có sự tham gia của con người.,Tự nhiên.,Tự nhiên và xã hội.,Xã hội.,Tự nhiên và tư duy .,C,,,Loại: Trắc nghiệm triết học; Phần: ; Câu 188: Ở tronng lĩnh vực… khả năng không thể tự nó biến thành hiện thực nếu không có sự tham gia của con người. A. Tự nhiên. B. Tự nhiên và xã hội. C. Xã hội. D. Tự nhiên và tư duy . Đáp án đúng: C. Giải thích:
mcq_triet_189,189,V.l. Lenin khẳng định: Chủ nghĩa Mác dựa vào… chứ không phải dựa vào… để vạch ra đương lối chính trị của mình.,Khả năng/ Hiện thực.,Hiện thực/ Ngẫu nhiên.,Hiện thực/ Khả năng.,Tất yếu/ Ngẫu nhiên.,C,,,Loại: Trắc nghiệm triết học; Phần: ; Câu 189: V.l. Lenin khẳng định: Chủ nghĩa Mác dựa vào… chứ không phải dựa vào… để vạch ra đương lối chính trị của mình. A. Khả năng/ Hiện thực. B. Hiện thực/ Ngẫu nhiên. C. Hiện thực/ Khả năng. D. Tất yếu/ Ngẫu nhiên. Đáp án đúng: C. Giải thích:
mcq_triet_190,190,"“Hiện thực chủ quan”, khi cần thiết có thể dùng để chỉ…",Ý thức.,Vật chất.,Khả năng.,Hiện thực khách quan.,A,,,"Loại: Trắc nghiệm triết học; Phần: ; Câu 190: “Hiện thực chủ quan”, khi cần thiết có thể dùng để chỉ… A. Ý thức. B. Vật chất. C. Khả năng. D. Hiện thực khách quan. Đáp án đúng: A. Giải thích:"
mcq_triet_191,191,Phép biện chứng nghiên cứu nhưng quy luật nào?,Những quy luật riêng trong t ừng lĩnh vực cụ thể. 40 B. Những quy luật chung tác động trong m ột số lĩnh vực nhất định.,,Các quy luật phổ biến trong mọi lĩnh vực tồn tại của thế giới.,"Cả A, B, C.",C,,,"Loại: Trắc nghiệm triết học; Phần: ; Câu 191: Phép biện chứng nghiên cứu nhưng quy luật nào? A. Những quy luật riêng trong t ừng lĩnh vực cụ thể. 40 B. Những quy luật chung tác động trong m ột số lĩnh vực nhất định. B.  C. Các quy luật phổ biến trong mọi lĩnh vực tồn tại của thế giới. D. Cả A, B, C. Đáp án đúng: C. Giải thích:"
mcq_triet_192,192,Phép biện chứng nghiên cứu những quy luật cơ bản nào?,Quy luật thống nhất và đấu tranh của các mặt đối lập.,Quy luật những thay đổi về lượng dẫn tới những thay đổi về chất và ngược lại.,Quy luật phủ định của phủ định.,"Cả A, B, C.",D,,,"Loại: Trắc nghiệm triết học; Phần: ; Câu 192: Phép biện chứng nghiên cứu những quy luật cơ bản nào? A. Quy luật thống nhất và đấu tranh của các mặt đối lập. B. Quy luật những thay đổi về lượng dẫn tới những thay đổi về chất và ngược lại. C. Quy luật phủ định của phủ định. D. Cả A, B, C. Đáp án đúng: D. Giải thích:"
mcq_triet_193,193,Thế nào là mâu thuẫn biện chứng?,Có hai mặt khác nhau.,Có hai mặt trái ngược nhau.,Có hai mặt đối lập nhau.,Sự thống nhất của các mặt đối lập.,D,,,Loại: Trắc nghiệm triết học; Phần: ; Câu 193: Thế nào là mâu thuẫn biện chứng? A. Có hai mặt khác nhau. B. Có hai mặt trái ngược nhau. C. Có hai mặt đối lập nhau. D. Sự thống nhất của các mặt đối lập. Đáp án đúng: D. Giải thích:
mcq_triet_194,194,Mâu thuẫn của sự vật diễn biến như thế nào?,Có sự khác biệt của hai mặt trong s ự vật.,Có sự đối lập của hai mặt đối lập.,Có sự chuy ễn hóa của hai mặt đối lập.,Cả ba phương án trên.,D,,,Loại: Trắc nghiệm triết học; Phần: ; Câu 194: Mâu thuẫn của sự vật diễn biến như thế nào? A. Có sự khác biệt của hai mặt trong s ự vật. B. Có sự đối lập của hai mặt đối lập. C. Có sự chuy ễn hóa của hai mặt đối lập. D. Cả ba phương án trên. Đáp án đúng: D. Giải thích:
mcq_triet_195,195,Thế nào là thể thống nhất của hai mặt đối lập?,Quy định lẫn nhau.,Tương đồng giữa các mặt đối lập.,Tác dụng ngang bằng giữa cac maự đối lập.,"Cả A, B, C.",D,,,"Loại: Trắc nghiệm triết học; Phần: ; Câu 195: Thế nào là thể thống nhất của hai mặt đối lập? A. Quy định lẫn nhau. B. Tương đồng giữa các mặt đối lập. C. Tác dụng ngang bằng giữa cac maự đối lập. D. Cả A, B, C. Đáp án đúng: D. Giải thích:"
mcq_triet_196,196,Thế nào là mặt đối lập?,Hai mặt khác nhau.,Thu ộc tính khác nhau.,"Vận động theo khuynh hướng khác nhau. 41 D. Cả A, B, C.",,D,,,"Loại: Trắc nghiệm triết học; Phần: ; Câu 196: Thế nào là mặt đối lập? A. Hai mặt khác nhau. B. Thu ộc tính khác nhau. C. Vận động theo khuynh hướng khác nhau. 41 D. Cả A, B, C. D.  Đáp án đúng: D. Giải thích:"
mcq_triet_197,197,"Khi nào khái niệm “đồng nhất”, “đồng chất” được hiểu như khái niệm “thống nhất”.",Cùng một nguồn gốc “đồng chất” mà vẫn đối lập.,"Ràng buộc, quy định, làm tiền đề tồn tại cho nhau.","Xâm nhập vào nhau, cùng chuy ển hóa.","Cả A, B, C.",D,,,"Loại: Trắc nghiệm triết học; Phần: ; Câu 197: Khi nào khái niệm “đồng nhất”, “đồng chất” được hiểu như khái niệm “thống nhất”. A. Cùng một nguồn gốc “đồng chất” mà vẫn đối lập. B. Ràng buộc, quy định, làm tiền đề tồn tại cho nhau. C. Xâm nhập vào nhau, cùng chuy ển hóa. D. Cả A, B, C. Đáp án đúng: D. Giải thích:"
mcq_triet_198,198,Những đặc trưng cơ bản của hai mặt đối lập trong thể thống nhất.,Tính chất khác nhau.,Thu ộc tính đối lập nhau.,Vận động theo xu thế khác nhau.,Cả B và C.,D,,,Loại: Trắc nghiệm triết học; Phần: ; Câu 198: Những đặc trưng cơ bản của hai mặt đối lập trong thể thống nhất. A. Tính chất khác nhau. B. Thu ộc tính đối lập nhau. C. Vận động theo xu thế khác nhau. D. Cả B và C. Đáp án đúng: D. Giải thích:
mcq_triet_199,199,Các mặt đối lập thế nào sẽ tạo thành một thể thống nhất (một mâu thuẫn).,Các mặt đối lập quy định lẫn nhau.,Tác động lẫn nhau.,Chuy ển hóa lẫn nhau.,"Cả A, B, C.",D,,,"Loại: Trắc nghiệm triết học; Phần: ; Câu 199: Các mặt đối lập thế nào sẽ tạo thành một thể thống nhất (một mâu thuẫn). A. Các mặt đối lập quy định lẫn nhau. B. Tác động lẫn nhau. C. Chuy ển hóa lẫn nhau. D. Cả A, B, C. Đáp án đúng: D. Giải thích:"
mcq_triet_200,200,Thế nào là đấu tranh của các mặt đối lập trong một thể thống nhất?,Xung đột gay gắt nhau.,"Bài trừ, loại bỏ, gạt bỏ nhau giữa hai mặt đối lập.","Phủ định nhau, dẫn đến chuy ển hóa.",Cả B và C.,D,,,"Loại: Trắc nghiệm triết học; Phần: ; Câu 200: Thế nào là đấu tranh của các mặt đối lập trong một thể thống nhất? A. Xung đột gay gắt nhau. B. Bài trừ, loại bỏ, gạt bỏ nhau giữa hai mặt đối lập. C. Phủ định nhau, dẫn đến chuy ển hóa. D. Cả B và C. Đáp án đúng: D. Giải thích:"
mcq_triet_201,201,"Hãy sắp xếp theo trình tự xuất hiện từ sớm nhất đến muộn nhất các hình thức thế giới quan sau: Triết học, tôn giáo, thần thoại",Tôn giáo - thần thoại - triết học Th ần thoại - tôn giáo - triết học,,Triết học - tôn giáo - thần thoại,Thần thoại - triết học - tôn giáo 42 Đáp án: B là đáp án đúng,,,,"Loại: Trắc nghiệm triết học; Phần: ; Câu 201: Hãy sắp xếp theo trình tự xuất hiện từ sớm nhất đến muộn nhất các hình thức thế giới quan sau: Triết học, tôn giáo, thần thoại A. Tôn giáo - thần thoại - triết học Th ần thoại - tôn giáo - triết học B.  C. Triết học - tôn giáo - thần thoại D. Thần thoại - triết học - tôn giáo 42 Đáp án: B là đáp án đúng Đáp án đúng: . Giải thích:"
mcq_triet_202,202,Triết học ra đời vào thời gian nào?,Thiên niên kỷ II. TCN,Thế kỷ VIII – thế kỷ VI trước CN,Thế kỷ II sau CN,,B,,,Loại: Trắc nghiệm triết học; Phần: ; Câu 202: Triết học ra đời vào thời gian nào? A. Thiên niên kỷ II. TCN B. Thế kỷ VIII – thế kỷ VI trước CN C. Thế kỷ II sau CN D.  Đáp án đúng: B. Giải thích:
mcq_triet_203,203,Triết học ra đời sớm nhất ở đâu?,"Ấn Độ, Châu Phi, Nga","Ấn Độ, Trung Quốc, Hy Lạp","Ai Cập, Ấn Độ, Trung Quốc",,B,,,"Loại: Trắc nghiệm triết học; Phần: ; Câu 203: Triết học ra đời sớm nhất ở đâu? A. Ấn Độ, Châu Phi, Nga B. Ấn Độ, Trung Quốc, Hy Lạp C. Ai Cập, Ấn Độ, Trung Quốc D.  Đáp án đúng: B. Giải thích:"
mcq_triet_204,204,Triết học nghiên cứu thế giới như thế nào?,Như một chỉnh thể thống nhất,Như một đối tượng vật chất cụ thể,Như một hệ đối tượng vật chất nhất định,,A,,,Loại: Trắc nghiệm triết học; Phần: ; Câu 204: Triết học nghiên cứu thế giới như thế nào? A. Như một chỉnh thể thống nhất B. Như một đối tượng vật chất cụ thể C. Như một hệ đối tượng vật chất nhất định D.  Đáp án đúng: A. Giải thích:
mcq_triet_205,205,Triết học là gì?,Triết học là tri thức về thế giới tự nhiên,Triết học là tri thức về tự nhiên và xã hội,Triết học là tri thức lý luận của con người về thế giới,Triết học là hệ thống tri thức lý luận chung nhất của con người về thế giới và vị trí của con người trong thế giới.,D,,,Loại: Trắc nghiệm triết học; Phần: ; Câu 205: Triết học là gì? A. Triết học là tri thức về thế giới tự nhiên B. Triết học là tri thức về tự nhiên và xã hội C. Triết học là tri thức lý luận của con người về thế giới D. Triết học là hệ thống tri thức lý luận chung nhất của con người về thế giới và vị trí của con người trong thế giới. Đáp án đúng: D. Giải thích:
mcq_triet_206,206,Triết học ra đời trong điều kiện nào?,Xã hội phân chia thành giai cấp,Xuất hiện tầng lớp lao động trí óc,Tư duy của con người đạt trình độ tư duy khái quát cao và xuất hiện tầng lớp lao động trí óc có khả năng hệ thống tri thức của con người,,C,,,Loại: Trắc nghiệm triết học; Phần: ; Câu 206: Triết học ra đời trong điều kiện nào? A. Xã hội phân chia thành giai cấp B. Xuất hiện tầng lớp lao động trí óc C. Tư duy của con người đạt trình độ tư duy khái quát cao và xuất hiện tầng lớp lao động trí óc có khả năng hệ thống tri thức của con người D.  Đáp án đúng: C. Giải thích:
mcq_triet_207,207,Triết học ra đời từ đâu?,"Từ thực tiễn, do nhu cầu của thực tiễn",Từ sự suy tư của con người về bản thân mình 43 C. Từ sự sáng tạo của nhà tư tưởng,,Từ sự vận động của ý muốn chủ quan của con người,A,,,"Loại: Trắc nghiệm triết học; Phần: ; Câu 207: Triết học ra đời từ đâu? A. Từ thực tiễn, do nhu cầu của thực tiễn B. Từ sự suy tư của con người về bản thân mình 43 C. Từ sự sáng tạo của nhà tư tưởng C.  D. Từ sự vận động của ý muốn chủ quan của con người Đáp án đúng: A. Giải thích:"
mcq_triet_208,208,Đối tượng của triết học có thay đổi trong lịch sử không?,Không,Có,,,B,,,Loại: Trắc nghiệm triết học; Phần: ; Câu 208: Đối tượng của triết học có thay đổi trong lịch sử không? A. Không B. Có C.  D.  Đáp án đúng: B. Giải thích:
mcq_triet_209,209,Tên gọi thời kỳ Phục Hưng ở Tây Âu có nghĩa là gì?,Khôi phục chủ nghĩa duy vật thời kỳ cổ đại,Khôi phục triết học thời kỳ cổ đại.,Khôi phục nền văn hoá cổ đại.,Khôi phục phép biện chứng tự phát thời kỳ cổ đại,C,,,Loại: Trắc nghiệm triết học; Phần: ; Câu 209: Tên gọi thời kỳ Phục Hưng ở Tây Âu có nghĩa là gì? A. Khôi phục chủ nghĩa duy vật thời kỳ cổ đại B. Khôi phục triết học thời kỳ cổ đại. C. Khôi phục nền văn hoá cổ đại. D. Khôi phục phép biện chứng tự phát thời kỳ cổ đại Đáp án đúng: C. Giải thích:
mcq_triet_210,210,Thời kỳ Phục Hưng là thời kỳ quá độ từ hình thái kinh tế - xã hội nào sang hình thái kinh tế - xã hội nào?,Từ hình thái kinh tế - xã hội chiếm hữu nô lệ sang hình thái kinh tế - xã hội phong kiến.,Từ hình thái kinh tế - xã hội phong kiến sang kình thái kinh tế - xã hội tư bản chủ nghĩa.,Từ hình thái kinh tế - xã hội TBCN sang hình thái kinh tế - xã hội XHCN.,Từ hình thái kinh tế xã hội cộng sản nguyên thuỷ sang hình thái kinh tế xã hội chiếm hữu nô lệ,B,,,Loại: Trắc nghiệm triết học; Phần: ; Câu 210: Thời kỳ Phục Hưng là thời kỳ quá độ từ hình thái kinh tế - xã hội nào sang hình thái kinh tế - xã hội nào? A. Từ hình thái kinh tế - xã hội chiếm hữu nô lệ sang hình thái kinh tế - xã hội phong kiến. B. Từ hình thái kinh tế - xã hội phong kiến sang kình thái kinh tế - xã hội tư bản chủ nghĩa. C. Từ hình thái kinh tế - xã hội TBCN sang hình thái kinh tế - xã hội XHCN. D. Từ hình thái kinh tế xã hội cộng sản nguyên thuỷ sang hình thái kinh tế xã hội chiếm hữu nô lệ Đáp án đúng: B. Giải thích:
mcq_triet_211,211,Khoa học tự nhiên bắt đầu có sự phát triển mạnh mẽ vào thời kỳ nào?,Thời kỳ Phục Hưng,Thời kỳ trung cổ,Thời kỳ cổ đại,Thời kỳ cận đại,A,,,Loại: Trắc nghiệm triết học; Phần: ; Câu 211: Khoa học tự nhiên bắt đầu có sự phát triển mạnh mẽ vào thời kỳ nào? A. Thời kỳ Phục Hưng B. Thời kỳ trung cổ C. Thời kỳ cổ đại D. Thời kỳ cận đại Đáp án đúng: A. Giải thích:
mcq_triet_212,212,Quan hệ giữa khoa học tự nhiên với thần học ở thời kỳ Phục Hưng như thế nào?,Khoa học tự nhiên hoàn toàn phụ thuộc vào thần học và tôn giáo,Khoa học tự nhiên hoàn toàn độc lập với thần học và tôn giáo.,Khoa học tự nhiên dần dần độc lập với thần học và tôn giáo,,C,,,Loại: Trắc nghiệm triết học; Phần: ; Câu 212: Quan hệ giữa khoa học tự nhiên với thần học ở thời kỳ Phục Hưng như thế nào? A. Khoa học tự nhiên hoàn toàn phụ thuộc vào thần học và tôn giáo B. Khoa học tự nhiên hoàn toàn độc lập với thần học và tôn giáo. C. Khoa học tự nhiên dần dần độc lập với thần học và tôn giáo D.  Đáp án đúng: C. Giải thích:
mcq_triet_213,213,"Về khách quan, sự phát triển khoa học tự nhiên và thế giới quan duy tâm tôn giáo 44 quan hệ với nhau như thế nào?",Sự phát triển khoa học tự nhiên củng cố thế giới quan duy tâm tôn giáo.,Sự phát triển KHTN không ảnh hưởng gì đến thế giới quan duy tâm tôn giáo.,Sự phát triển KHTN trở thành vũ khí chống lại thế giới quan duy tâm tôn giáo.,,C,,,"Loại: Trắc nghiệm triết học; Phần: ; Câu 213: Về khách quan, sự phát triển khoa học tự nhiên và thế giới quan duy tâm tôn giáo 44 quan hệ với nhau như thế nào? A. Sự phát triển khoa học tự nhiên củng cố thế giới quan duy tâm tôn giáo. B. Sự phát triển KHTN không ảnh hưởng gì đến thế giới quan duy tâm tôn giáo. C. Sự phát triển KHTN trở thành vũ khí chống lại thế giới quan duy tâm tôn giáo. D.  Đáp án đúng: C. Giải thích:"
mcq_triet_214,214,Trong thời kỳ Phục Hưng giai cấp tư sản có vị trí như thế nào đối với sự phát triển xã hội?,"Là giai cấp tiến bộ, cách mạng",Là giai cấp thống trị xã hội.,Là giai cấp bảo thủ lạc hậu.,,A,,,"Loại: Trắc nghiệm triết học; Phần: ; Câu 214: Trong thời kỳ Phục Hưng giai cấp tư sản có vị trí như thế nào đối với sự phát triển xã hội? A. Là giai cấp tiến bộ, cách mạng B. Là giai cấp thống trị xã hội. C. Là giai cấp bảo thủ lạc hậu. D.  Đáp án đúng: A. Giải thích:"
mcq_triet_215,215,"Những nhà khoa học và triết học: Côpécních, Brunô, thuộc thời kỳ nào?",Thời kỳ cổ đại.,Thời kỳ trung cổ,Thời kỳ Phục Hưng,Thời kỳ cận đại.,C,,,"Loại: Trắc nghiệm triết học; Phần: ; Câu 215: Những nhà khoa học và triết học: Côpécních, Brunô, thuộc thời kỳ nào? A. Thời kỳ cổ đại. B. Thời kỳ trung cổ C. Thời kỳ Phục Hưng D. Thời kỳ cận đại. Đáp án đúng: C. Giải thích:"
mcq_triet_216,216,Nicôlai Côpécních là nhà khoa học của nước nào?,Italia,Đức,Balan,Pháp,C,,,Loại: Trắc nghiệm triết học; Phần: ; Câu 216: Nicôlai Côpécních là nhà khoa học của nước nào? A. Italia B. Đức C. Balan D. Pháp Đáp án đúng: C. Giải thích:
mcq_triet_217,217,Nicôlai Côpécních đã đưa ra học thuyết nào?,Thuyết trái đất là trung tâm của vũ trụ.,Thuyết cấu tạo nguyên tử của vật chất.,Thuyết ý niệm là nguồn gốc của thế giới.,Thuyết mặt trời là trung tâm của vũ trụ.,D,,,Loại: Trắc nghiệm triết học; Phần: ; Câu 217: Nicôlai Côpécních đã đưa ra học thuyết nào? A. Thuyết trái đất là trung tâm của vũ trụ. B. Thuyết cấu tạo nguyên tử của vật chất. C. Thuyết ý niệm là nguồn gốc của thế giới. D. Thuyết mặt trời là trung tâm của vũ trụ. Đáp án đúng: D. Giải thích:
mcq_triet_218,218,Học thuyết về vũ trụ của Nicôlai Côpécních có ý nghĩa như thế nào đối với sự phát triển khoa học tự nhiên?,Đánh dấu sự ra đời của khoa học tự nhiên 45 B. Đánh dấu bước chuyển từ khoa học tự nhiên thực nghiệm sang khoa học tự nhiên lý luận.,,Đánh dấu sự giải phóng khoa học tự nhiên khỏi thần học và tôn giáo,,C,,,Loại: Trắc nghiệm triết học; Phần: ; Câu 218: Học thuyết về vũ trụ của Nicôlai Côpécních có ý nghĩa như thế nào đối với sự phát triển khoa học tự nhiên? A. Đánh dấu sự ra đời của khoa học tự nhiên 45 B. Đánh dấu bước chuyển từ khoa học tự nhiên thực nghiệm sang khoa học tự nhiên lý luận. B.  C. Đánh dấu sự giải phóng khoa học tự nhiên khỏi thần học và tôn giáo D.  Đáp án đúng: C. Giải thích:
mcq_triet_219,219,"Đối với thế giới quan tôn giáo, phát minh của Côpécních có ý nghĩa gì?",Củng cố thế giới quan tôn giáo,Không có ảnh hưởng gì đối với thế giới quan tôn giáo,Bác bỏ nền tảng của thế giới quan tôn giáo,Chứng minh tính hợp lý của kinh thánh,C,,,"Loại: Trắc nghiệm triết học; Phần: ; Câu 219: Đối với thế giới quan tôn giáo, phát minh của Côpécních có ý nghĩa gì? A. Củng cố thế giới quan tôn giáo B. Không có ảnh hưởng gì đối với thế giới quan tôn giáo C. Bác bỏ nền tảng của thế giới quan tôn giáo D. Chứng minh tính hợp lý của kinh thánh Đáp án đúng: C. Giải thích:"
mcq_triet_220,220,Brunô là nhà khoa học và triết học của nước nào?,Đức;,Pháp;,Balan;,Italia,D,,,Loại: Trắc nghiệm triết học; Phần: ; Câu 220: Brunô là nhà khoa học và triết học của nước nào? A. Đức; B. Pháp; C. Balan; D. Italia Đáp án đúng: D. Giải thích:
mcq_triet_221,221,Brunô đồng ý với quan niệm của ai về vũ trụ?,Ptôlêmê,Platôn,Nicôlai Côpécních,Hêraclit,C,,,Loại: Trắc nghiệm triết học; Phần: ; Câu 221: Brunô đồng ý với quan niệm của ai về vũ trụ? A. Ptôlêmê B. Platôn C. Nicôlai Côpécních D. Hêraclit Đáp án đúng: C. Giải thích:
mcq_triet_222,222,Brunô đã chứng minh về tính chất gì của thế giới (của vũ trụ),Tính tồn tại thuần tuý của thế giới vật chất,Tính thống nhất trên cơ sở tinh thần của vật chất.,Tính thống nhất vật chất của thế giới (của vũ trụ),,C,,,Loại: Trắc nghiệm triết học; Phần: ; Câu 222: Brunô đã chứng minh về tính chất gì của thế giới (của vũ trụ) A. Tính tồn tại thuần tuý của thế giới vật chất B. Tính thống nhất trên cơ sở tinh thần của vật chất. C. Tính thống nhất vật chất của thế giới (của vũ trụ) D.  Đáp án đúng: C. Giải thích:
mcq_triet_223,223,"Khi xây dựng phương pháp mới của khoa học, Brunô đòi hỏi khoa học tự nhiên phải dựa trên cái gì?",Dự trên những giáo điều tôn giáo,Dựa trên ý muốn chủ quan,"Dựa trên tình cảm, khát vọng 46 D. Dựa trên thực nghiệm",,D,,,"Loại: Trắc nghiệm triết học; Phần: ; Câu 223: Khi xây dựng phương pháp mới của khoa học, Brunô đòi hỏi khoa học tự nhiên phải dựa trên cái gì? A. Dự trên những giáo điều tôn giáo B. Dựa trên ý muốn chủ quan C. Dựa trên tình cảm, khát vọng 46 D. Dựa trên thực nghiệm D.  Đáp án đúng: D. Giải thích:"
mcq_triet_224,224,Brunô bị toà án tôn giáo xử tội như thế nào?,Tù trung thân,Tử hình (thiêu sống),Giam lỏng,Tha bổng,B,,,Loại: Trắc nghiệm triết học; Phần: ; Câu 224: Brunô bị toà án tôn giáo xử tội như thế nào? A. Tù trung thân B. Tử hình (thiêu sống) C. Giam lỏng D. Tha bổng Đáp án đúng: B. Giải thích:
mcq_triet_225,225,Triết học của các nhà tư tưởng thời kỳ Phục Hưng có đặc điểm gì?,Có tính chất duy vật tự phát,Có tính duy tâm khách quan,Có tính duy tâm chủ quan,"Còn pha trộn giữa các yếu tố duy vật và duy tâm, có tính chất phiếm thần luận",D,,,"Loại: Trắc nghiệm triết học; Phần: ; Câu 225: Triết học của các nhà tư tưởng thời kỳ Phục Hưng có đặc điểm gì? A. Có tính chất duy vật tự phát B. Có tính duy tâm khách quan C. Có tính duy tâm chủ quan D. Còn pha trộn giữa các yếu tố duy vật và duy tâm, có tính chất phiếm thần luận Đáp án đúng: D. Giải thích:"
mcq_triet_226,226,Quan điểm triết học cho rằng thượng đế và tự nhiên chỉ là một gọi là quan điểm có tính chất gì?,Có tính duy vật biện chứng,"Có tính duy tâm, siêu hình",Có tính chất phiếm thần luận,,C,,,"Loại: Trắc nghiệm triết học; Phần: ; Câu 226: Quan điểm triết học cho rằng thượng đế và tự nhiên chỉ là một gọi là quan điểm có tính chất gì? A. Có tính duy vật biện chứng B. Có tính duy tâm, siêu hình C. Có tính chất phiếm thần luận D.  Đáp án đúng: C. Giải thích:"
mcq_triet_227,227,Quan điểm triết học tự nhiên có tính chất phiếm thần luận là đặc trưng của triết học thời kỳ nào?,Thời kỳ cổ đại,Thời kỳ trung cổ,Thời kỳ Phục Hưng,Thời kỳ cận đại,C,,,Loại: Trắc nghiệm triết học; Phần: ; Câu 227: Quan điểm triết học tự nhiên có tính chất phiếm thần luận là đặc trưng của triết học thời kỳ nào? A. Thời kỳ cổ đại B. Thời kỳ trung cổ C. Thời kỳ Phục Hưng D. Thời kỳ cận đại Đáp án đúng: C. Giải thích:
mcq_triet_228,228,"Những cuộc cách mạng nổ ra ở Hà Lan, Anh, Pháp... thời kỳ cận đại gọi là những cuộc cách mạng nào?",Cách mạng vô sản,Cách mạng giải phóng dân tộc,Khởi nghĩa của nông dân 47 D. Cách mạng tư sản.,,D,,,"Loại: Trắc nghiệm triết học; Phần: ; Câu 228: Những cuộc cách mạng nổ ra ở Hà Lan, Anh, Pháp... thời kỳ cận đại gọi là những cuộc cách mạng nào? A. Cách mạng vô sản B. Cách mạng giải phóng dân tộc C. Khởi nghĩa của nông dân 47 D. Cách mạng tư sản. D.  Đáp án đúng: D. Giải thích:"
mcq_triet_229,229,Những cuộc cách mạng thời kỳ cận đại ở Tây Âu do mâu thuẫn giữa lực lượng sản xuất với quan hệ sản xuất nào?,Mâu thuẫn giữa lực lượng sản xuất mới với QHSX phong kiến đã trở nên lỗi thời,Mâu thuẫn giữa nông dân và địa chủ phong kiến,Mâu thuẫn giữa nô lệ và chủ nô,Mâu thuẫn giữa tư sản và vô sản,A,Câu 230: Các cuộc cách mạng ở Tây Âu thời kỳ cận đại nổ ra do mâu thuẫn nào? A. Mâu thuẫn giữa lực lượng sản xuất mới với QHSX phong kiến đã trở nên lỗi thời B. Mâu thuẫn giữa nông dân và địa chủ phong kiến C. Mâu thuẫn giữa nô lệ và chủ nô D. Mâu thuẫn giữa tư sản và vô sản Đáp án: A là đáp án đúng,,Loại: Trắc nghiệm triết học; Phần: ; Câu 229: Những cuộc cách mạng thời kỳ cận đại ở Tây Âu do mâu thuẫn giữa lực lượng sản xuất với quan hệ sản xuất nào? A. Mâu thuẫn giữa lực lượng sản xuất mới với QHSX phong kiến đã trở nên lỗi thời B. Mâu thuẫn giữa nông dân và địa chủ phong kiến C. Mâu thuẫn giữa nô lệ và chủ nô D. Mâu thuẫn giữa tư sản và vô sản Đáp án đúng: A. Giải thích: Câu 230: Các cuộc cách mạng ở Tây Âu thời kỳ cận đại nổ ra do mâu thuẫn nào? A. Mâu thuẫn giữa lực lượng sản xuất mới với QHSX phong kiến đã trở nên lỗi thời B. Mâu thuẫn giữa nông dân và địa chủ phong kiến C. Mâu thuẫn giữa nô lệ và chủ nô D. Mâu thuẫn giữa tư sản và vô sản Đáp án: A là đáp án đúng
mcq_triet_231,231,Giai cấp nào lãnh đạo cuộc cách mạng thời kỳ cận đại ?,Giai cấp vô sản,Giai cấp nông dân,Giai cấp tư sản,Giai cấp địa chủ phong kiến,C,,,Loại: Trắc nghiệm triết học; Phần: ; Câu 231: Giai cấp nào lãnh đạo cuộc cách mạng thời kỳ cận đại ? A. Giai cấp vô sản B. Giai cấp nông dân C. Giai cấp tư sản D. Giai cấp địa chủ phong kiến Đáp án đúng: C. Giải thích:
mcq_triet_232,232,Cuộc cách mạng nào ở Tây Âu thời kỳ cận đại được C. Mác gọi là cuộc cách mạng có quy mô toàn Châu Âu và có ý nghĩa lớn đối với sự ra đời trật tự xã hội mới.,Cuộc cách mạng ở Hà Lan và Ý,Cuộc cách mạng ở Ý và ở Áo,Cuộc cách mạng ở Anh giữa thế kỷ XVII và cách mạng Pháp cuối thế kỷ XVIII.,,C,,,Loại: Trắc nghiệm triết học; Phần: ; Câu 232: Cuộc cách mạng nào ở Tây Âu thời kỳ cận đại được C. Mác gọi là cuộc cách mạng có quy mô toàn Châu Âu và có ý nghĩa lớn đối với sự ra đời trật tự xã hội mới. A. Cuộc cách mạng ở Hà Lan và Ý B. Cuộc cách mạng ở Ý và ở Áo C. Cuộc cách mạng ở Anh giữa thế kỷ XVII và cách mạng Pháp cuối thế kỷ XVIII. D.  Đáp án đúng: C. Giải thích:
mcq_triet_233,233,Cuộc cách mạng ở Anh giữa thế kỷ XVII và cuộc cách mạng ở Pháp cuối TK XVIII đánh dấu sự thay thế của trật tự xã hội nào cho xã hội nào?,Trật tự xã hội chiếm hữu nô lệ thay cho trật tự xã hội cộng sản nguyên thuỷ,Trật tự xã hội phong kiến thay cho trật tự xã hội chiếm hữu nô lệ,Trật tự xã hội tư sản thay cho trật tự xã hội phong kiến.,Trật tự xã hội xã hội chủ nghĩa thay cho trật tự xã hội tư sản 48 Đáp án: C là đáp án đúng,,,,Loại: Trắc nghiệm triết học; Phần: ; Câu 233: Cuộc cách mạng ở Anh giữa thế kỷ XVII và cuộc cách mạng ở Pháp cuối TK XVIII đánh dấu sự thay thế của trật tự xã hội nào cho xã hội nào? A. Trật tự xã hội chiếm hữu nô lệ thay cho trật tự xã hội cộng sản nguyên thuỷ B. Trật tự xã hội phong kiến thay cho trật tự xã hội chiếm hữu nô lệ C. Trật tự xã hội tư sản thay cho trật tự xã hội phong kiến. D. Trật tự xã hội xã hội chủ nghĩa thay cho trật tự xã hội tư sản 48 Đáp án: C là đáp án đúng Đáp án đúng: . Giải thích:
mcq_triet_234,234,Ngành khoa học nào phát triển rực rỡ nhất và có ảnh hưởng lớn nhất đến phương pháp tư duy của thời kỳ cận đại?,Toán học,Sinh học,Hoá học,Cơ học,D,,,Loại: Trắc nghiệm triết học; Phần: ; Câu 234: Ngành khoa học nào phát triển rực rỡ nhất và có ảnh hưởng lớn nhất đến phương pháp tư duy của thời kỳ cận đại? A. Toán học B. Sinh học C. Hoá học D. Cơ học Đáp án đúng: D. Giải thích:
mcq_triet_235,235,Ph.Bêcơn là nhà triết học của nước nào?,Nước Anh,Nước Đức,Nước Pháp,Nước Ba lan,A,,,Loại: Trắc nghiệm triết học; Phần: ; Câu 235: Ph.Bêcơn là nhà triết học của nước nào? A. Nước Anh B. Nước Đức C. Nước Pháp D. Nước Ba lan Đáp án đúng: A. Giải thích:
mcq_triet_236,236,"Về lập trường chính trị, Ph.Bêcơn là nhà tư tưởng của giai cấp nào?",Giai cấp chủ nô,Giai cấp địa chủ phong kiến,Giai cấp nông dân,Giai cấp tư sản và tầng lớp quý tộc mới.,D,,,"Loại: Trắc nghiệm triết học; Phần: ; Câu 236: Về lập trường chính trị, Ph.Bêcơn là nhà tư tưởng của giai cấp nào? A. Giai cấp chủ nô B. Giai cấp địa chủ phong kiến C. Giai cấp nông dân D. Giai cấp tư sản và tầng lớp quý tộc mới. Đáp án đúng: D. Giải thích:"
mcq_triet_237,237,Theo Ph. Bêcơn con người muốn chiếm được của cải của giới tự nhiên thì cần phải có cái gì?,Có niềm tin vào thượng đế,Có nhiệt tình làm việc,Có tri thức về tự nhiên,Có kinh nghiệm sống,C,,,Loại: Trắc nghiệm triết học; Phần: ; Câu 237: Theo Ph. Bêcơn con người muốn chiếm được của cải của giới tự nhiên thì cần phải có cái gì? A. Có niềm tin vào thượng đế B. Có nhiệt tình làm việc C. Có tri thức về tự nhiên D. Có kinh nghiệm sống Đáp án đúng: C. Giải thích:
mcq_triet_238,238,Về phương pháp nhận thức Ph.Bêcơn phê phán phương pháp nào?,Phương pháp kinh nghiệm (phương pháp con kiến),Phương pháp kinh viện (phương pháp con nhện),Phương pháp phân tích thực nghiệm (phương pháp con ong) 49 D. Phương pháp A và B,,D,,,Loại: Trắc nghiệm triết học; Phần: ; Câu 238: Về phương pháp nhận thức Ph.Bêcơn phê phán phương pháp nào? A. Phương pháp kinh nghiệm (phương pháp con kiến) B. Phương pháp kinh viện (phương pháp con nhện) C. Phương pháp phân tích thực nghiệm (phương pháp con ong) 49 D. Phương pháp A và B D.  Đáp án đúng: D. Giải thích:
mcq_triet_239,239,Theo Ph. Bêcơn phương pháp nhận thức tốt nhất là phương pháp nào?,Phương pháp diễn dịch,Phương pháp quy nạp,Phương pháp trừu tượng hoá,Phương pháp mô hình hoá,B,,,Loại: Trắc nghiệm triết học; Phần: ; Câu 239: Theo Ph. Bêcơn phương pháp nhận thức tốt nhất là phương pháp nào? A. Phương pháp diễn dịch B. Phương pháp quy nạp C. Phương pháp trừu tượng hoá D. Phương pháp mô hình hoá Đáp án đúng: B. Giải thích:
mcq_triet_240,240,Ph.Bêcơn gọi phương pháp con nhện là phương pháp triết học của các nhà tư tưởng thời kỳ nào?,Thời kỳ trung cổ,Thời kỳ cổ đại,Thời kỳ cận đại,Thời kỳ Phục hưng,A,,,Loại: Trắc nghiệm triết học; Phần: ; Câu 240: Ph.Bêcơn gọi phương pháp con nhện là phương pháp triết học của các nhà tư tưởng thời kỳ nào? A. Thời kỳ trung cổ B. Thời kỳ cổ đại C. Thời kỳ cận đại D. Thời kỳ Phục hưng Đáp án đúng: A. Giải thích:
mcq_triet_241,241,"Phương pháp rút ra kết quả riêng từ những kết luận chung, không tính đến sự tồn tại thực tế của sự vật, được gọi là phương pháp gì?",Phương pháp quy nạp,Phương pháp diễn dịch,Phương pháp kinh nghiệm,Phương pháp kinh viện,D,,,"Loại: Trắc nghiệm triết học; Phần: ; Câu 241: Phương pháp rút ra kết quả riêng từ những kết luận chung, không tính đến sự tồn tại thực tế của sự vật, được gọi là phương pháp gì? A. Phương pháp quy nạp B. Phương pháp diễn dịch C. Phương pháp kinh nghiệm D. Phương pháp kinh viện Đáp án đúng: D. Giải thích:"
mcq_triet_242,242,"Phương pháp ""con kiến"" theo Ph.Bêcơn là phương pháp của các nhà triết học theo khuynh hướng nào?",Chủ nghĩa chiết trung,Chủ nghĩa kinh viện,Chủ nghĩa bất khả tri,Chủ nghĩa kinh nghiệm,D,,,"Loại: Trắc nghiệm triết học; Phần: ; Câu 242: Phương pháp ""con kiến"" theo Ph.Bêcơn là phương pháp của các nhà triết học theo khuynh hướng nào? A. Chủ nghĩa chiết trung B. Chủ nghĩa kinh viện C. Chủ nghĩa bất khả tri D. Chủ nghĩa kinh nghiệm Đáp án đúng: D. Giải thích:"
mcq_triet_243,243,"Phương pháp nghiên cứu chỉ dựa vào kinh nghiệm thực tế, không có khái quát, theo Ph.Bêcơn được gọi là phương pháp gì?",Phương pháp “con nhện” 50 B. Phương pháp “con kiến”,,Phương pháp “con ong”,Phương pháp thực nghiệm,B,,,"Loại: Trắc nghiệm triết học; Phần: ; Câu 243: Phương pháp nghiên cứu chỉ dựa vào kinh nghiệm thực tế, không có khái quát, theo Ph.Bêcơn được gọi là phương pháp gì? A. Phương pháp “con nhện” 50 B. Phương pháp “con kiến” B.  C. Phương pháp “con ong” D. Phương pháp thực nghiệm Đáp án đúng: B. Giải thích:"
mcq_triet_244,244,Theo Ph.Bêcơn phương pháp nghiên cứu khoa học chân chính phải là phương pháp nào?,Phương pháp “con nhện”,Phương pháp “con kiến”,Phương pháp “con ong”,Phương pháp suy diễn,C,,,Loại: Trắc nghiệm triết học; Phần: ; Câu 244: Theo Ph.Bêcơn phương pháp nghiên cứu khoa học chân chính phải là phương pháp nào? A. Phương pháp “con nhện” B. Phương pháp “con kiến” C. Phương pháp “con ong” D. Phương pháp suy diễn Đáp án đúng: C. Giải thích:
mcq_triet_245,245,Ph.Bêcơn là nhà triết học thuộc trường phái nào?,Chủ nghĩa duy tâm chủ quan,Chủ nghĩa duy tâm khách quan,Chủ nghĩa duy vật siêu hình,Chủ nghĩa duy vật biện chứng,C,,,Loại: Trắc nghiệm triết học; Phần: ; Câu 245: Ph.Bêcơn là nhà triết học thuộc trường phái nào? A. Chủ nghĩa duy tâm chủ quan B. Chủ nghĩa duy tâm khách quan C. Chủ nghĩa duy vật siêu hình D. Chủ nghĩa duy vật biện chứng Đáp án đúng: C. Giải thích:
mcq_triet_246,246,Những trường phái triết học nào xem thường lý luận?,Chủ nghĩa duy tâm khách quan,Chủ nghĩa kinh viện,Chủ nghĩa duy vật siêu hình,Chủ nghĩa kinh nghiệm,D,,,Loại: Trắc nghiệm triết học; Phần: ; Câu 246: Những trường phái triết học nào xem thường lý luận? A. Chủ nghĩa duy tâm khách quan B. Chủ nghĩa kinh viện C. Chủ nghĩa duy vật siêu hình D. Chủ nghĩa kinh nghiệm Đáp án đúng: D. Giải thích:
mcq_triet_247,247,"Những nhà triết học nào xem thường kinh nghiệm, xa rời cuộc sống?",Chủ nghĩa kinh nghiệm,Chủ nghĩa duy vật biện chứng,Chủ nghĩa kinh viện,Chủ nghĩa duy vật siêu hình,C,,,"Loại: Trắc nghiệm triết học; Phần: ; Câu 247: Những nhà triết học nào xem thường kinh nghiệm, xa rời cuộc sống? A. Chủ nghĩa kinh nghiệm B. Chủ nghĩa duy vật biện chứng C. Chủ nghĩa kinh viện D. Chủ nghĩa duy vật siêu hình Đáp án đúng: C. Giải thích:"
mcq_triet_248,248,Ph. Bêcơn sinh vào năm bao nhiêu và mất năm bao nhiêu?,1560 – 1625,1561 - 1626,1562 – 1627 51 D. 1563 – 1628,,B,,,Loại: Trắc nghiệm triết học; Phần: ; Câu 248: Ph. Bêcơn sinh vào năm bao nhiêu và mất năm bao nhiêu? A. 1560 – 1625 B. 1561 - 1626 C. 1562 – 1627 51 D. 1563 – 1628 D.  Đáp án đúng: B. Giải thích:
mcq_triet_249,249,Tômat Hốpxơ sinh năm bao nhiêu và mất năm bao nhiêu?,1500 – 1570,1550 – 1629,1588 – 1679,1587 – 1678,C,,,Loại: Trắc nghiệm triết học; Phần: ; Câu 249: Tômat Hốpxơ sinh năm bao nhiêu và mất năm bao nhiêu? A. 1500 – 1570 B. 1550 – 1629 C. 1588 – 1679 D. 1587 – 1678 Đáp án đúng: C. Giải thích:
mcq_triet_250,250,Ai là người sáng tạo ra hệ thống đầu tiên của chủ nghĩa duy vật siêu hình trong lịch sử triết học?,Ph. Bêcơn,Tô mát Hốp Xơ,Giôn Lốc Cơ,Xpinôda,B,,,Loại: Trắc nghiệm triết học; Phần: ; Câu 250: Ai là người sáng tạo ra hệ thống đầu tiên của chủ nghĩa duy vật siêu hình trong lịch sử triết học? A. Ph. Bêcơn B. Tô mát Hốp Xơ C. Giôn Lốc Cơ D. Xpinôda Đáp án đúng: B. Giải thích:
mcq_triet_251,251,Quan điểm của Tômát Hôpxơ về tự nhiên đứng trên lập trường triết học nào?,Chủ nghĩa duy vật tự phát,Chủ nghĩa duy tâm chủ quan,Chủ nghĩa duy vật biện chứng,Chủ nghĩa duy vật siêu hình,D,,,Loại: Trắc nghiệm triết học; Phần: ; Câu 251: Quan điểm của Tômát Hôpxơ về tự nhiên đứng trên lập trường triết học nào? A. Chủ nghĩa duy vật tự phát B. Chủ nghĩa duy tâm chủ quan C. Chủ nghĩa duy vật biện chứng D. Chủ nghĩa duy vật siêu hình Đáp án đúng: D. Giải thích:
mcq_triet_252,252,Chủ nghĩa duy v ật của Tômát H ốp-xơ th ể hiện ở quan đi ểm nào sau đây?,"Giới tự nhiên là tổng các vật tồn tại khách quan có quảng tính (độ dài) phân biệt nhau b ởi đại lượng, hình kh ối, vị trí và v ận động đ ổi vị trí trong không gian",Tính phong phú về chất không phải là thuộc tính khách quan của giới tự nhiên,Chất lượng của sự vật là hình thức tri giác chung,,A,,,"Loại: Trắc nghiệm triết học; Phần: ; Câu 252: Chủ nghĩa duy v ật của Tômát H ốp-xơ th ể hiện ở quan đi ểm nào sau đây? A. Giới tự nhiên là tổng các vật tồn tại khách quan có quảng tính (độ dài) phân biệt nhau b ởi đại lượng, hình kh ối, vị trí và v ận động đ ổi vị trí trong không gian B. Tính phong phú về chất không phải là thuộc tính khách quan của giới tự nhiên C. Chất lượng của sự vật là hình thức tri giác chung D.  Đáp án đúng: A. Giải thích:"
mcq_triet_253,253,Tômát Hôpxơ quan niệm về vận động như thế nào?,Vận động chỉ là vận động cơ giới,Vận động bao gồm cả vận động hoá học và sinh học,Vận động là sự biến đổi chung,Vận động là phương thức tồn tại của sinh vật 52 Đáp án: A là đáp án đúng,,,,Loại: Trắc nghiệm triết học; Phần: ; Câu 253: Tômát Hôpxơ quan niệm về vận động như thế nào? A. Vận động chỉ là vận động cơ giới B. Vận động bao gồm cả vận động hoá học và sinh học C. Vận động là sự biến đổi chung D. Vận động là phương thức tồn tại của sinh vật 52 Đáp án: A là đáp án đúng Đáp án đúng: . Giải thích:
mcq_triet_254,254,Tính chất siêu hình trong quan niệm của Tômát Hốpxơ về tự nhiên thể hiện ở chỗ nào?,Giới tự nhiên tồn tại khách quan,Giới tự nhiên là tổng số các vật có quảng tính (độ dài),Vận động cơ giới là thuộc tính của giới tự nhiên,Vận động của giới tự nhiên là vận động cơ giới,D,,,Loại: Trắc nghiệm triết học; Phần: ; Câu 254: Tính chất siêu hình trong quan niệm của Tômát Hốpxơ về tự nhiên thể hiện ở chỗ nào? A. Giới tự nhiên tồn tại khách quan B. Giới tự nhiên là tổng số các vật có quảng tính (độ dài) C. Vận động cơ giới là thuộc tính của giới tự nhiên D. Vận động của giới tự nhiên là vận động cơ giới Đáp án đúng: D. Giải thích:
mcq_triet_255,255,Tính chất siêu hình trong quan niệm của Tômát Hốpxơ về con người thể hiện như thế nào?,Con người là một cơ thể sống phức tạp như động vật,Con người là một bộ phận của tự nhiên,Con người là một kết cấu vật chất,"Con người như một chiếc xe, mà tim là lò xo, khớp xương là cái bánh xe",D,,,"Loại: Trắc nghiệm triết học; Phần: ; Câu 255: Tính chất siêu hình trong quan niệm của Tômát Hốpxơ về con người thể hiện như thế nào? A. Con người là một cơ thể sống phức tạp như động vật B. Con người là một bộ phận của tự nhiên C. Con người là một kết cấu vật chất D. Con người như một chiếc xe, mà tim là lò xo, khớp xương là cái bánh xe Đáp án đúng: D. Giải thích:"
mcq_triet_256,256,"Về phương pháp nhận thức, Tômat Hốp -xơ hiểu theo quan điểm nào?",Chủ nghĩa duy lý,Chủ nghĩa duy danh,Nghệ thuật kết hợp giữa chủ nghĩa duy lý và chủ nghĩa duy danh,,C,,,"Loại: Trắc nghiệm triết học; Phần: ; Câu 256: Về phương pháp nhận thức, Tômat Hốp -xơ hiểu theo quan điểm nào? A. Chủ nghĩa duy lý B. Chủ nghĩa duy danh C. Nghệ thuật kết hợp giữa chủ nghĩa duy lý và chủ nghĩa duy danh D.  Đáp án đúng: C. Giải thích:"
mcq_triet_257,257,Tô mát Hốp -xơ hiểu bước chuyển từ cái riêng sang cái chung từ tri giác cảm tính đến khái niệm theo quan điểm nào?,Duy lý luận,Duy danh luận,Kinh nghiệm luận,,B,,,Loại: Trắc nghiệm triết học; Phần: ; Câu 257: Tô mát Hốp -xơ hiểu bước chuyển từ cái riêng sang cái chung từ tri giác cảm tính đến khái niệm theo quan điểm nào? A. Duy lý luận B. Duy danh luận C. Kinh nghiệm luận D.  Đáp án đúng: B. Giải thích:
mcq_triet_258,258,Quan niệm về bản chất khái niệm của Tômát Hốp-xơ thuộc khuynh hư ớng tri ết học nào?,Chủ nghĩa duy thực,Chủ nghĩa duy tâm chủ quan,Chủ nghĩa duy danh,Chủ nghĩa duy vật tự phát 53 Đáp án: C là đáp án đúng,,,,Loại: Trắc nghiệm triết học; Phần: ; Câu 258: Quan niệm về bản chất khái niệm của Tômát Hốp-xơ thuộc khuynh hư ớng tri ết học nào? A. Chủ nghĩa duy thực B. Chủ nghĩa duy tâm chủ quan C. Chủ nghĩa duy danh D. Chủ nghĩa duy vật tự phát 53 Đáp án: C là đáp án đúng Đáp án đúng: . Giải thích:
mcq_triet_259,259,"Theo quan điểm duy Danh, Tômát Hốp xơ coi khái niệm là gì?",Là những đặc điểm chung của các sự vật của giới tự nhiên,Chỉ là tên của những cái tên.,Khái niệm là thực thể tinh thần tồn tại trước & độc lập với sự vật,Khái niệm là bản chất của sự vật,B,,,"Loại: Trắc nghiệm triết học; Phần: ; Câu 259: Theo quan điểm duy Danh, Tômát Hốp xơ coi khái niệm là gì? A. Là những đặc điểm chung của các sự vật của giới tự nhiên B. Chỉ là tên của những cái tên. C. Khái niệm là thực thể tinh thần tồn tại trước & độc lập với sự vật D. Khái niệm là bản chất của sự vật Đáp án đúng: B. Giải thích:"
mcq_triet_260,260,Mặt tiến bộ trong quan điểm về xã hội của Tômát Hốpxơ là ở chỗ nào?,Cho nguồn gốc của nhà nước không phải từ thần thánh mà là sự qui ước và thoả thuận giữa con người.,Cho hình thức quân chủ là hình thức chính quyền lý tưởng.,Tôn giáo và giáo hội vẫn có ích cho nhà nước.,Coi quyền lực của giai cấp đại tư sản là vô hạn.,A,,,Loại: Trắc nghiệm triết học; Phần: ; Câu 260: Mặt tiến bộ trong quan điểm về xã hội của Tômát Hốpxơ là ở chỗ nào? A. Cho nguồn gốc của nhà nước không phải từ thần thánh mà là sự qui ước và thoả thuận giữa con người. B. Cho hình thức quân chủ là hình thức chính quyền lý tưởng. C. Tôn giáo và giáo hội vẫn có ích cho nhà nước. D. Coi quyền lực của giai cấp đại tư sản là vô hạn. Đáp án đúng: A. Giải thích:
mcq_triet_261,261,Tômát Hốp xơ cho nguồn gốc của nhà nước là gì?,Do thần thánh sáng tạo ra.,Do ý chí của giai cấp thống trị,"Do sự quy ước, thoả thuận giữa con người nhằm tránh những cuộc chiến tranh tàn khốc.",Do ý muốn chủ quan của cá nhân nhà tư tưởng.,C,,,"Loại: Trắc nghiệm triết học; Phần: ; Câu 261: Tômát Hốp xơ cho nguồn gốc của nhà nước là gì? A. Do thần thánh sáng tạo ra. B. Do ý chí của giai cấp thống trị C. Do sự quy ước, thoả thuận giữa con người nhằm tránh những cuộc chiến tranh tàn khốc. D. Do ý muốn chủ quan của cá nhân nhà tư tưởng. Đáp án đúng: C. Giải thích:"
mcq_triet_262,262,"Hãy đánh giá quan niệm của Tômát Hốp xơ về nhà nước cho rằng: nhà nước ra đời là do sự quy ước, thoả thuận giữa con người?","Không có gì tiến bộ, chỉ là quan điểm duy tâm tôn giáo","Có giá trị, vì đã phát triển quan điểm duy vật, về xã hội.","Có giá trị bác bỏ nguồn gốc thần thánh của nhà nước, đồng thời vẫn chứa đựng yếu tố duy tâm chủ nghĩa",,C,,,"Loại: Trắc nghiệm triết học; Phần: ; Câu 262: Hãy đánh giá quan niệm của Tômát Hốp xơ về nhà nước cho rằng: nhà nước ra đời là do sự quy ước, thoả thuận giữa con người? A. Không có gì tiến bộ, chỉ là quan điểm duy tâm tôn giáo B. Có giá trị, vì đã phát triển quan điểm duy vật, về xã hội. C. Có giá trị bác bỏ nguồn gốc thần thánh của nhà nước, đồng thời vẫn chứa đựng yếu tố duy tâm chủ nghĩa D.  Đáp án đúng: C. Giải thích:"
mcq_triet_263,263,Đề-các-tơ là nhà triết học và khoa học của nước nào?,Anh,Bồ Đào Nha,Mỹ,Pháp 54 Đáp án: D là đáp án đúng,,,,Loại: Trắc nghiệm triết học; Phần: ; Câu 263: Đề-các-tơ là nhà triết học và khoa học của nước nào? A. Anh B. Bồ Đào Nha C. Mỹ D. Pháp 54 Đáp án: D là đáp án đúng Đáp án đúng: . Giải thích:
mcq_triet_264,264,Đề-các-tơ sinh vào năm nào và mất vào năm nào?,1590 – 1650,1596 – 1654,1594 – 1654,1596 – 1650,B,,,Loại: Trắc nghiệm triết học; Phần: ; Câu 264: Đề-các-tơ sinh vào năm nào và mất vào năm nào? A. 1590 – 1650 B. 1596 – 1654 C. 1594 – 1654 D. 1596 – 1650 Đáp án đúng: B. Giải thích:
mcq_triet_265,265,"Khi giải quyết vấn đề cơ bản của triết học, Đềcáctơ đứng trên lập trường triết học nào?",Chủ nghĩa duy vật,Chủ nghĩa duy tâm khách quan,Chủ nghĩa duy tâm chủ quan,Thuyết nhị nguyên,D,,,"Loại: Trắc nghiệm triết học; Phần: ; Câu 265: Khi giải quyết vấn đề cơ bản của triết học, Đềcáctơ đứng trên lập trường triết học nào? A. Chủ nghĩa duy vật B. Chủ nghĩa duy tâm khách quan C. Chủ nghĩa duy tâm chủ quan D. Thuyết nhị nguyên Đáp án đúng: D. Giải thích:"
mcq_triet_266,266,Đềcáctơ giải quyết mối quan hệ giữa vật chất và ý thức như thế nào?,Thực thể vật chất độc lập và quyết định thực thể ý thức.,Thực thể vật chất không tồn tại độc lập mà phụ thuộc vào thực thể ý thức,"Thực thể vật chất và thực thể ý thức độc lập nhau, song song cùng tồn tại.","Thực thể ý thức phụ thuộc vào thực thể vật chất, nhưng có tính độc lập tương đối.",C,,,"Loại: Trắc nghiệm triết học; Phần: ; Câu 266: Đềcáctơ giải quyết mối quan hệ giữa vật chất và ý thức như thế nào? A. Thực thể vật chất độc lập và quyết định thực thể ý thức. B. Thực thể vật chất không tồn tại độc lập mà phụ thuộc vào thực thể ý thức C. Thực thể vật chất và thực thể ý thức độc lập nhau, song song cùng tồn tại. D. Thực thể ý thức phụ thuộc vào thực thể vật chất, nhưng có tính độc lập tương đối. Đáp án đúng: C. Giải thích:"
mcq_triet_267,267,Quan điểm của Đềcáctơ về quan hệ giữa vật chất và ý thức cuối cùng lại rơi vào quan điểm nào? Vì sao?,Duy vật; vì coi vật chất độc lập với ý thức,Duy vật không triệt để; vì không thừa nhận vật chất quyết định ý thức,Nhị nguyên vì thừa nhận hai thực thể tạo thành hai thế giới,Duy tâm; vì thừa nhận thực thể vật chất và tinh thần tuy độc lập nhưng đều phụ thuộc vào thực thể thứ ba đó là thượng đế.,D,,,Loại: Trắc nghiệm triết học; Phần: ; Câu 267: Quan điểm của Đềcáctơ về quan hệ giữa vật chất và ý thức cuối cùng lại rơi vào quan điểm nào? Vì sao? A. Duy vật; vì coi vật chất độc lập với ý thức B. Duy vật không triệt để; vì không thừa nhận vật chất quyết định ý thức C. Nhị nguyên vì thừa nhận hai thực thể tạo thành hai thế giới D. Duy tâm; vì thừa nhận thực thể vật chất và tinh thần tuy độc lập nhưng đều phụ thuộc vào thực thể thứ ba đó là thượng đế. Đáp án đúng: D. Giải thích:
mcq_triet_268,268,Đềcáctơ đứng trên quan điểm nào trong lĩnh vực vật lý?,Quan điểm duy tâm khách quan,Quan điểm duy tâm chủ quan,Quan điểm nhị nguyên,Quan điểm duy vật 55 Đáp án: D là đáp án đúng,,,,Loại: Trắc nghiệm triết học; Phần: ; Câu 268: Đềcáctơ đứng trên quan điểm nào trong lĩnh vực vật lý? A. Quan điểm duy tâm khách quan B. Quan điểm duy tâm chủ quan C. Quan điểm nhị nguyên D. Quan điểm duy vật 55 Đáp án: D là đáp án đúng Đáp án đúng: . Giải thích:
mcq_triet_269,269,Trong lĩnh vực vật lý Đềcáctơ quan niệm về tự nhiên như thế nào?,Tự nhiên là tổng các vật có quán tính,Tự nhiên và thượng đế là một.,Tự nhiên là hiện thân của thượng đế,Tự nhiên là một khối thống nhất gồm những hạt nhỏ vật chất có quán tính và vận động vĩnh viễn theo những quy luật cơ học,D,,,Loại: Trắc nghiệm triết học; Phần: ; Câu 269: Trong lĩnh vực vật lý Đềcáctơ quan niệm về tự nhiên như thế nào? A. Tự nhiên là tổng các vật có quán tính B. Tự nhiên và thượng đế là một. C. Tự nhiên là hiện thân của thượng đế D. Tự nhiên là một khối thống nhất gồm những hạt nhỏ vật chất có quán tính và vận động vĩnh viễn theo những quy luật cơ học Đáp án đúng: D. Giải thích:
mcq_triet_270,270,Điều khẳng định nào sau đây là đúng?,Đềcáctơ là nhà duy vật biện chứng vì coi vật chất tồn tại khách quan.,Đềcáctơ là nhà duy vật vì phủ nhận uy quyền của nhà thờ và tôn giáo,Đềcáctơ là nhà triết học duy tâm vì đề cao sức mạnh của lý tưởng con người,Đềcáctơ đem tính khoa học thay cho niềm tin tôn giáo mù quáng chống lại uy quyền của tôn giáo.,D,,,Loại: Trắc nghiệm triết học; Phần: ; Câu 270: Điều khẳng định nào sau đây là đúng? A. Đềcáctơ là nhà duy vật biện chứng vì coi vật chất tồn tại khách quan. B. Đềcáctơ là nhà duy vật vì phủ nhận uy quyền của nhà thờ và tôn giáo C. Đềcáctơ là nhà triết học duy tâm vì đề cao sức mạnh của lý tưởng con người D. Đềcáctơ đem tính khoa học thay cho niềm tin tôn giáo mù quáng chống lại uy quyền của tôn giáo. Đáp án đúng: D. Giải thích:
mcq_triet_271,271,Điều nhận định nào sau đây là đúng?,Đềcáctơ nghi ngờ khả năng nhận thức của con người.,"Vì coi nghi ngờ là điểm xuất phát của nhận thức khoa học, nên Đềcáctơ phủ nhận khả năng nhận thức của con người.",Quan điểm của Đềcáctơ và Hium là như nhau vì đều nghi ngờ nhận thức của con người,"Đềcáctơ coi nghi ngờ là điểm xuất phát của nghiên cứu khoa học để phủ nhận sự mê tín, phủ nhận niềm tin tôn giáo",D,,,"Loại: Trắc nghiệm triết học; Phần: ; Câu 271: Điều nhận định nào sau đây là đúng? A. Đềcáctơ nghi ngờ khả năng nhận thức của con người. B. Vì coi nghi ngờ là điểm xuất phát của nhận thức khoa học, nên Đềcáctơ phủ nhận khả năng nhận thức của con người. C. Quan điểm của Đềcáctơ và Hium là như nhau vì đều nghi ngờ nhận thức của con người D. Đềcáctơ coi nghi ngờ là điểm xuất phát của nghiên cứu khoa học để phủ nhận sự mê tín, phủ nhận niềm tin tôn giáo Đáp án đúng: D. Giải thích:"
mcq_triet_272,272,"Luận điểm Đềcáctơ ""tôi tư duy vậy tôi tồn tại"" có ý nghĩa gì?","Nhấn mạnh vai trò của tư duy, duy lý",Nhấn mạnh vai trò của cảm giác,Phủ nhận vai trò của chủ thể,Đề cao kinh nghiệm.,A,,,"Loại: Trắc nghiệm triết học; Phần: ; Câu 272: Luận điểm Đềcáctơ ""tôi tư duy vậy tôi tồn tại"" có ý nghĩa gì? A. Nhấn mạnh vai trò của tư duy, duy lý B. Nhấn mạnh vai trò của cảm giác C. Phủ nhận vai trò của chủ thể D. Đề cao kinh nghiệm. Đáp án đúng: A. Giải thích:"
mcq_triet_273,273,Theo Đềcáctơ tiêu chuẩn của chân lý là gì?,Là thực tiễn,"Là tư duy rõ ràng, mạch lạc 56 C. Là cảm giác, kinh nghiệm về sự vật",,Là được nhiều người thừa nhận.,B,,,"Loại: Trắc nghiệm triết học; Phần: ; Câu 273: Theo Đềcáctơ tiêu chuẩn của chân lý là gì? A. Là thực tiễn B. Là tư duy rõ ràng, mạch lạc 56 C. Là cảm giác, kinh nghiệm về sự vật C.  D. Là được nhiều người thừa nhận. Đáp án đúng: B. Giải thích:"
mcq_triet_274,274,"Luận điểm của Đềcáctơ ""Tôi tư duy vậy tôi tồn tại"" thể hiện khuynh hướng triết học nào?",Chủ nghĩa duy tâm khách quan,Chủ nghĩa duy vật tầm thường,Thuyết hoài nghi,Chủ nghĩa duy tâm chủ quan,D,,,"Loại: Trắc nghiệm triết học; Phần: ; Câu 274: Luận điểm của Đềcáctơ ""Tôi tư duy vậy tôi tồn tại"" thể hiện khuynh hướng triết học nào? A. Chủ nghĩa duy tâm khách quan B. Chủ nghĩa duy vật tầm thường C. Thuyết hoài nghi D. Chủ nghĩa duy tâm chủ quan Đáp án đúng: D. Giải thích:"
mcq_triet_275,275,Xpinôda là nhà triết học nước nào?,Hà Lan,Đức,Áo,Pháp,A,,,Loại: Trắc nghiệm triết học; Phần: ; Câu 275: Xpinôda là nhà triết học nước nào? A. Hà Lan B. Đức C. Áo D. Pháp Đáp án đúng: A. Giải thích:
mcq_triet_276,276,Xpinôda là nhà triết học thuộc trường phái nào?,Duy tâm chủ quan,Duy vật biện chứng,Duy tâm khách quan,Duy vật và vô thần,D,,,Loại: Trắc nghiệm triết học; Phần: ; Câu 276: Xpinôda là nhà triết học thuộc trường phái nào? A. Duy tâm chủ quan B. Duy vật biện chứng C. Duy tâm khách quan D. Duy vật và vô thần Đáp án đúng: D. Giải thích:
mcq_triet_277,277,Nhận định nào sau đây là đúng,Xpinôda là nhà triết học nhị nguyên,Xpinôda là nhà triết học duy tâm khách quan,Xpinôda là nhà triết học duy vật biện chứng,Xpinôda là nhà triết học nhất nguyên.,A,,,Loại: Trắc nghiệm triết học; Phần: ; Câu 277: Nhận định nào sau đây là đúng A. Xpinôda là nhà triết học nhị nguyên B. Xpinôda là nhà triết học duy tâm khách quan C. Xpinôda là nhà triết học duy vật biện chứng D. Xpinôda là nhà triết học nhất nguyên. Đáp án đúng: A. Giải thích:
mcq_triet_278,278,Điều khẳng định nào sau đây về Xpinôda là sai?,Xpinôda là nhà triết học duy vật và vô thần,Xpinôda là nhà triết học nhất nguyên coi quảng tính và tư duy là thuộc tính của một thực thể,Xpinôda chống lại quan điểm nhị nguyên của Đềcáctơ. 57 D. Xpinôda là nhà triết học nhị nguyên,,D,,,Loại: Trắc nghiệm triết học; Phần: ; Câu 278: Điều khẳng định nào sau đây về Xpinôda là sai? A. Xpinôda là nhà triết học duy vật và vô thần B. Xpinôda là nhà triết học nhất nguyên coi quảng tính và tư duy là thuộc tính của một thực thể C. Xpinôda chống lại quan điểm nhị nguyên của Đềcáctơ. 57 D. Xpinôda là nhà triết học nhị nguyên D.  Đáp án đúng: D. Giải thích:
mcq_triet_279,279,Quan điểm duy vật của Xpinôda về thế giới là ở chỗ nào?,Thế giới là thế giới của các sự vật riêng lẻ,Thế giới là phức hợp cảm giác,Thế giới là sự tha hoá của ý niệm,Thế giới là cái bóng của thế giới ý niệm,A,,,Loại: Trắc nghiệm triết học; Phần: ; Câu 279: Quan điểm duy vật của Xpinôda về thế giới là ở chỗ nào? A. Thế giới là thế giới của các sự vật riêng lẻ B. Thế giới là phức hợp cảm giác C. Thế giới là sự tha hoá của ý niệm D. Thế giới là cái bóng của thế giới ý niệm Đáp án đúng: A. Giải thích:
mcq_triet_280,280,Tại sao quan điểm của Xpinôda lại rơi vào quan điểm của thuyết định mệnh máy móc?,Coi thế gới gồm các sự vật riêng lẻ,Coi các sự vật trong thế giới đều có nguyên nhân,Đồng nhất nguyên nhân với tính tất yếu coi ngẫu nhiên chỉ là phạm trù chủ quan,Khẳng định có thể nhận thức thế giới bằng phương pháp toán học.,C,,,Loại: Trắc nghiệm triết học; Phần: ; Câu 280: Tại sao quan điểm của Xpinôda lại rơi vào quan điểm của thuyết định mệnh máy móc? A. Coi thế gới gồm các sự vật riêng lẻ B. Coi các sự vật trong thế giới đều có nguyên nhân C. Đồng nhất nguyên nhân với tính tất yếu coi ngẫu nhiên chỉ là phạm trù chủ quan D. Khẳng định có thể nhận thức thế giới bằng phương pháp toán học. Đáp án đúng: C. Giải thích:
mcq_triet_281,281,"Quan niệm về ý thức của Xpinôda chịu ảnh hưởng của ai, và quan niệm đó như thế nào?","Chịu ảnh hưởng của thuyết bất khả tri, không thừa nhận con người có khả năng nhận thức được thế giới.","Chịu ảnh hưởng của những người theo vật hoạt luận, thừa nhận mọi vật đều có ý thức.",Chịu ảnh hưởng của chủ nghĩa duy lý cho chỉ có con người mới có ý thức.,"Chịu ảnh hưởng của tôn giáo, cho ý thức có nguồn góc từ thần thánh.",B,,,"Loại: Trắc nghiệm triết học; Phần: ; Câu 281: Quan niệm về ý thức của Xpinôda chịu ảnh hưởng của ai, và quan niệm đó như thế nào? A. Chịu ảnh hưởng của thuyết bất khả tri, không thừa nhận con người có khả năng nhận thức được thế giới. B. Chịu ảnh hưởng của những người theo vật hoạt luận, thừa nhận mọi vật đều có ý thức. C. Chịu ảnh hưởng của chủ nghĩa duy lý cho chỉ có con người mới có ý thức. D. Chịu ảnh hưởng của tôn giáo, cho ý thức có nguồn góc từ thần thánh. Đáp án đúng: B. Giải thích:"
mcq_triet_282,282,Quan niệm về ý thức của Xpinôda thuộc loại nào?,Duy vật biện chứng,Duy tâm chủ quan,Duy tâm khách quan,Vật hoạt luận,D,,,Loại: Trắc nghiệm triết học; Phần: ; Câu 282: Quan niệm về ý thức của Xpinôda thuộc loại nào? A. Duy vật biện chứng B. Duy tâm chủ quan C. Duy tâm khách quan D. Vật hoạt luận Đáp án đúng: D. Giải thích:
mcq_triet_283,283,Quan niệm về con người của Xpinôda đứng trên lập trường nào?,Chủ nghĩa duy tâm chủ quan,Chủ nghĩa duy tâm khách quan,Thuyết nhị nguyên 58 D. Chủ nghĩa tự nhiên,,D,,,Loại: Trắc nghiệm triết học; Phần: ; Câu 283: Quan niệm về con người của Xpinôda đứng trên lập trường nào? A. Chủ nghĩa duy tâm chủ quan B. Chủ nghĩa duy tâm khách quan C. Thuyết nhị nguyên 58 D. Chủ nghĩa tự nhiên D.  Đáp án đúng: D. Giải thích:
mcq_triet_284,284,"Về nhận thức luận, Xpinôda theo chủ nghĩa nào?",Giai đoạn nhận thức lý tính,Giai đoạn nhận thức cảm tính,Cả hai giai đoạn,Không đạt được ở giai đoạn nào,B,Câu 285: Theo Xpinôda chân lý đáng tin c ậy đạt đư ợc ở giai đo ạn nh ận thức nào? A. Giai đoạn nhận thức lý tính B. Giai đoạn nhận thức cảm tính C. Cả hai giai đoạn D. Không đạt được ở giai đoạn nào Đáp án: A là đáp án đúng,,"Loại: Trắc nghiệm triết học; Phần: ; Câu 284: Về nhận thức luận, Xpinôda theo chủ nghĩa nào? A. Giai đoạn nhận thức lý tính B. Giai đoạn nhận thức cảm tính C. Cả hai giai đoạn D. Không đạt được ở giai đoạn nào Đáp án đúng: B. Giải thích: Câu 285: Theo Xpinôda chân lý đáng tin c ậy đạt đư ợc ở giai đo ạn nh ận thức nào? A. Giai đoạn nhận thức lý tính B. Giai đoạn nhận thức cảm tính C. Cả hai giai đoạn D. Không đạt được ở giai đoạn nào Đáp án: A là đáp án đúng"
mcq_triet_286,286,Xpinôda quan niệm về nhận thức trực giác như thế nào?,Là “ánh sáng nội tâm” giúp con người liên hệ trực tiếp với thượng đế,Là trí tuệ anh minh như nền tảng của mọi tri thức,Một năng lực trí tuệ của phép nhận thức sự vật,Cả ba nội dung trên,D,,,Loại: Trắc nghiệm triết học; Phần: ; Câu 286: Xpinôda quan niệm về nhận thức trực giác như thế nào? A. Là “ánh sáng nội tâm” giúp con người liên hệ trực tiếp với thượng đế B. Là trí tuệ anh minh như nền tảng của mọi tri thức C. Một năng lực trí tuệ của phép nhận thức sự vật D. Cả ba nội dung trên Đáp án đúng: D. Giải thích:
mcq_triet_287,287,"Khái niệm đạo đức của Xpinôda gắn với khái niệm ""con người tự do"" không? nếu có thì như thế nào?",Không,"Có, con người tự do hành động theo ý muốn của mình","Có, con người chỉ có thể trở thành tự do khi được chỉ đạo bởi lý tính",Không. Vì trong tự nhiên chỉ có cái tất yếu,C,,,"Loại: Trắc nghiệm triết học; Phần: ; Câu 287: Khái niệm đạo đức của Xpinôda gắn với khái niệm ""con người tự do"" không? nếu có thì như thế nào? A. Không B. Có, con người tự do hành động theo ý muốn của mình C. Có, con người chỉ có thể trở thành tự do khi được chỉ đạo bởi lý tính D. Không. Vì trong tự nhiên chỉ có cái tất yếu Đáp án đúng: C. Giải thích:"
mcq_triet_288,288,Quan niệm của Xpinôda về pháp quyền và xã hội được xây dựng trên lập trường nào?,Chủ nghĩa tự nhiên,Chủ nghĩa duy vật biện chứng,Chủ nghĩa duy tâm khách quan,Chủ nghĩa tự do tư sản 59 Đáp án: A là đáp án đúng,,,,Loại: Trắc nghiệm triết học; Phần: ; Câu 288: Quan niệm của Xpinôda về pháp quyền và xã hội được xây dựng trên lập trường nào? A. Chủ nghĩa tự nhiên B. Chủ nghĩa duy vật biện chứng C. Chủ nghĩa duy tâm khách quan D. Chủ nghĩa tự do tư sản 59 Đáp án: A là đáp án đúng Đáp án đúng: . Giải thích:
mcq_triet_289,289,Xpinôda quan niệm về nguồn gốc tôn giáo từ đâu?,Sự tin tưởng vào ánh sáng nội tâm,Sự bất lực trước các lực lượng xã hội,Sự sợ hãi,Sự không hiểu biết về tự nhiên,C,,,Loại: Trắc nghiệm triết học; Phần: ; Câu 289: Xpinôda quan niệm về nguồn gốc tôn giáo từ đâu? A. Sự tin tưởng vào ánh sáng nội tâm B. Sự bất lực trước các lực lượng xã hội C. Sự sợ hãi D. Sự không hiểu biết về tự nhiên Đáp án đúng: C. Giải thích:
mcq_triet_290,290,"Trong nhận thức luận của mình, Giôn Lốccơ phê phán Đềcáctơ về cái gì?",Về thuyết nhị nguyên,Về quan niệm máy móc đối với con người,Về thuyết thừa nhận tồn tại tư tưởng bẩm sinh,Về quan niệm duy vật trong lĩnh vực vật lý,C,,,"Loại: Trắc nghiệm triết học; Phần: ; Câu 290: Trong nhận thức luận của mình, Giôn Lốccơ phê phán Đềcáctơ về cái gì? A. Về thuyết nhị nguyên B. Về quan niệm máy móc đối với con người C. Về thuyết thừa nhận tồn tại tư tưởng bẩm sinh D. Về quan niệm duy vật trong lĩnh vực vật lý Đáp án đúng: C. Giải thích:"
mcq_triet_291,291,"Theo quan niệm của G.Lốccơ tri thức, chân lý do đâu mà có?",Do ý niệm bẩm sinh,Do kết quả của quá trình nhận thức,Do thượng đế ban tặng,Do hoạt động thực tiễn,B,,,"Loại: Trắc nghiệm triết học; Phần: ; Câu 291: Theo quan niệm của G.Lốccơ tri thức, chân lý do đâu mà có? A. Do ý niệm bẩm sinh B. Do kết quả của quá trình nhận thức C. Do thượng đế ban tặng D. Do hoạt động thực tiễn Đáp án đúng: B. Giải thích:"
mcq_triet_292,292,Giôn Lốccơ là nhà triết học nước nào?,Pháp,Ý,Anh,Mỹ,B,,,Loại: Trắc nghiệm triết học; Phần: ; Câu 292: Giôn Lốccơ là nhà triết học nước nào? A. Pháp B. Ý C. Anh D. Mỹ Đáp án đúng: B. Giải thích:
mcq_triet_293,293,Về nhận thức luận ai là người nêu ra nguyên lý tabula rasa (tấm bảng sạch),Xpinôda,Đềcáctơ,Platôn,Giôn Lốccơ,D,,,Loại: Trắc nghiệm triết học; Phần: ; Câu 293: Về nhận thức luận ai là người nêu ra nguyên lý tabula rasa (tấm bảng sạch) A. Xpinôda B. Đềcáctơ C. Platôn D. Giôn Lốccơ Đáp án đúng: D. Giải thích:
mcq_triet_294,294,Nguyên lý tabula rasa (tấm bảng sạch) theo cách hiểu của người đề xuất khẳng định 60 những nội dung gì?,"Mọi tri thức không phải là bẩm sinh, mà là kết quả nhận thức",Mọi quá trình nhận thức đều phải xuất phát từ cơ quan cảm giác,Linh hồn con người có vai trò tích cực nhất định,Cả ba nội dung trên,D,,,"Loại: Trắc nghiệm triết học; Phần: ; Câu 294: Nguyên lý tabula rasa (tấm bảng sạch) theo cách hiểu của người đề xuất khẳng định 60 những nội dung gì? A. Mọi tri thức không phải là bẩm sinh, mà là kết quả nhận thức B. Mọi quá trình nhận thức đều phải xuất phát từ cơ quan cảm giác C. Linh hồn con người có vai trò tích cực nhất định D. Cả ba nội dung trên Đáp án đúng: D. Giải thích:"
mcq_triet_295,295,Nội dung thuyết tabula rasa (tấm bảng sạch) đứng trên lập trường triết học nào?,Chủ nghĩa duy tâm khách quan,Chủ nghĩa duy tâm chủ quan,Chủ nghĩa duy vật,Thuyết bất khả tri,C,,,Loại: Trắc nghiệm triết học; Phần: ; Câu 295: Nội dung thuyết tabula rasa (tấm bảng sạch) đứng trên lập trường triết học nào? A. Chủ nghĩa duy tâm khách quan B. Chủ nghĩa duy tâm chủ quan C. Chủ nghĩa duy vật D. Thuyết bất khả tri Đáp án đúng: C. Giải thích:
mcq_triet_296,296,Hạn chế của thuyết tabula rasa (tấm bảng sạch) là ở chỗ nào?,Đề cao vai trò nhận thức lý tính,Phủ nhận nhận thức cảm tính,Đề cao nhận thức cảm tính một cách tuyệt đối,Chưa thấy vai trò của kinh nghiệm,C,,,Loại: Trắc nghiệm triết học; Phần: ; Câu 296: Hạn chế của thuyết tabula rasa (tấm bảng sạch) là ở chỗ nào? A. Đề cao vai trò nhận thức lý tính B. Phủ nhận nhận thức cảm tính C. Đề cao nhận thức cảm tính một cách tuyệt đối D. Chưa thấy vai trò của kinh nghiệm Đáp án đúng: C. Giải thích:
mcq_triet_297,297,Trong quan niệm về kinh nghiệm. Giôn Lốccơ đứng trên lập trường nào?,Lập trường của chủ nghĩa duy lý,Lập trường của chủ nghĩa duy cảm,Lập trường của thuyết nhị nguyên,Lập trường của thuyết bất khả tri,B,,,Loại: Trắc nghiệm triết học; Phần: ; Câu 297: Trong quan niệm về kinh nghiệm. Giôn Lốccơ đứng trên lập trường nào? A. Lập trường của chủ nghĩa duy lý B. Lập trường của chủ nghĩa duy cảm C. Lập trường của thuyết nhị nguyên D. Lập trường của thuyết bất khả tri Đáp án đúng: B. Giải thích:
mcq_triet_298,298,Giôn Lốccơ coi lý tính là gì?,Là ý niệm bẩm sinh,Là hoạt động của linh hồn,Là kinh nghiệm bên trong,Là giai đoạn phản ánh khái quát sự vật,C,,,Loại: Trắc nghiệm triết học; Phần: ; Câu 298: Giôn Lốccơ coi lý tính là gì? A. Là ý niệm bẩm sinh B. Là hoạt động của linh hồn C. Là kinh nghiệm bên trong D. Là giai đoạn phản ánh khái quát sự vật Đáp án đúng: C. Giải thích:
mcq_triet_299,299,Luận điểm nào thể hiện lập trường duy cảm của Giôn Lốccơ?,Tôi tư duy vậy tôi tồn tại 61 B. Mọi nhận thức đều xuất phát từ kinh nghiệm,,Kinh nghiệm là nguồn gốc của nhận thức,Không có cái gì trong lý tính mà trước đó lại không có trong cảm tính.,D,,,Loại: Trắc nghiệm triết học; Phần: ; Câu 299: Luận điểm nào thể hiện lập trường duy cảm của Giôn Lốccơ? A. Tôi tư duy vậy tôi tồn tại 61 B. Mọi nhận thức đều xuất phát từ kinh nghiệm B.  C. Kinh nghiệm là nguồn gốc của nhận thức D. Không có cái gì trong lý tính mà trước đó lại không có trong cảm tính. Đáp án đúng: D. Giải thích:
mcq_triet_300,300,"Giôn Lốccơ quan niệm về ""ý niệm phức tạp"" như thế nào?",Ý niệm phức tạp là kết quả phản ánh trực tiếp nhiều đặc tính của sự vật,Ý niệm phức tạp là kết quả của phản ánh khái quát đặc tính nào đó của sự vật,Ý niệm phức tạp là tổng hợp “ý niệm đơn giản”,“Ý niệm phức tạp” là kết quả của hoạt động của riêng lý tính hoàn toàn chủ quan của con người,D,,,"Loại: Trắc nghiệm triết học; Phần: ; Câu 300: Giôn Lốccơ quan niệm về ""ý niệm phức tạp"" như thế nào? A. Ý niệm phức tạp là kết quả phản ánh trực tiếp nhiều đặc tính của sự vật B. Ý niệm phức tạp là kết quả của phản ánh khái quát đặc tính nào đó của sự vật C. Ý niệm phức tạp là tổng hợp “ý niệm đơn giản” D. “Ý niệm phức tạp” là kết quả của hoạt động của riêng lý tính hoàn toàn chủ quan của con người Đáp án đúng: D. Giải thích:"
mcq_triet_301,301,"Quan niệm về ""ý niệm phức tạp"" của Giôn Lốccơ có quan hệ với lập trường nào về thế giới?",Lập trường duy Thực về thế giới,Lập trường duy Danh về thế giới,Lập trường nhị nguyên về thế giới,Lập trường duy vật biện chứng về thế giới,B,,,"Loại: Trắc nghiệm triết học; Phần: ; Câu 301: Quan niệm về ""ý niệm phức tạp"" của Giôn Lốccơ có quan hệ với lập trường nào về thế giới? A. Lập trường duy Thực về thế giới B. Lập trường duy Danh về thế giới C. Lập trường nhị nguyên về thế giới D. Lập trường duy vật biện chứng về thế giới Đáp án đúng: B. Giải thích:"
mcq_triet_302,302,"Ai là người đã phân chia tính chất của sự vật ra thành ""chất có trước"" và ""chất có sau""",Xpinôdza,Ph. Bêcơn,Đềcáctơ,Giôn Lốccơ,D,,,"Loại: Trắc nghiệm triết học; Phần: ; Câu 302: Ai là người đã phân chia tính chất của sự vật ra thành ""chất có trước"" và ""chất có sau"" A. Xpinôdza B. Ph. Bêcơn C. Đềcáctơ D. Giôn Lốccơ Đáp án đúng: D. Giải thích:"
mcq_triet_303,303,"Quan niệm về ""chất có sau"" của tác giả là thế nào?",“Chất có sau” có được nhờ sự tác động của các sự vật khách quan vào giác quan con người.,“Chất có sau” hoàn toàn là sản phẩm của con người,"“Chất có sau” khi thì là (a) khi thì là (b), không nhất quán",“Chất có sau” là ảo giác không có thật,C,,,"Loại: Trắc nghiệm triết học; Phần: ; Câu 303: Quan niệm về ""chất có sau"" của tác giả là thế nào? A. “Chất có sau” có được nhờ sự tác động của các sự vật khách quan vào giác quan con người. B. “Chất có sau” hoàn toàn là sản phẩm của con người C. “Chất có sau” khi thì là (a) khi thì là (b), không nhất quán D. “Chất có sau” là ảo giác không có thật Đáp án đúng: C. Giải thích:"
mcq_triet_304,304,Gioócgiơ Béccơli là nhà triết học của nước nào?,Anh 62 B. Pháp,,Hà Lan,Đức,A,,,Loại: Trắc nghiệm triết học; Phần: ; Câu 304: Gioócgiơ Béccơli là nhà triết học của nước nào? A. Anh 62 B. Pháp B.  C. Hà Lan D. Đức Đáp án đúng: A. Giải thích:
mcq_triet_305,305,Gioócgiơ Béccơli là nhà triết học theo khuynh hướng nào?,Chủ nghĩa duy vật siêu hình,Chủ nghĩa duy vật biện chứng,Chủ nghĩa duy tâm chủ quan,Chủ nghĩa duy tâm khách quan,B,,,Loại: Trắc nghiệm triết học; Phần: ; Câu 305: Gioócgiơ Béccơli là nhà triết học theo khuynh hướng nào? A. Chủ nghĩa duy vật siêu hình B. Chủ nghĩa duy vật biện chứng C. Chủ nghĩa duy tâm chủ quan D. Chủ nghĩa duy tâm khách quan Đáp án đúng: B. Giải thích:
mcq_triet_306,306,Theo quan niệm của Béccơli sự tồn tại các sự vật cụ thể trong thế giới do cái gì quyết định?,Mọi vật do nguyên tử tạo nên,Vật tồn tại không phụ thuộc vào cảm giác,Vật do thượng đế tạo ra,Vật do phức hợp các cảm giác,D,,,Loại: Trắc nghiệm triết học; Phần: ; Câu 306: Theo quan niệm của Béccơli sự tồn tại các sự vật cụ thể trong thế giới do cái gì quyết định? A. Mọi vật do nguyên tử tạo nên B. Vật tồn tại không phụ thuộc vào cảm giác C. Vật do thượng đế tạo ra D. Vật do phức hợp các cảm giác Đáp án đúng: D. Giải thích:
mcq_triet_307,307,Triết học của Béccơli cuối cùng chuyển sang triết học nào?,Chủ nghĩa duy vật tầm thường,Chủ nghĩa duy tâm khách quan,Chủ nghĩa duy vật biện chứng,Thuyết bất khả tri,B,,,Loại: Trắc nghiệm triết học; Phần: ; Câu 307: Triết học của Béccơli cuối cùng chuyển sang triết học nào? A. Chủ nghĩa duy vật tầm thường B. Chủ nghĩa duy tâm khách quan C. Chủ nghĩa duy vật biện chứng D. Thuyết bất khả tri Đáp án đúng: B. Giải thích:
mcq_triet_308,308,Về bản chất triết học của Béccơli phản ánh hệ tư tưởng của giai cấp nào?,Giai cấp địa chủ phong kiến,Giai cấp chủ nô,Giai cấp tư sản đã giành được chính quyền,Giai cấp tư sản chưa giành được chính quyền,C,,,Loại: Trắc nghiệm triết học; Phần: ; Câu 308: Về bản chất triết học của Béccơli phản ánh hệ tư tưởng của giai cấp nào? A. Giai cấp địa chủ phong kiến B. Giai cấp chủ nô C. Giai cấp tư sản đã giành được chính quyền D. Giai cấp tư sản chưa giành được chính quyền Đáp án đúng: C. Giải thích:
mcq_triet_309,309,Davít Hium là nhà triết học nước nào?,Pháp,Áo 63 C. Anh,,Hà Lan,C,,,Loại: Trắc nghiệm triết học; Phần: ; Câu 309: Davít Hium là nhà triết học nước nào? A. Pháp B. Áo 63 C. Anh C.  D. Hà Lan Đáp án đúng: C. Giải thích:
mcq_triet_310,310,Davít Hium sống vào thời gian nào?,1700 - 1760,1710 – 1765,1711 – 1766,1712 - 1767,C,,,Loại: Trắc nghiệm triết học; Phần: ; Câu 310: Davít Hium sống vào thời gian nào? A. 1700 - 1760 B. 1710 – 1765 C. 1711 – 1766 D. 1712 - 1767 Đáp án đúng: C. Giải thích:
mcq_triet_311,311,"Về lý luận nhận thức, Đavít Hium đứng trên lập trường nào?",Thuyết khả tri duy vật siêu hình,Thuyết khả tri duy tâm,Thuyết bất khả tri và hiện tượng luận,Thuyết khả tri duy vật biện chứng,C,,,"Loại: Trắc nghiệm triết học; Phần: ; Câu 311: Về lý luận nhận thức, Đavít Hium đứng trên lập trường nào? A. Thuyết khả tri duy vật siêu hình B. Thuyết khả tri duy tâm C. Thuyết bất khả tri và hiện tượng luận D. Thuyết khả tri duy vật biện chứng Đáp án đúng: C. Giải thích:"
mcq_triet_312,312,Quan niệm của Đavít Hium về tính nhân quả như thế nào?,Kết quả chứa đựng trong nguyên nhân,Nguyên nhân có trước và sinh ra kết quả,Kết quả được rút ra từ nguyên nhân,Không thể chứng minh kết quả được rút ra từ nguyên nhân trong khoa học tự nhiên,D,,,Loại: Trắc nghiệm triết học; Phần: ; Câu 312: Quan niệm của Đavít Hium về tính nhân quả như thế nào? A. Kết quả chứa đựng trong nguyên nhân B. Nguyên nhân có trước và sinh ra kết quả C. Kết quả được rút ra từ nguyên nhân D. Không thể chứng minh kết quả được rút ra từ nguyên nhân trong khoa học tự nhiên Đáp án đúng: D. Giải thích:
mcq_triet_313,313,Hium quan niệm về sự tồn tại của quan hệ nhân quả như thế nào?,Tồn tại khách quan và là quy luật của tự nhiên,Tính nhân quả không tồn tại ở đâu cả chỉ là sự bịa đặt của con người,"Tính nhân quả không phải là quy luật, mà do thói quen của con người quy định.",,C,,,"Loại: Trắc nghiệm triết học; Phần: ; Câu 313: Hium quan niệm về sự tồn tại của quan hệ nhân quả như thế nào? A. Tồn tại khách quan và là quy luật của tự nhiên B. Tính nhân quả không tồn tại ở đâu cả chỉ là sự bịa đặt của con người C. Tính nhân quả không phải là quy luật, mà do thói quen của con người quy định. D.  Đáp án đúng: C. Giải thích:"
mcq_triet_314,314,Theo Đavít Hium cần giáo dục cho con người cái gì?,Thói quen,Các tri thức khoa học tự nhiên,Kiến thức triết học,Thẩm mỹ học 64 Đáp án: A là đáp án đúng,,,,Loại: Trắc nghiệm triết học; Phần: ; Câu 314: Theo Đavít Hium cần giáo dục cho con người cái gì? A. Thói quen B. Các tri thức khoa học tự nhiên C. Kiến thức triết học D. Thẩm mỹ học 64 Đáp án: A là đáp án đúng Đáp án đúng: . Giải thích:
mcq_triet_315,315,Triết học Ánh sáng xuất hiện trong thời gian nào và ở đâu?,"Thế kỷ XVI – XVII, ở Italia","Thế kỷ XVII – XVIII, ở Anh","Nửa cuối thế kỷ XVIII, ở Đức",Nửa cuối thế kỷ XVIII ở Pháp,D,,,"Loại: Trắc nghiệm triết học; Phần: ; Câu 315: Triết học Ánh sáng xuất hiện trong thời gian nào và ở đâu? A. Thế kỷ XVI – XVII, ở Italia B. Thế kỷ XVII – XVIII, ở Anh C. Nửa cuối thế kỷ XVIII, ở Đức D. Nửa cuối thế kỷ XVIII ở Pháp Đáp án đúng: D. Giải thích:"
mcq_triet_316,316,Những nhà triết học khai sáng Pháp chuẩn bị về mặt tư tưởng cho cuộc cách mạng nào?,Cách mạng vô sản,Cách mạng tư sản,"Cách mạng dân tộc, dân chủ",Cách mạng nông dân chống phong kiến,B,,,"Loại: Trắc nghiệm triết học; Phần: ; Câu 316: Những nhà triết học khai sáng Pháp chuẩn bị về mặt tư tưởng cho cuộc cách mạng nào? A. Cách mạng vô sản B. Cách mạng tư sản C. Cách mạng dân tộc, dân chủ D. Cách mạng nông dân chống phong kiến Đáp án đúng: B. Giải thích:"
mcq_triet_317,317,La Mettri (1709 - 1751) là nhà triết học nước nào?,Nga,Pháp,Italia,Đức,B,,,Loại: Trắc nghiệm triết học; Phần: ; Câu 317: La Mettri (1709 - 1751) là nhà triết học nước nào? A. Nga B. Pháp C. Italia D. Đức Đáp án đúng: B. Giải thích:
mcq_triet_318,318,"Quan niệm cho thực thể vật chất là thống nhất ba hình thức của nó trong giới tự nhiên, giới vô cơ, thực vật, động vật (bao gồm con người) là của nhà triết học nào?","Quảng tính, vận động và cảm thụ","Quảng tính, khối lượng và vận động","Quảng tính, vận động 65 Đáp án: A là đáp án đúng",Điđrô,B,"Câu 319: La Mettri coi đ ặc tính cơ b ản của vật chất là gì? A. Quảng tính, vận động và cảm thụ B. Quảng tính, khối lượng và vận động C. Quảng tính, vận động 65 Đáp án: A là đáp án đúng",,"Loại: Trắc nghiệm triết học; Phần: ; Câu 318: Quan niệm cho thực thể vật chất là thống nhất ba hình thức của nó trong giới tự nhiên, giới vô cơ, thực vật, động vật (bao gồm con người) là của nhà triết học nào? A. Quảng tính, vận động và cảm thụ B. Quảng tính, khối lượng và vận động C. Quảng tính, vận động 65 Đáp án: A là đáp án đúng D. Điđrô Đáp án đúng: B. Giải thích: Câu 319: La Mettri coi đ ặc tính cơ b ản của vật chất là gì? A. Quảng tính, vận động và cảm thụ B. Quảng tính, khối lượng và vận động C. Quảng tính, vận động 65 Đáp án: A là đáp án đúng"
mcq_triet_320,320,Về thế giới quan La Mettri là nhà triết học thuộc trào lưu nào?,Chủ nghĩa duy tâm khách quan,Chủ nghĩa duy tâm chủ quan,Chủ nghĩa duy vật,Chủ nghĩa kinh nghiệm phê phán,C,,,Loại: Trắc nghiệm triết học; Phần: ; Câu 320: Về thế giới quan La Mettri là nhà triết học thuộc trào lưu nào? A. Chủ nghĩa duy tâm khách quan B. Chủ nghĩa duy tâm chủ quan C. Chủ nghĩa duy vật D. Chủ nghĩa kinh nghiệm phê phán Đáp án đúng: C. Giải thích:
mcq_triet_321,321,"Trong vấn đề nhận thức luận, khi La Mettri nói: nhờ cơ quan cảm giác mà người ta suy nghĩ, giác quan là kẻ đáng tin cậy trong đời sống hàng ngày, La Mettri đứng trên quan điểm nào?",Duy lý,Duy vật biện chứng,Duy giác luận,Bất khả tri,C,,,"Loại: Trắc nghiệm triết học; Phần: ; Câu 321: Trong vấn đề nhận thức luận, khi La Mettri nói: nhờ cơ quan cảm giác mà người ta suy nghĩ, giác quan là kẻ đáng tin cậy trong đời sống hàng ngày, La Mettri đứng trên quan điểm nào? A. Duy lý B. Duy vật biện chứng C. Duy giác luận D. Bất khả tri Đáp án đúng: C. Giải thích:"
mcq_triet_322,322,Điều khẳng định nào sau đây là sai:,La Mettri bác bỏ thuyết nhị nguyên của Đềcáctơ,La Mettri bảo vệ thuyết nhị nguyên của Đềcáctơ,La Mettri xem con người như một cái máy,La Mettri giải thích các hiện tượng sinh lý theo quy luật cơ học,B,,,Loại: Trắc nghiệm triết học; Phần: ; Câu 322: Điều khẳng định nào sau đây là sai: A. La Mettri bác bỏ thuyết nhị nguyên của Đềcáctơ B. La Mettri bảo vệ thuyết nhị nguyên của Đềcáctơ C. La Mettri xem con người như một cái máy D. La Mettri giải thích các hiện tượng sinh lý theo quy luật cơ học Đáp án đúng: B. Giải thích:
mcq_triet_323,323,Điều khẳng định nào sau đây là sai?,Điđrô thừa nhận vật chất tồn tại vĩnh viễn,Điđrô thừa nhận vật chất tồn tại khách quan ngoài ý thức của con người,"Điđrô cho vật chất là một thực thể duy nhất, nguyên nhân tồn tại của nó nằm ngay trong bản thân nó.",Điđrô không thừa nhận nguyên nhân tồn tại của vật chất nằm ngay trong bản thân nó.,D,,,"Loại: Trắc nghiệm triết học; Phần: ; Câu 323: Điều khẳng định nào sau đây là sai? A. Điđrô thừa nhận vật chất tồn tại vĩnh viễn B. Điđrô thừa nhận vật chất tồn tại khách quan ngoài ý thức của con người C. Điđrô cho vật chất là một thực thể duy nhất, nguyên nhân tồn tại của nó nằm ngay trong bản thân nó. D. Điđrô không thừa nhận nguyên nhân tồn tại của vật chất nằm ngay trong bản thân nó. Đáp án đúng: D. Giải thích:"
mcq_triet_324,324,Điều khẳng định nào sau đây là đúng?,Điđrô cho vận động và vật chất là thống nhất chặt chẽ,Điđrô không thừa nhận vận động và vật chất là thống nhất,"Điđrô thừa nhận có trạng thái đứng im tuyệt đối 66 D. Điđrô phủ nhận vận động của vật thể là qúa trình phát triển, biến đổi không ngừng.",,A,,,"Loại: Trắc nghiệm triết học; Phần: ; Câu 324: Điều khẳng định nào sau đây là đúng? A. Điđrô cho vận động và vật chất là thống nhất chặt chẽ B. Điđrô không thừa nhận vận động và vật chất là thống nhất C. Điđrô thừa nhận có trạng thái đứng im tuyệt đối 66 D. Điđrô phủ nhận vận động của vật thể là qúa trình phát triển, biến đổi không ngừng. D.  Đáp án đúng: A. Giải thích:"
mcq_triet_325,325,Điều khẳng định nào sau đây là sai?,Điđrô thể hiện quan niệm vô thần thông qua tư tưởng biện chứng về vận động,Điđrô chưa tiếp cận tư tưởng về tự thân vận động của vật chất,"Điđrô cho rằng mỗi phân tử có một nguồn vận động bên trong, mà ông gọi là lực nội tâm.",Điđrô chống lại sự tồn tại của thượng đế,B,,,"Loại: Trắc nghiệm triết học; Phần: ; Câu 325: Điều khẳng định nào sau đây là sai? A. Điđrô thể hiện quan niệm vô thần thông qua tư tưởng biện chứng về vận động B. Điđrô chưa tiếp cận tư tưởng về tự thân vận động của vật chất C. Điđrô cho rằng mỗi phân tử có một nguồn vận động bên trong, mà ông gọi là lực nội tâm. D. Điđrô chống lại sự tồn tại của thượng đế Đáp án đúng: B. Giải thích:"
mcq_triet_326,326,"Khi khẳng định vật chất là nguyên nhân của cảm giác, Điđrô đã đứng trên quan điểm triết học nào?",Chủ nghĩa duy tâm,Thuyết nhị nguyên,Chủ nghĩa duy vật,Chủ nghĩa kinh nghiệm phê phán,C,,,"Loại: Trắc nghiệm triết học; Phần: ; Câu 326: Khi khẳng định vật chất là nguyên nhân của cảm giác, Điđrô đã đứng trên quan điểm triết học nào? A. Chủ nghĩa duy tâm B. Thuyết nhị nguyên C. Chủ nghĩa duy vật D. Chủ nghĩa kinh nghiệm phê phán Đáp án đúng: C. Giải thích:"
mcq_triet_327,327,Tư tưởng biện chứng của Điđrô về vận động thể hiện ở chỗ nào?,Giải thích vận động là sự thay đổi vị trí trong không gian,Cho nguyên nhân vận động là do lực tác động,Giải thích tự thân vận động của vật chất bằng mâu thuẫn nội tại của sự vật và tính đa dạng của nó.,,C,,,Loại: Trắc nghiệm triết học; Phần: ; Câu 327: Tư tưởng biện chứng của Điđrô về vận động thể hiện ở chỗ nào? A. Giải thích vận động là sự thay đổi vị trí trong không gian B. Cho nguyên nhân vận động là do lực tác động C. Giải thích tự thân vận động của vật chất bằng mâu thuẫn nội tại của sự vật và tính đa dạng của nó. D.  Đáp án đúng: C. Giải thích:
mcq_triet_328,328,Quan niệm của Điđrô về nguồn gốc của ý thức con người như thế nào?,Ý thức có nguồn gốc từ thần thánh,Ý thức là thuộc tính của mọi dạng vật chất,Ý thức là thuộc tính của vật chất có tổ chức cao xuất hiện do sự phức tạp hoá của vật chất hữu cơ.,Ý thức con người vốn có trong bộ não.,C,,,Loại: Trắc nghiệm triết học; Phần: ; Câu 328: Quan niệm của Điđrô về nguồn gốc của ý thức con người như thế nào? A. Ý thức có nguồn gốc từ thần thánh B. Ý thức là thuộc tính của mọi dạng vật chất C. Ý thức là thuộc tính của vật chất có tổ chức cao xuất hiện do sự phức tạp hoá của vật chất hữu cơ. D. Ý thức con người vốn có trong bộ não. Đáp án đúng: C. Giải thích:
mcq_triet_329,329,Khẳng định nào sau đây là đúng?,Điđrô cho rằng vật chất là nguyên nhân của cảm giác,Điđrô cho rằng vật chất là phức hợp của cảm giác,Điđrô cho rằng sự vật là phản ánh của thế giới ý niệm 67 D. Điđrô phủ nhận khả năng nhận thức thế giới của con người.,,A,,,Loại: Trắc nghiệm triết học; Phần: ; Câu 329: Khẳng định nào sau đây là đúng? A. Điđrô cho rằng vật chất là nguyên nhân của cảm giác B. Điđrô cho rằng vật chất là phức hợp của cảm giác C. Điđrô cho rằng sự vật là phản ánh của thế giới ý niệm 67 D. Điđrô phủ nhận khả năng nhận thức thế giới của con người. D.  Đáp án đúng: A. Giải thích:
mcq_triet_330,330,Trong lĩnh vực xã hội Điđrô đứng trên quan điểm triết học nào?,Duy vật siêu hình,Duy vật biện chứng,Duy tâm,,C,,,Loại: Trắc nghiệm triết học; Phần: ; Câu 330: Trong lĩnh vực xã hội Điđrô đứng trên quan điểm triết học nào? A. Duy vật siêu hình B. Duy vật biện chứng C. Duy tâm D.  Đáp án đúng: C. Giải thích:
mcq_triet_331,331,Những luận điểm nào sau đây là đúng?,Điđrô khẳng định nguồn gốc thần thánh của vua chúa.,Điđrô phủ nhận nguồn gốc thần thánh của vua chúa.,Điđrô tán thành chế độ chuyên chế.,Điđrô chống lại chế độ quân chủ lập hiến.,A,,,Loại: Trắc nghiệm triết học; Phần: ; Câu 331: Những luận điểm nào sau đây là đúng? A. Điđrô khẳng định nguồn gốc thần thánh của vua chúa. B. Điđrô phủ nhận nguồn gốc thần thánh của vua chúa. C. Điđrô tán thành chế độ chuyên chế. D. Điđrô chống lại chế độ quân chủ lập hiến. Đáp án đúng: A. Giải thích:
mcq_triet_332,332,Triết học cổ điển Đức bảo vệ về mặt tư tưởng chế độ nhà nước nào?,Nhà nước dân chủ chủ nô,Nhà nước dân chủ tư sản,Nhà nước chuyên chế Phổ.,Nhà nước chuyên chế chủ nô,C,,,Loại: Trắc nghiệm triết học; Phần: ; Câu 332: Triết học cổ điển Đức bảo vệ về mặt tư tưởng chế độ nhà nước nào? A. Nhà nước dân chủ chủ nô B. Nhà nước dân chủ tư sản C. Nhà nước chuyên chế Phổ. D. Nhà nước chuyên chế chủ nô Đáp án đúng: C. Giải thích:
mcq_triet_333,333,Sắp xếp theo thứ tự năm sinh trước - sau của các nhà triết học sau:,Cantơ - Phoi -ơ-bắc - Hêghen,Cantơ - Hêghen - Phoi -ơ-bắc,Hêghen - Cantơ - Phoi -ơ-bắc,Phoi -ơ-bắc - Cantơ - Hêghen,B,,,Loại: Trắc nghiệm triết học; Phần: ; Câu 333: Sắp xếp theo thứ tự năm sinh trước - sau của các nhà triết học sau: A. Cantơ - Phoi -ơ-bắc - Hêghen B. Cantơ - Hêghen - Phoi -ơ-bắc C. Hêghen - Cantơ - Phoi -ơ-bắc D. Phoi -ơ-bắc - Cantơ - Hêghen Đáp án đúng: B. Giải thích:
mcq_triet_334,334,"Khi đưa ra quan niệm về ""vật tự nó"" ở ngoài con người, Cantơ là nhà triết học thuộc khuynh hướng nào?",Duy tâm chủ quan,Duy tâm khách quan,Duy vật,Nhị nguyên 68 Đáp án: C là đáp án đúng,,,,"Loại: Trắc nghiệm triết học; Phần: ; Câu 334: Khi đưa ra quan niệm về ""vật tự nó"" ở ngoài con người, Cantơ là nhà triết học thuộc khuynh hướng nào? A. Duy tâm chủ quan B. Duy tâm khách quan C. Duy vật D. Nhị nguyên 68 Đáp án: C là đáp án đúng Đáp án đúng: . Giải thích:"
mcq_triet_335,335,"Khi cho rằng các vật thể quanh ta không liên quan đến thế giới ""vật tự nó"", mà chỉ là ""các hiện tượng phù hợp với cảm giác và tri thức do lý tính chúng ta tạo ra"", Cantơ là nhà triết học thuộc khuynh hướng nào?",Duy vật biện chứng.,Duy vật siêu hình,Duy tâm chủ quan,Duy tâm khách quan,C,,,"Loại: Trắc nghiệm triết học; Phần: ; Câu 335: Khi cho rằng các vật thể quanh ta không liên quan đến thế giới ""vật tự nó"", mà chỉ là ""các hiện tượng phù hợp với cảm giác và tri thức do lý tính chúng ta tạo ra"", Cantơ là nhà triết học thuộc khuynh hướng nào? A. Duy vật biện chứng. B. Duy vật siêu hình C. Duy tâm chủ quan D. Duy tâm khách quan Đáp án đúng: C. Giải thích:"
mcq_triet_336,336,"Khi cho không gian, thời gian, tính nhân quả không thuộc bản thân thế giới tự nhiên, Cantơ đứng trên quan điểm triết học nào?",Duy vật biện chứng.,Duy tâm.,Duy vật siêu hình,,B,,,"Loại: Trắc nghiệm triết học; Phần: ; Câu 336: Khi cho không gian, thời gian, tính nhân quả không thuộc bản thân thế giới tự nhiên, Cantơ đứng trên quan điểm triết học nào? A. Duy vật biện chứng. B. Duy tâm. C. Duy vật siêu hình D.  Đáp án đúng: B. Giải thích:"
mcq_triet_337,337,"Trong lĩnh vực nhận thức luận, Cantơ là nhà triết học theo khuynh hướng nào?",Khả tri luận có tính chất duy vật.,Khả tri luận có tính chất duy tâm khách quan.,Bất khả tri luận có tính chất duy tâm chủ quan.,,C,,,"Loại: Trắc nghiệm triết học; Phần: ; Câu 337: Trong lĩnh vực nhận thức luận, Cantơ là nhà triết học theo khuynh hướng nào? A. Khả tri luận có tính chất duy vật. B. Khả tri luận có tính chất duy tâm khách quan. C. Bất khả tri luận có tính chất duy tâm chủ quan. D.  Đáp án đúng: C. Giải thích:"
mcq_triet_338,338,Khẳng định nào sau đây là đúng,Phép biện chứng của Hêghen là phép biện chứng duy vật,Phép biện chứng của Hêghen là phép biện chứng tự phát.,Phép biện chứng của Hêghen là phép biện chứng duy tâm khách quan,Phép biện chứng của Hêghen là phép biện chứng tiên nghiệm chủ quan.,C,,,Loại: Trắc nghiệm triết học; Phần: ; Câu 338: Khẳng định nào sau đây là đúng A. Phép biện chứng của Hêghen là phép biện chứng duy vật B. Phép biện chứng của Hêghen là phép biện chứng tự phát. C. Phép biện chứng của Hêghen là phép biện chứng duy tâm khách quan D. Phép biện chứng của Hêghen là phép biện chứng tiên nghiệm chủ quan. Đáp án đúng: C. Giải thích:
mcq_triet_339,339,Theo Hêghen khởi nguyên của thế giới là gì?,Nguyên tử.,Không khí.,Ý niệm tuyệt đối,Vật chất không xác định 69 Đáp án: C là đáp án đúng,,,,Loại: Trắc nghiệm triết học; Phần: ; Câu 339: Theo Hêghen khởi nguyên của thế giới là gì? A. Nguyên tử. B. Không khí. C. Ý niệm tuyệt đối D. Vật chất không xác định 69 Đáp án: C là đáp án đúng Đáp án đúng: . Giải thích:
mcq_triet_340,340,Trong triết học của Hêghen giữa tinh thần và tự nhiên quan hệ với nhau như thế nào?,Tinh thần là kết quả phát triển của tự nhiên.,Tinh thần là thuộc tính của tự nhiên,"Tự nhiên là sản phẩm của tinh thần, là một tồn tại khác của tinh thần.",Tự nhiên là nguồn gốc của tinh thần.,C,,,"Loại: Trắc nghiệm triết học; Phần: ; Câu 340: Trong triết học của Hêghen giữa tinh thần và tự nhiên quan hệ với nhau như thế nào? A. Tinh thần là kết quả phát triển của tự nhiên. B. Tinh thần là thuộc tính của tự nhiên C. Tự nhiên là sản phẩm của tinh thần, là một tồn tại khác của tinh thần. D. Tự nhiên là nguồn gốc của tinh thần. Đáp án đúng: C. Giải thích:"
mcq_triet_341,341,Khẳng định nào sau đây là sai?,"Hêghen cho rằng ""ý niệm tuyệt đối"" tồn tại vĩnh viễn","Hêghen cho rằng ""ý niệm tuyệt đối"" vận động trong sự phụ thuộc vào giới tự nhiên và xã hội.","Hêghen cho rằng ""ý niệm tuyệt đối"" là tính thứ nhất, tự nhiên là tính thứ hai.",,B,,,"Loại: Trắc nghiệm triết học; Phần: ; Câu 341: Khẳng định nào sau đây là sai? A. Hêghen cho rằng ""ý niệm tuyệt đối"" tồn tại vĩnh viễn B. Hêghen cho rằng ""ý niệm tuyệt đối"" vận động trong sự phụ thuộc vào giới tự nhiên và xã hội. C. Hêghen cho rằng ""ý niệm tuyệt đối"" là tính thứ nhất, tự nhiên là tính thứ hai. D.  Đáp án đúng: B. Giải thích:"
mcq_triet_342,342,"Trong số những nhà triết học sau đây, ai là người trình bầy toàn bộ giới tự nhiên, lịch sử, và tư duy trong sự vận động, biến đổi và phát triển?",Đềcáctơ,Cantơ,Hêghen,Phoi -ơ-bắc.,C,,,"Loại: Trắc nghiệm triết học; Phần: ; Câu 342: Trong số những nhà triết học sau đây, ai là người trình bầy toàn bộ giới tự nhiên, lịch sử, và tư duy trong sự vận động, biến đổi và phát triển? A. Đềcáctơ B. Cantơ C. Hêghen D. Phoi -ơ-bắc. Đáp án đúng: C. Giải thích:"
mcq_triet_343,343,Hãy chỉ ra đâu là quan điểm của Hêghen?,Quy luật của phép biện chứng được rút ra từ tự nhiên.,Quy luật của phép biện chứng được hoàn thành trong tư duy và được ứng dụng vào tự nhiên và xã hội,Quy luật của phép biện chứng do ý thức chủ quan con người tạo ra.,,B,,,Loại: Trắc nghiệm triết học; Phần: ; Câu 343: Hãy chỉ ra đâu là quan điểm của Hêghen? A. Quy luật của phép biện chứng được rút ra từ tự nhiên. B. Quy luật của phép biện chứng được hoàn thành trong tư duy và được ứng dụng vào tự nhiên và xã hội C. Quy luật của phép biện chứng do ý thức chủ quan con người tạo ra. D.  Đáp án đúng: B. Giải thích:
mcq_triet_344,344,"Luận điểm sau đây là của ai: Cái gì tồn tại thì hợp lý, cái gì hợp lý thì tồn tại.",Arixtốt,Hêghen,Phoi -ơ-bắc,Cantơ,B,,,"Loại: Trắc nghiệm triết học; Phần: ; Câu 344: Luận điểm sau đây là của ai: Cái gì tồn tại thì hợp lý, cái gì hợp lý thì tồn tại. A. Arixtốt B. Hêghen C. Phoi -ơ-bắc D. Cantơ Đáp án đúng: B. Giải thích:"
mcq_triet_345,345,Hãy chỉ ra đâu là quan điểm của Hêghen? 70 A. Nhà nước hiện thực chỉ là tồn tại khác của khái niệm nhà nước. B. Khái niệm nhà nước là sự phản ánh nhà nước hiện thực. C. Khái niệm nhà nước và nhà nước hiện thực là hai thực thể độc lập với nhau. Đáp án: A là đáp án đúng Câu 346: Hệ thống triết học của Hêghen gồm những bộ phận chính nào?,Lôgic học; triết học về tự nhiên; triết học về lịch sử; triết học về tinh thần.,Triết học về tự nhiên; triết học về tinh thần.,Triết học về tự nhiên; triết học về xã hội; triết học về tinh thần,Lôgic học; triết học về tự nhiên; triết học về tinh thần,A,,,Loại: Trắc nghiệm triết học; Phần: ; Câu 345: Hãy chỉ ra đâu là quan điểm của Hêghen? 70 A. Nhà nước hiện thực chỉ là tồn tại khác của khái niệm nhà nước. B. Khái niệm nhà nước là sự phản ánh nhà nước hiện thực. C. Khái niệm nhà nước và nhà nước hiện thực là hai thực thể độc lập với nhau. Đáp án: A là đáp án đúng Câu 346: Hệ thống triết học của Hêghen gồm những bộ phận chính nào? A. Lôgic học; triết học về tự nhiên; triết học về lịch sử; triết học về tinh thần. B. Triết học về tự nhiên; triết học về tinh thần. C. Triết học về tự nhiên; triết học về xã hội; triết học về tinh thần D. Lôgic học; triết học về tự nhiên; triết học về tinh thần Đáp án đúng: A. Giải thích:
mcq_triet_347,347,"Mâu thuẫn sau đây là mâu thuẫn trong hệ thống triết học của nhà triết học nào: ""Mâu thuẫn giữa phương pháp cách mạng với hệ thống bảo thủ"".",Platôn,Hêghen,Arixtốt,Cantơ,B,,,"Loại: Trắc nghiệm triết học; Phần: ; Câu 347: Mâu thuẫn sau đây là mâu thuẫn trong hệ thống triết học của nhà triết học nào: ""Mâu thuẫn giữa phương pháp cách mạng với hệ thống bảo thủ"". A. Platôn B. Hêghen C. Arixtốt D. Cantơ Đáp án đúng: B. Giải thích:"
mcq_triet_348,348,Thêm cụm từ vào câu sau cho thích hợp: Mâu thuẫn giữa ..(1).. của phép biện chứng với .....(2) ................................ ...... của hệ thống triết học của Hêghen.,1- Tính vận động; 2- tính đứng im,1- Tính bảo thủ; 2- tính cách mạng.,1- Tính cách mạng; 2- tính bảo thủ,1- Tính biện chứng; 2- tính siêu hình,C,,,Loại: Trắc nghiệm triết học; Phần: ; Câu 348: Thêm cụm từ vào câu sau cho thích hợp: Mâu thuẫn giữa ..(1).. của phép biện chứng với .....(2) ................................ ...... của hệ thống triết học của Hêghen. A. 1- Tính vận động; 2- tính đứng im B. 1- Tính bảo thủ; 2- tính cách mạng. C. 1- Tính cách mạng; 2- tính bảo thủ D. 1- Tính biện chứng; 2- tính siêu hình Đáp án đúng: C. Giải thích:
mcq_triet_349,349,Mác chỉ ra đâu là hạt nhân hợp lý trong triết học của Hêghen,Chủ nghĩa duy vật,Chủ nghĩa duy tâm,Phép biện chứng như lý luận về sự phát triển,Tư tưởng về vận động,C,,,Loại: Trắc nghiệm triết học; Phần: ; Câu 349: Mác chỉ ra đâu là hạt nhân hợp lý trong triết học của Hêghen A. Chủ nghĩa duy vật B. Chủ nghĩa duy tâm C. Phép biện chứng như lý luận về sự phát triển D. Tư tưởng về vận động Đáp án đúng: C. Giải thích:
mcq_triet_350,350,Phoi -ơ-bắc là nhà triết học theo trường phái nào?,Chủ nghĩa duy tâm khách quan. 71 B. Chủ nghĩa duy tâm chủ quan,,Chủ nghĩa duy vật biện chứng,Chủ nghĩa duy vật siêu hình.,D,,,Loại: Trắc nghiệm triết học; Phần: ; Câu 350: Phoi -ơ-bắc là nhà triết học theo trường phái nào? A. Chủ nghĩa duy tâm khách quan. 71 B. Chủ nghĩa duy tâm chủ quan B.  C. Chủ nghĩa duy vật biện chứng D. Chủ nghĩa duy vật siêu hình. Đáp án đúng: D. Giải thích:
mcq_triet_351,351,"Xét về nội dung tư tưởng của học thuyết, Phoi -ơ-bắc là nhà tư tưởng của giai cấp nào?",Giai cấp địa chủ quý tộc Đức.,Giai cấp vô sản Đức.,Giai cấp tư sản dân chủ Đức,,C,,,"Loại: Trắc nghiệm triết học; Phần: ; Câu 351: Xét về nội dung tư tưởng của học thuyết, Phoi -ơ-bắc là nhà tư tưởng của giai cấp nào? A. Giai cấp địa chủ quý tộc Đức. B. Giai cấp vô sản Đức. C. Giai cấp tư sản dân chủ Đức D.  Đáp án đúng: C. Giải thích:"
mcq_triet_352,352,Triết học của nhà triết học nào mang tính chất nhân bản.,"Phoi -ơ-bắc cho tự nhiên là ""tồn tại khác"" của tinh thần.","Phoi -ơ-bắc cho tự nhiên tồn tại độc lập với ý thức của con người, vận động nhờ những cơ sở bên trong nó",Phoi -ơ-bắc cho tinh thần và thể xác tồn tại tách rời nhau.,Hêghen,B,"Câu 353: Khẳng đ ịnh nào sau đây là đúng c ủa Phoi -ơ-bắc. A. Phoi -ơ-bắc cho tự nhiên là ""tồn tại khác"" của tinh thần. B. Phoi -ơ-bắc cho tự nhiên tồn tại độc lập với ý thức của con người, vận động nhờ những cơ sở bên trong nó C. Phoi -ơ-bắc cho tinh thần và thể xác tồn tại tách rời nhau. Đáp án: B là đáp án đúng",,"Loại: Trắc nghiệm triết học; Phần: ; Câu 352: Triết học của nhà triết học nào mang tính chất nhân bản. A. Phoi -ơ-bắc cho tự nhiên là ""tồn tại khác"" của tinh thần. B. Phoi -ơ-bắc cho tự nhiên tồn tại độc lập với ý thức của con người, vận động nhờ những cơ sở bên trong nó C. Phoi -ơ-bắc cho tinh thần và thể xác tồn tại tách rời nhau. D. Hêghen Đáp án đúng: B. Giải thích: Câu 353: Khẳng đ ịnh nào sau đây là đúng c ủa Phoi -ơ-bắc. A. Phoi -ơ-bắc cho tự nhiên là ""tồn tại khác"" của tinh thần. B. Phoi -ơ-bắc cho tự nhiên tồn tại độc lập với ý thức của con người, vận động nhờ những cơ sở bên trong nó C. Phoi -ơ-bắc cho tinh thần và thể xác tồn tại tách rời nhau. Đáp án: B là đáp án đúng"
mcq_triet_354,354,Triết học nhân bản của Phoi -ơ-bắc có ưu điểm gì?,Chống lại quan niệm nhị nguyên luận về sự tách rời tinh thần khỏi thể xác.,Chống lại chủ nghĩa duy vật tầm thường cho ý thức do óc tiết ra,Chống lại quan niệm của đạo Thiên chúa về thượng đế,"Cả 3 điểm a,b,c",D,,,"Loại: Trắc nghiệm triết học; Phần: ; Câu 354: Triết học nhân bản của Phoi -ơ-bắc có ưu điểm gì? A. Chống lại quan niệm nhị nguyên luận về sự tách rời tinh thần khỏi thể xác. B. Chống lại chủ nghĩa duy vật tầm thường cho ý thức do óc tiết ra C. Chống lại quan niệm của đạo Thiên chúa về thượng đế D. Cả 3 điểm a,b,c Đáp án đúng: D. Giải thích:"
mcq_triet_355,355,Triết học nhân bản của Phoi -ơ-bắc có hạn chế gì?,Đồng nhất ý thức với một dạng vật chất.,Cho con người sáng tạo ra thượng đế,Cho con người chỉ mang những thuộc tính sinh học bẩm sinh,"Cả 3 điểm a, b, c. 72 Đáp án: C là đáp án đúng",,,,"Loại: Trắc nghiệm triết học; Phần: ; Câu 355: Triết học nhân bản của Phoi -ơ-bắc có hạn chế gì? A. Đồng nhất ý thức với một dạng vật chất. B. Cho con người sáng tạo ra thượng đế C. Cho con người chỉ mang những thuộc tính sinh học bẩm sinh D. Cả 3 điểm a, b, c. 72 Đáp án: C là đáp án đúng Đáp án đúng: . Giải thích:"
mcq_triet_356,356,"Ông cho rằng: con người sáng tạo ra thượng đế, bản tính con người là tình yêu, tôn giáo cũng là một tình yêu. Ông là ai?",Cantơ,Phoi -ơ-bắc.,Hêghen,Điđrô,B,,,"Loại: Trắc nghiệm triết học; Phần: ; Câu 356: Ông cho rằng: con người sáng tạo ra thượng đế, bản tính con người là tình yêu, tôn giáo cũng là một tình yêu. Ông là ai? A. Cantơ B. Phoi -ơ-bắc. C. Hêghen D. Điđrô Đáp án đúng: B. Giải thích:"
mcq_triet_357,357,"Phoi -ơ-bắc có nói đến sự ""tha hoá"" không. Nếu có thì quan niệm của ông thế nào?",Không.,"Có, đó là tha hoá của ý niệm","Có, đó là tha hoá của lao động.","Có, đó là tha hoá bản chất con người về thượng đế.",D,,,"Loại: Trắc nghiệm triết học; Phần: ; Câu 357: Phoi -ơ-bắc có nói đến sự ""tha hoá"" không. Nếu có thì quan niệm của ông thế nào? A. Không. B. Có, đó là tha hoá của ý niệm C. Có, đó là tha hoá của lao động. D. Có, đó là tha hoá bản chất con người về thượng đế. Đáp án đúng: D. Giải thích:"
mcq_triet_358,358,Ưu điểm lớn nhất của triết học cổ điển Đức là gì?,Phát triển tư tưởng duy vật về thế giới của thế kỷ XVII - XVIII.,Khắc phục triệt để quan điểm siêu hình của chủ nghĩa duy vật cũ.,Phát triển tư tưởng biện chứng đạt trình độ một hệ thống lý luận.,Phê phán quan điểm tôn giáo về thế giới.,C,,,Loại: Trắc nghiệm triết học; Phần: ; Câu 358: Ưu điểm lớn nhất của triết học cổ điển Đức là gì? A. Phát triển tư tưởng duy vật về thế giới của thế kỷ XVII - XVIII. B. Khắc phục triệt để quan điểm siêu hình của chủ nghĩa duy vật cũ. C. Phát triển tư tưởng biện chứng đạt trình độ một hệ thống lý luận. D. Phê phán quan điểm tôn giáo về thế giới. Đáp án đúng: C. Giải thích:
mcq_triet_359,359,Hạn chế lớn nhất của triết học cổ điển Đức là ở chỗ nào?,Chưa khắc phục được quan điểm siêu hình trong triết học duy vật cũ.,Chưa có quan điểm duy vật về lịch sử xã hội.,Có tính chất duy tâm khách quan (đặc biệt triết học của Hêghen).,,C,,,Loại: Trắc nghiệm triết học; Phần: ; Câu 359: Hạn chế lớn nhất của triết học cổ điển Đức là ở chỗ nào? A. Chưa khắc phục được quan điểm siêu hình trong triết học duy vật cũ. B. Chưa có quan điểm duy vật về lịch sử xã hội. C. Có tính chất duy tâm khách quan (đặc biệt triết học của Hêghen). D.  Đáp án đúng: C. Giải thích:
mcq_triet_360,360,Xét về bản chất chủ nghĩa duy vật của Phoi -ơ-bắc là:,Cao hơn chủ nghĩa duy vật thế kỷ XVII - XVIII ở Tây Âu,Thấp hơn chủ nghĩa duy vật thế kỷ XVII - XVII ở Tây Âu,Không vượt quá trình độ chủ nghĩa duy vật thế kỷ XVII - XVIII ở Tây Âu.,,C,,,Loại: Trắc nghiệm triết học; Phần: ; Câu 360: Xét về bản chất chủ nghĩa duy vật của Phoi -ơ-bắc là: A. Cao hơn chủ nghĩa duy vật thế kỷ XVII - XVIII ở Tây Âu B. Thấp hơn chủ nghĩa duy vật thế kỷ XVII - XVII ở Tây Âu C. Không vượt quá trình độ chủ nghĩa duy vật thế kỷ XVII - XVIII ở Tây Âu. D.  Đáp án đúng: C. Giải thích:
mcq_triet_361,361,Triết học Mác ra đời vào thời gian nào?,Những năm 20 của thế kỷ XIX 73 B. Những năm 30 của thế kỷ XIX.,,Những năm 40 của thế kỷ XIX.,Những năm 50 của thế kỷ XIX.,C,,,Loại: Trắc nghiệm triết học; Phần: ; Câu 361: Triết học Mác ra đời vào thời gian nào? A. Những năm 20 của thế kỷ XIX 73 B. Những năm 30 của thế kỷ XIX. B.  C. Những năm 40 của thế kỷ XIX. D. Những năm 50 của thế kỷ XIX. Đáp án đúng: C. Giải thích:
mcq_triet_362,362,Điều kiện kinh tế xã hội cho sự ra đời của triết học Mác - Lênin?,Phương thức sản xuất tư bản chủ nghĩa được củng cố và phát triển.,Giai cấp vô sản ra đời và trở thành lực lượng chính trị - xã hội độc lập,Giai cấp tư sản đã trở nên bảo thủ.,A và B.,D,,,Loại: Trắc nghiệm triết học; Phần: ; Câu 362: Điều kiện kinh tế xã hội cho sự ra đời của triết học Mác - Lênin? A. Phương thức sản xuất tư bản chủ nghĩa được củng cố và phát triển. B. Giai cấp vô sản ra đời và trở thành lực lượng chính trị - xã hội độc lập C. Giai cấp tư sản đã trở nên bảo thủ. D. A và B. Đáp án đúng: D. Giải thích:
mcq_triet_363,363,Triết học Mác ra đời trong điều kiện kinh tế - xã hội nào?,Phương thức sản xuất tư bản chủ nghĩa đã trở thành phương thức sản xuất thống trị.,Phương thức sản xuất tư bản chủ nghĩa mới xuất hiện.,Chủ nghĩa tư bản đã trở thành chủ nghĩa đế quốc.,"Cả a, b, c",A,,,"Loại: Trắc nghiệm triết học; Phần: ; Câu 363: Triết học Mác ra đời trong điều kiện kinh tế - xã hội nào? A. Phương thức sản xuất tư bản chủ nghĩa đã trở thành phương thức sản xuất thống trị. B. Phương thức sản xuất tư bản chủ nghĩa mới xuất hiện. C. Chủ nghĩa tư bản đã trở thành chủ nghĩa đế quốc. D. Cả a, b, c Đáp án đúng: A. Giải thích:"
mcq_triet_364,364,Nguồn gốc lý luận trực tiếp của triết học Mác là gì?,Chủ nghĩa duy vật Khai sáng Pháp,Triết học cổ điển Đức,Kinh tế chính trị cổ điển Anh,Chủ nghĩa xã hội không tưởng Pháp và Anh,B,,,Loại: Trắc nghiệm triết học; Phần: ; Câu 364: Nguồn gốc lý luận trực tiếp của triết học Mác là gì? A. Chủ nghĩa duy vật Khai sáng Pháp B. Triết học cổ điển Đức C. Kinh tế chính trị cổ điển Anh D. Chủ nghĩa xã hội không tưởng Pháp và Anh Đáp án đúng: B. Giải thích:
mcq_triet_365,365,Khẳng định nào sau đây là sai?,Triết học Mác là sự kết hợp phép biện chứng của Hêghen và chủ nghĩa duy vật của Phoi -ơ-bắc,Triết học Mác có sự thống nhất giữa phương pháp biện chứng và thế giới quan duy vật.,Triết học Mác kế thừa và cải tạo phép biện chứng của Hêghen trên cơ sở duy vật.,,A,,,Loại: Trắc nghiệm triết học; Phần: ; Câu 365: Khẳng định nào sau đây là sai? A. Triết học Mác là sự kết hợp phép biện chứng của Hêghen và chủ nghĩa duy vật của Phoi -ơ-bắc B. Triết học Mác có sự thống nhất giữa phương pháp biện chứng và thế giới quan duy vật. C. Triết học Mác kế thừa và cải tạo phép biện chứng của Hêghen trên cơ sở duy vật. D.  Đáp án đúng: A. Giải thích:
mcq_triet_366,366,Khẳng định nào sau đây là đúng?,"Trong triết học Mác, phép biện chứng và chủ nghĩa duy vật thống nhất với nhau.",Triết học Mác là sự kết hợp phép biện chứng của Hêghen với chủ nghĩa duy vật của Phoi -ơbắc,"Trong triết học Mác, phép biện chứng tách rời với chủ nghĩa duy vật. 74 Đáp án: A là đáp án đúng",,,,,"Loại: Trắc nghiệm triết học; Phần: ; Câu 366: Khẳng định nào sau đây là đúng? A. Trong triết học Mác, phép biện chứng và chủ nghĩa duy vật thống nhất với nhau. B. Triết học Mác là sự kết hợp phép biện chứng của Hêghen với chủ nghĩa duy vật của Phoi -ơbắc C. Trong triết học Mác, phép biện chứng tách rời với chủ nghĩa duy vật. 74 Đáp án: A là đáp án đúng D.  Đáp án đúng: . Giải thích:"
mcq_triet_367,367,Đâu là nguồn gốc lý luận của chủ nghĩa Mác?,Kinh tế chính trị cổ điển Anh,Kinh tế chính trị cổ điển Đức,Chủ nghĩa duy vật tự phát thời kỳ cổ đại,Khoa học tự nhiên thế kỷ XVII - XVIII.,A,,,Loại: Trắc nghiệm triết học; Phần: ; Câu 367: Đâu là nguồn gốc lý luận của chủ nghĩa Mác? A. Kinh tế chính trị cổ điển Anh B. Kinh tế chính trị cổ điển Đức C. Chủ nghĩa duy vật tự phát thời kỳ cổ đại D. Khoa học tự nhiên thế kỷ XVII - XVIII. Đáp án đúng: A. Giải thích:
mcq_triet_368,368,Đâu là nguồn gốc lý luận của chủ nghĩa Mác?,Tư tưởng xã hội phương Đông cổ đại,Chủ nghĩa xã hội không tưởng Pháp và Anh,Chủ nghĩa duy vật siêu hình thế kỷ XVII - XVIII ở Tây Âu.,Phép biện chứng tự phát trong triết học Hy Lạp cổ đại.,B,,,Loại: Trắc nghiệm triết học; Phần: ; Câu 368: Đâu là nguồn gốc lý luận của chủ nghĩa Mác? A. Tư tưởng xã hội phương Đông cổ đại B. Chủ nghĩa xã hội không tưởng Pháp và Anh C. Chủ nghĩa duy vật siêu hình thế kỷ XVII - XVIII ở Tây Âu. D. Phép biện chứng tự phát trong triết học Hy Lạp cổ đại. Đáp án đúng: B. Giải thích:
mcq_triet_369,369,"Theo quan điểm của chủ nghĩa duy vật biện chứng về tác động của khoa học tự nhiên nửa đầu thế kỷ XIX đối với phương pháp tư duy siêu hình, luận điểm nào sau đây là đúng.",Khoa học tự nhiên nửa đầu thế kỷ XIX phù hợp với phương pháp tư duy siêu hình.,Khoa học tự nhiên nửa đầu thế kỷ XIX làm bộc lộ tính hạn chế và sự bất lực của phương pháp tư duy siêu hình trong việc nhận thức thế giới,KHTN khẳng định vai trò tích cực của phương pháp tư duy siêu hình,,B,,,"Loại: Trắc nghiệm triết học; Phần: ; Câu 369: Theo quan điểm của chủ nghĩa duy vật biện chứng về tác động của khoa học tự nhiên nửa đầu thế kỷ XIX đối với phương pháp tư duy siêu hình, luận điểm nào sau đây là đúng. A. Khoa học tự nhiên nửa đầu thế kỷ XIX phù hợp với phương pháp tư duy siêu hình. B. Khoa học tự nhiên nửa đầu thế kỷ XIX làm bộc lộ tính hạn chế và sự bất lực của phương pháp tư duy siêu hình trong việc nhận thức thế giới C. KHTN khẳng định vai trò tích cực của phương pháp tư duy siêu hình D.  Đáp án đúng: B. Giải thích:"
mcq_triet_370,370,Những phát minh của khoa học tự nhiên nửa đầu thế kỷ XIX đã cung cấp cơ sở tri thức khoa học cho sự phát triển cái gì?,Phát triển phương pháp tư duy siêu hình,Phát triển phép biện chứng tự phát,Phát triển tính thần bí của phép biện chứng duy tâm,Phát triển tư duy biện chứng thoát khỏi tính tự phát thời kỳ cổ đại và thoát khỏi cái vỏ thần bí của phép biện chứng duy tâm.,D,,,Loại: Trắc nghiệm triết học; Phần: ; Câu 370: Những phát minh của khoa học tự nhiên nửa đầu thế kỷ XIX đã cung cấp cơ sở tri thức khoa học cho sự phát triển cái gì? A. Phát triển phương pháp tư duy siêu hình B. Phát triển phép biện chứng tự phát C. Phát triển tính thần bí của phép biện chứng duy tâm D. Phát triển tư duy biện chứng thoát khỏi tính tự phát thời kỳ cổ đại và thoát khỏi cái vỏ thần bí của phép biện chứng duy tâm. Đáp án đúng: D. Giải thích:
mcq_triet_371,371,Ba phát minh lớn nhất của khoa học tự nhiên làm cơ sở khoa học tự nhiên cho sự ra đời tư duy biện chứng duy vật đầu thế kỷ XIX là những phát minh nào?,"(1) Thuyết mặt trời làm trung tâm vũ trụ của Côpécních, (2) định luật bảo toàn khối lượng 75 của Lômônôxốp, (3) học thuyết tế bào.","(1) Định luật bảo toàn và chuyển hoá năng lượng, (2) học thuyết tế bào, (3) học thuyết tiến hoá của Đácuyn.","(1) Phát hiện ra nguyên tử, 2) phát hiện ra điện tử, 3) định luật bảo toàn và chuyển hoá năng lượng.",,B,,,"Loại: Trắc nghiệm triết học; Phần: ; Câu 371: Ba phát minh lớn nhất của khoa học tự nhiên làm cơ sở khoa học tự nhiên cho sự ra đời tư duy biện chứng duy vật đầu thế kỷ XIX là những phát minh nào? A. (1) Thuyết mặt trời làm trung tâm vũ trụ của Côpécních, (2) định luật bảo toàn khối lượng 75 của Lômônôxốp, (3) học thuyết tế bào. B. (1) Định luật bảo toàn và chuyển hoá năng lượng, (2) học thuyết tế bào, (3) học thuyết tiến hoá của Đácuyn. C. (1) Phát hiện ra nguyên tử, 2) phát hiện ra điện tử, 3) định luật bảo toàn và chuyển hoá năng lượng. D.  Đáp án đúng: B. Giải thích:"
mcq_triet_372,372,"Về mặt triết học, định luật bảo toàn và chuyển hoá năng lượng chứng minh cho quan điểm nào?",Quan điểm siêu hình phủ nhận sự vận động.,Quan điểm duy tâm phủ nhận sự vận động là khách quan.,Quan điểm biện chứng duy vật thừa nhận sự chuyển hoá lẫn nhau của giới tự nhiên vô cơ.,,C,,,"Loại: Trắc nghiệm triết học; Phần: ; Câu 372: Về mặt triết học, định luật bảo toàn và chuyển hoá năng lượng chứng minh cho quan điểm nào? A. Quan điểm siêu hình phủ nhận sự vận động. B. Quan điểm duy tâm phủ nhận sự vận động là khách quan. C. Quan điểm biện chứng duy vật thừa nhận sự chuyển hoá lẫn nhau của giới tự nhiên vô cơ. D.  Đáp án đúng: C. Giải thích:"
mcq_triet_373,373,"Ba phát minh trong khoa học tự nhiên: định luật bảo toàn và chuyển hoá năng lượng, học thuyết tế bào, học thuyết tiến hoá chứng minh thế giới vật chất có tính chất gì?",Tính chất tách rời tĩnh tại của thế giới vật chất.,Tính chất biện chứng của sự vận động và phát triển của thế giới vật chất.,Tính chất không tồn tại thực của thế giới vật chất.,,B,,,"Loại: Trắc nghiệm triết học; Phần: ; Câu 373: Ba phát minh trong khoa học tự nhiên: định luật bảo toàn và chuyển hoá năng lượng, học thuyết tế bào, học thuyết tiến hoá chứng minh thế giới vật chất có tính chất gì? A. Tính chất tách rời tĩnh tại của thế giới vật chất. B. Tính chất biện chứng của sự vận động và phát triển của thế giới vật chất. C. Tính chất không tồn tại thực của thế giới vật chất. D.  Đáp án đúng: B. Giải thích:"
mcq_triet_374,374,"Phát minh nào trong khoa học tự nhiên nửa đầu thế kỷ XIX vạch ra nguồn gốc tự nhiên của con ngươì, chống lại quan điểm tôn giáo?",Học thuyết tế bào.,Học thuyết tiến hóa.,Định luật bảo toàn và chuyển hoá năng lượng.,,B,,,"Loại: Trắc nghiệm triết học; Phần: ; Câu 374: Phát minh nào trong khoa học tự nhiên nửa đầu thế kỷ XIX vạch ra nguồn gốc tự nhiên của con ngươì, chống lại quan điểm tôn giáo? A. Học thuyết tế bào. B. Học thuyết tiến hóa. C. Định luật bảo toàn và chuyển hoá năng lượng. D.  Đáp án đúng: B. Giải thích:"
mcq_triet_375,375,Phát minh nào trong khoa học tự nhiên nửa đầu thế kỷ XIX vạch ra sự thống nhất giữa thế giới động vật và thực vật?,Học thuyết tế bào.,Học thuyết tiến hoá.,Định luật bảo toàn và chuyển hoá năng lượng.,,A,,,Loại: Trắc nghiệm triết học; Phần: ; Câu 375: Phát minh nào trong khoa học tự nhiên nửa đầu thế kỷ XIX vạch ra sự thống nhất giữa thế giới động vật và thực vật? A. Học thuyết tế bào. B. Học thuyết tiến hoá. C. Định luật bảo toàn và chuyển hoá năng lượng. D.  Đáp án đúng: A. Giải thích:
mcq_triet_376,376,Khẳng định nào sau đây là đúng,Triết học Mác ra đời vào giữa thế kỷ XIX là một tất yếu lịch sử. 76 B. Triết học Mác ra đời do thiên tài của Mác và Ăngghen.,,Triết học Mác ra đời hoàn toàn ngẫu nhiên.,Triết học Mác ra đời thực hiện mục đích đã được định trước.,A,,,Loại: Trắc nghiệm triết học; Phần: ; Câu 376: Khẳng định nào sau đây là đúng A. Triết học Mác ra đời vào giữa thế kỷ XIX là một tất yếu lịch sử. 76 B. Triết học Mác ra đời do thiên tài của Mác và Ăngghen. B.  C. Triết học Mác ra đời hoàn toàn ngẫu nhiên. D. Triết học Mác ra đời thực hiện mục đích đã được định trước. Đáp án đúng: A. Giải thích:
mcq_triet_377,377,"Cho biết năm sinh, năm mất và nơi sinh của Mác","1818 - 1883, ở Béc-linh","1818 - 1884, ở thành phố Tơ-re-vơ tỉnh Ranh","1817 - 1883, ở thành phố Tơ-re-vơ, tỉnh Ranh","1818 - 1883, ở thành phố Tơ-re-vơ, tỉnh Ranh",D,,,"Loại: Trắc nghiệm triết học; Phần: ; Câu 377: Cho biết năm sinh, năm mất và nơi sinh của Mác A. 1818 - 1883, ở Béc-linh B. 1818 - 1884, ở thành phố Tơ-re-vơ tỉnh Ranh C. 1817 - 1883, ở thành phố Tơ-re-vơ, tỉnh Ranh D. 1818 - 1883, ở thành phố Tơ-re-vơ, tỉnh Ranh Đáp án đúng: D. Giải thích:"
mcq_triet_378,378,"Khi học ở Béc-linh về triết học, Mác đứmg trên quan điểm nào?",Triết học duy vật biện chứng,Triết học duy vật siêu hình,Triết học duy tâm của Hêghen,Triết học kinh viện của tôn giáo.,C,,,"Loại: Trắc nghiệm triết học; Phần: ; Câu 378: Khi học ở Béc-linh về triết học, Mác đứmg trên quan điểm nào? A. Triết học duy vật biện chứng B. Triết học duy vật siêu hình C. Triết học duy tâm của Hêghen D. Triết học kinh viện của tôn giáo. Đáp án đúng: C. Giải thích:"
mcq_triet_379,379,"Khi học ở Béc-linh, Mác tham gia hoạt động trong trào lưu triết học nào?",Phái Hêghen già (phái bảo thủ),Phái Hêghen trẻ (phái cấp tiến),Không tham gia vào phái nào.,,B,,,"Loại: Trắc nghiệm triết học; Phần: ; Câu 379: Khi học ở Béc-linh, Mác tham gia hoạt động trong trào lưu triết học nào? A. Phái Hêghen già (phái bảo thủ) B. Phái Hêghen trẻ (phái cấp tiến) C. Không tham gia vào phái nào. D.  Đáp án đúng: B. Giải thích:"
mcq_triet_380,380,"Vào năm 1841, Mác coi nhiệm vụ của triết học phải phục vụ cái gì?",Phục vụ cuộc đấu tranh của giai cấp vô sản.,Phục vụ chế độ xã hội hiện tại,Phục vụ cuộc đấu tranh cho sự nghiệp giải phóng con người.,,C,,,"Loại: Trắc nghiệm triết học; Phần: ; Câu 380: Vào năm 1841, Mác coi nhiệm vụ của triết học phải phục vụ cái gì? A. Phục vụ cuộc đấu tranh của giai cấp vô sản. B. Phục vụ chế độ xã hội hiện tại C. Phục vụ cuộc đấu tranh cho sự nghiệp giải phóng con người. D.  Đáp án đúng: C. Giải thích:"
mcq_triet_381,381,"Vào năm 1841, trong tư tưởng của Mác có mâu thuẫn gì?",Mâu thuẫn giữa chủ nghĩa duy tâm triết học với tinh thần dân chủ cách mạng và vô thần.,Mâu thuẫn giữa chủ nghĩa duy tâm triết học với tinh thần cách mạng vô sản,Cả a và b.,,A,,,"Loại: Trắc nghiệm triết học; Phần: ; Câu 381: Vào năm 1841, trong tư tưởng của Mác có mâu thuẫn gì? A. Mâu thuẫn giữa chủ nghĩa duy tâm triết học với tinh thần dân chủ cách mạng và vô thần. B. Mâu thuẫn giữa chủ nghĩa duy tâm triết học với tinh thần cách mạng vô sản C. Cả a và b. D.  Đáp án đúng: A. Giải thích:"
mcq_triet_382,382,"Ph. Ăngghen sinh năm nào, ở đâu và mất năm nào? 77 A. 1819 - 1895, ở thành phố Bác-men B. 1820 - 1895, ở thành Béc -linh C. 1820 - 1895, ở thành phố Bác-men. D. 1821 - 1895, ở thành phố Bác-men. Đáp án: C là đáp án đúng Câu 383: Vào những năm 30 của thế kỷ XIX Ph. Ăngghen đã tham gia vào nhóm triết học nào, ở đâu?","Phái Hêghen già, ở Béc-linh.","Phái Hêghen trẻ, ở Béc-linh.","Hêghen già, ở Bác-men.","Hêghen trẻ, ở Bác-men.",C,,,"Loại: Trắc nghiệm triết học; Phần: ; Câu 382: Ph. Ăngghen sinh năm nào, ở đâu và mất năm nào? 77 A. 1819 - 1895, ở thành phố Bác-men B. 1820 - 1895, ở thành Béc -linh C. 1820 - 1895, ở thành phố Bác-men. D. 1821 - 1895, ở thành phố Bác-men. Đáp án: C là đáp án đúng Câu 383: Vào những năm 30 của thế kỷ XIX Ph. Ăngghen đã tham gia vào nhóm triết học nào, ở đâu? A. Phái Hêghen già, ở Béc-linh. B. Phái Hêghen trẻ, ở Béc-linh. C. Hêghen già, ở Bác-men. D. Hêghen trẻ, ở Bác-men. Đáp án đúng: C. Giải thích:"
mcq_triet_384,384,"Vào năm 1841 - 1842, về mặt triết học Ph. Ăngghen đứng trên lập trường triết học nào?",Chủ nghĩa duy vật.,Chủ nghĩa duy tâm chủ quan.,Chủ nghĩa duy tâm khách quan.,,C,,,"Loại: Trắc nghiệm triết học; Phần: ; Câu 384: Vào năm 1841 - 1842, về mặt triết học Ph. Ăngghen đứng trên lập trường triết học nào? A. Chủ nghĩa duy vật. B. Chủ nghĩa duy tâm chủ quan. C. Chủ nghĩa duy tâm khách quan. D.  Đáp án đúng: C. Giải thích:"
mcq_triet_385,385,"Vào năm 1841 - 1842, Ph. Ăngghen đã nhận thấy mâu thuẫn gì trong triết học của Hêghen?",Mâu thuẫn giữa phương pháp biện chứng và hệ thống duy tâm.,Mâu thuẫn giữa tính cách mạng và tính bảo thủ trong triết học Hêghen.,Mâu thuẫn giữa phương pháp siêu hình và hệ thống duy tâm.,,B,,,"Loại: Trắc nghiệm triết học; Phần: ; Câu 385: Vào năm 1841 - 1842, Ph. Ăngghen đã nhận thấy mâu thuẫn gì trong triết học của Hêghen? A. Mâu thuẫn giữa phương pháp biện chứng và hệ thống duy tâm. B. Mâu thuẫn giữa tính cách mạng và tính bảo thủ trong triết học Hêghen. C. Mâu thuẫn giữa phương pháp siêu hình và hệ thống duy tâm. D.  Đáp án đúng: B. Giải thích:"
mcq_triet_386,386,Tác phẩm nào đánh dấu việc hoàn thành bước chuyển từ lập trường triết học duy tâm sang lập trường triết học duy vật của Mác?,Nhận xét bản chỉ thị mới nhất về chế độ kiểm duyệt của Phổ.,Góp phần phê phán triết học pháp quyền của Hêghen.,Góp phần phê phán triết học pháp quyền của Hêghen. Lời nói đầu.,,C,,,Loại: Trắc nghiệm triết học; Phần: ; Câu 386: Tác phẩm nào đánh dấu việc hoàn thành bước chuyển từ lập trường triết học duy tâm sang lập trường triết học duy vật của Mác? A. Nhận xét bản chỉ thị mới nhất về chế độ kiểm duyệt của Phổ. B. Góp phần phê phán triết học pháp quyền của Hêghen. C. Góp phần phê phán triết học pháp quyền của Hêghen. Lời nói đầu. D.  Đáp án đúng: C. Giải thích:
mcq_triet_387,387,Tác phẩm nào của Mác và Ăngghen đánh dấu sự hoàn thành về cơ bản triết học Mác nói riêng và chủ nghĩa Mác nói chung?,Hệ tư tưởng Đức 78 B. Tuyên ngôn của Đảng cộng sản.,,Sự khốn cùng của triết học,Luận cương về Phoi -ơ-bắc.,B,,,Loại: Trắc nghiệm triết học; Phần: ; Câu 387: Tác phẩm nào của Mác và Ăngghen đánh dấu sự hoàn thành về cơ bản triết học Mác nói riêng và chủ nghĩa Mác nói chung? A. Hệ tư tưởng Đức 78 B. Tuyên ngôn của Đảng cộng sản. B.  C. Sự khốn cùng của triết học D. Luận cương về Phoi -ơ-bắc. Đáp án đúng: B. Giải thích:
mcq_triet_388,388,"Tác phẩm ""Tư bản"" do ai viết?",C. Mác.,Ph. Ăngghen,C. Mác và Ph. Ăngghen,,A,,,"Loại: Trắc nghiệm triết học; Phần: ; Câu 388: Tác phẩm ""Tư bản"" do ai viết? A. C. Mác. B. Ph. Ăngghen C. C. Mác và Ph. Ăngghen D.  Đáp án đúng: A. Giải thích:"
mcq_triet_389,389,"Tác phẩm ""Chống Đuyrinh"" là của tác giả nào và viết vào năm nào?","C. Mác, vào 1876 - 1878","Ph. Ăngghen, vào 1876 - 1878.","C. Mác và Ph. Ăngghen, vào 1877 - 1878.","Ph. Ăngghen, vào 1877 - 1878",B,,,"Loại: Trắc nghiệm triết học; Phần: ; Câu 389: Tác phẩm ""Chống Đuyrinh"" là của tác giả nào và viết vào năm nào? A. C. Mác, vào 1876 - 1878 B. Ph. Ăngghen, vào 1876 - 1878. C. C. Mác và Ph. Ăngghen, vào 1877 - 1878. D. Ph. Ăngghen, vào 1877 - 1878 Đáp án đúng: B. Giải thích:"
mcq_triet_390,390,"Luận điểm sau là của ai và trong tác phẩm nào: ""Các nhà triết học đã chỉ giải thích thế giới bằng nhiều cách khác nhau, song vấn đề là cải tạo thế giới"".","Của Ph. Ăngghen, trong tác phẩm ""Biện chứng của tự nhiên"".","Của C. Mác, trong tác phẩm ""Luận cương về Phoi -ơ-bắc"".","Của Lênin, trong tác phẩm ""Bút ký triết học"".",,B,,,"Loại: Trắc nghiệm triết học; Phần: ; Câu 390: Luận điểm sau là của ai và trong tác phẩm nào: ""Các nhà triết học đã chỉ giải thích thế giới bằng nhiều cách khác nhau, song vấn đề là cải tạo thế giới"". A. Của Ph. Ăngghen, trong tác phẩm ""Biện chứng của tự nhiên"". B. Của C. Mác, trong tác phẩm ""Luận cương về Phoi -ơ-bắc"". C. Của Lênin, trong tác phẩm ""Bút ký triết học"". D.  Đáp án đúng: B. Giải thích:"
mcq_triet_391,391,Thực chất bước chuyển cách mạng trong triết học do Mác và Ăngghen thực hiện là nội dung nào sau đây?,Thống nhất giữa thế giới quan duy vật và phép biện chứng trong một hệ thống triết học.,Thống nhất giữa triết học của Hêghen và triết học của Phoi -ơ-bắc.,Phê phán chủ nghĩa duy vật siêu hình của Phoi -ơ-bắc,Phê phán triết học duy tâm của Hêghen.,A,,,Loại: Trắc nghiệm triết học; Phần: ; Câu 391: Thực chất bước chuyển cách mạng trong triết học do Mác và Ăngghen thực hiện là nội dung nào sau đây? A. Thống nhất giữa thế giới quan duy vật và phép biện chứng trong một hệ thống triết học. B. Thống nhất giữa triết học của Hêghen và triết học của Phoi -ơ-bắc. C. Phê phán chủ nghĩa duy vật siêu hình của Phoi -ơ-bắc D. Phê phán triết học duy tâm của Hêghen. Đáp án đúng: A. Giải thích:
mcq_triet_392,392,Thực chất bước chuyển cách mạng trong triết học do Mác và Ăngghen thực hiện là nội dung nào sau đây?,Xây dựng được quan điểm duy vật biện chứng về lịch sử xã hội. 79 B. Xây dựng được quan điểm duy vật về tự nhiên.,,Xây dựng được quan điểm biện chứng về tự nhiên.,,A,,,Loại: Trắc nghiệm triết học; Phần: ; Câu 392: Thực chất bước chuyển cách mạng trong triết học do Mác và Ăngghen thực hiện là nội dung nào sau đây? A. Xây dựng được quan điểm duy vật biện chứng về lịch sử xã hội. 79 B. Xây dựng được quan điểm duy vật về tự nhiên. B.  C. Xây dựng được quan điểm biện chứng về tự nhiên. D.  Đáp án đúng: A. Giải thích:
mcq_triet_393,393,Thực chất bước chuyển cách mạng trong triết học do Mác và Ăngghen thực hiện là nội dung nào sau đây?,Thống nhất phép biện chứng và thế giới quan duy vật trong một hệ thống triết học,Xây dựng được chủ nghĩa duy vật lịch sử,"Xác định đối tượng triết học và khoa học tự nhiên, chấm dứt quan niệm sai lầm cho triết học là khoa học của mọi khoa học.","Gồm cả a, b và c.",D,,,"Loại: Trắc nghiệm triết học; Phần: ; Câu 393: Thực chất bước chuyển cách mạng trong triết học do Mác và Ăngghen thực hiện là nội dung nào sau đây? A. Thống nhất phép biện chứng và thế giới quan duy vật trong một hệ thống triết học B. Xây dựng được chủ nghĩa duy vật lịch sử C. Xác định đối tượng triết học và khoa học tự nhiên, chấm dứt quan niệm sai lầm cho triết học là khoa học của mọi khoa học. D. Gồm cả a, b và c. Đáp án đúng: D. Giải thích:"
mcq_triet_394,394,Khẳng định nào sau đây là sai?,Triết học Mác cho triết học là khoa học của mọi khoa học.,Theo quan điểm của triết học Mác triết học không thay thế được các khoa học cụ thể.,Theo quan điểm của triết học Mác sự phát triển của triết học quan hệ chặt chẽ với sự phát triển của khoa học tự nhiên.,,A,,,Loại: Trắc nghiệm triết học; Phần: ; Câu 394: Khẳng định nào sau đây là sai? A. Triết học Mác cho triết học là khoa học của mọi khoa học. B. Theo quan điểm của triết học Mác triết học không thay thế được các khoa học cụ thể. C. Theo quan điểm của triết học Mác sự phát triển của triết học quan hệ chặt chẽ với sự phát triển của khoa học tự nhiên. D.  Đáp án đúng: A. Giải thích:
mcq_triet_395,395,V.I. Lênin bổ sung và phát triển triết học Mác trong hoàn cảnh nào?,Chủ nghĩa tư bản thế giới chưa ra đời.,Chủ nghĩa tư bản độc quyền ra đời.,Chủ nghĩa tư bản ở giai đoạn tự do cạnh tranh.,Chủ nghĩa tư bản thế giới ra đời.,B,,,Loại: Trắc nghiệm triết học; Phần: ; Câu 395: V.I. Lênin bổ sung và phát triển triết học Mác trong hoàn cảnh nào? A. Chủ nghĩa tư bản thế giới chưa ra đời. B. Chủ nghĩa tư bản độc quyền ra đời. C. Chủ nghĩa tư bản ở giai đoạn tự do cạnh tranh. D. Chủ nghĩa tư bản thế giới ra đời. Đáp án đúng: B. Giải thích:
mcq_triet_396,396,"Tác phẩm ""Chủ nghĩa duy vật và chủ nghĩa kinh nghiệm phê phán"" là của tác giả nào và được xuất bản năm nào?","Tác giả Plê-kha-nốp, xuất bản 1909","Tác giả V.I. Lênin, xuất bản 1909.","Tác giả Ph. Ăngghen, xuất bản 1910.","Tác giả V.I. Lênin, xuất bản 1908 80 Đáp án: B là đáp án đúng",,,,"Loại: Trắc nghiệm triết học; Phần: ; Câu 396: Tác phẩm ""Chủ nghĩa duy vật và chủ nghĩa kinh nghiệm phê phán"" là của tác giả nào và được xuất bản năm nào? A. Tác giả Plê-kha-nốp, xuất bản 1909 B. Tác giả V.I. Lênin, xuất bản 1909. C. Tác giả Ph. Ăngghen, xuất bản 1910. D. Tác giả V.I. Lênin, xuất bản 1908 80 Đáp án: B là đáp án đúng Đáp án đúng: . Giải thích:"
mcq_triet_397,397,"Tác phẩm ""Bút ký triết học"" là của tác giả nào?",C. Mác.,V.I. Lênin,Ph. Ăngghen.,Hêghen,B,,,"Loại: Trắc nghiệm triết học; Phần: ; Câu 397: Tác phẩm ""Bút ký triết học"" là của tác giả nào? A. C. Mác. B. V.I. Lênin C. Ph. Ăngghen. D. Hêghen Đáp án đúng: B. Giải thích:"
mcq_triet_398,398,Lênin phê phán chủ nghĩa dân tuý trong tác phẩm nào?,Chủ nghĩa duy vật và chủ nghĩa kinh nghiệm phê phán,Những người bạn dân là thế nào và họ đấu tranh chống những người dân chủ ra sao.,Nhà nước và cách mạng,Bút ký triết học,B,,,Loại: Trắc nghiệm triết học; Phần: ; Câu 398: Lênin phê phán chủ nghĩa dân tuý trong tác phẩm nào? A. Chủ nghĩa duy vật và chủ nghĩa kinh nghiệm phê phán B. Những người bạn dân là thế nào và họ đấu tranh chống những người dân chủ ra sao. C. Nhà nước và cách mạng D. Bút ký triết học Đáp án đúng: B. Giải thích:
mcq_triet_399,399,Đâu là lập trường triết học của chủ nghĩa dân tuý?,Duy tâm chủ quan về lịch sử.,Duy tâm khách quan về lịch sử.,Duy vật siêu hình về lịch sử.,,A,,,Loại: Trắc nghiệm triết học; Phần: ; Câu 399: Đâu là lập trường triết học của chủ nghĩa dân tuý? A. Duy tâm chủ quan về lịch sử. B. Duy tâm khách quan về lịch sử. C. Duy vật siêu hình về lịch sử. D.  Đáp án đúng: A. Giải thích:
mcq_triet_400,400,Về triết học quan điểm của chủ nghĩa kinh nghiệm phê phán theo lập trường nào?,Chủ nghĩa duy tâm khách quan.,Chủ nghĩa duy tâm chủ quan.,Chủ nghĩa duy vật siêu hình.,Chủ nghĩa duy vật biện chứng.,B,,,Loại: Trắc nghiệm triết học; Phần: ; Câu 400: Về triết học quan điểm của chủ nghĩa kinh nghiệm phê phán theo lập trường nào? A. Chủ nghĩa duy tâm khách quan. B. Chủ nghĩa duy tâm chủ quan. C. Chủ nghĩa duy vật siêu hình. D. Chủ nghĩa duy vật biện chứng. Đáp án đúng: B. Giải thích:
mcq_triet_401,401,Luận điểm về khả năng thắng lợi của cách mạng vô sản ở khâu yếu nhất của hệ thống tư bản chủ nghĩa thế giới là của ai?,C. Mác.,V.I. Lênin.,Ph. Ăngghen.,Hồ Chí Minh,B,,,Loại: Trắc nghiệm triết học; Phần: ; Câu 401: Luận điểm về khả năng thắng lợi của cách mạng vô sản ở khâu yếu nhất của hệ thống tư bản chủ nghĩa thế giới là của ai? A. C. Mác. B. V.I. Lênin. C. Ph. Ăngghen. D. Hồ Chí Minh Đáp án đúng: B. Giải thích:
mcq_triet_402,402,Chính sách kinh tế mới ở Nga đầu thế kỷ XX do ai đề xuất? 81 A. Plê-kha-nốp B. V.I. Lênin. C. Sít-ta-lin. Đáp án: B là đáp án đúng Câu 403: Một học thuyết triết học chỉ mang tính nhất nguyên khi nào?,Khi thừa nhận tính thống nhất của thế giới.,Khi không thừa nhận sự thống nhất của thế giới.,Khi thừa nhận ý thức và vật chất độc lập với nhau,,B,,,Loại: Trắc nghiệm triết học; Phần: ; Câu 402: Chính sách kinh tế mới ở Nga đầu thế kỷ XX do ai đề xuất? 81 A. Plê-kha-nốp B. V.I. Lênin. C. Sít-ta-lin. Đáp án: B là đáp án đúng Câu 403: Một học thuyết triết học chỉ mang tính nhất nguyên khi nào? A. Khi thừa nhận tính thống nhất của thế giới. B. Khi không thừa nhận sự thống nhất của thế giới. C. Khi thừa nhận ý thức và vật chất độc lập với nhau D.  Đáp án đúng: B. Giải thích:
mcq_triet_404,404,Quan điểm triết học nào cho rằng sự thống nhất của thế giới không phải ở tính tồn tại của nó mà ở tính vật chất của nó?,Chủ nghĩa duy tâm,Chủ nghĩa duy vật siêu hình.,Chủ nghĩa duy vật biện chứng.,,C,,,Loại: Trắc nghiệm triết học; Phần: ; Câu 404: Quan điểm triết học nào cho rằng sự thống nhất của thế giới không phải ở tính tồn tại của nó mà ở tính vật chất của nó? A. Chủ nghĩa duy tâm B. Chủ nghĩa duy vật siêu hình. C. Chủ nghĩa duy vật biện chứng. D.  Đáp án đúng: C. Giải thích:
mcq_triet_405,405,Sự khác nhau căn bản giữa chủ nghĩa duy vật và chủ nghĩa duy tâm về sự thống nhất của thế giới là ở cái gì?,Thừa nhận tính tồn tại của thế giới.,Thừa nhận tính vật chất của thế giới.,Không thừa nhận tính tồn tại của thế giới.,,B,,,Loại: Trắc nghiệm triết học; Phần: ; Câu 405: Sự khác nhau căn bản giữa chủ nghĩa duy vật và chủ nghĩa duy tâm về sự thống nhất của thế giới là ở cái gì? A. Thừa nhận tính tồn tại của thế giới. B. Thừa nhận tính vật chất của thế giới. C. Không thừa nhận tính tồn tại của thế giới. D.  Đáp án đúng: B. Giải thích:
mcq_triet_406,406,Chủ nghĩa duy tâm tìm nguồn gốc của sự thống nhất của thế giới ở cái gì?,Ở tính vật chất của thế giới.,Ở ý niệm tuyệt đối hoặc ở ý thức của con người.,Ở sự vận động và chuyển hoá lẫn nhau của thế giới.,,B,,,Loại: Trắc nghiệm triết học; Phần: ; Câu 406: Chủ nghĩa duy tâm tìm nguồn gốc của sự thống nhất của thế giới ở cái gì? A. Ở tính vật chất của thế giới. B. Ở ý niệm tuyệt đối hoặc ở ý thức của con người. C. Ở sự vận động và chuyển hoá lẫn nhau của thế giới. D.  Đáp án đúng: B. Giải thích:
mcq_triet_407,407,Quan điểm triết học nào cho rằng thế giới thống nhất vì được con người nghĩ về nó như một cái thống nhất,Chủ nghĩa duy tâm khách quan.,Chủ nghĩa duy tâm chủ quan.,Chủ nghĩa duy vật biện chứng.,Chủ nghĩa duy vật siêu hình. 82 Đáp án: B là đáp án đúng,,,,Loại: Trắc nghiệm triết học; Phần: ; Câu 407: Quan điểm triết học nào cho rằng thế giới thống nhất vì được con người nghĩ về nó như một cái thống nhất A. Chủ nghĩa duy tâm khách quan. B. Chủ nghĩa duy tâm chủ quan. C. Chủ nghĩa duy vật biện chứng. D. Chủ nghĩa duy vật siêu hình. 82 Đáp án: B là đáp án đúng Đáp án đúng: . Giải thích:
mcq_triet_408,408,Quan điểm triết học nào tìm nguồn gốc của sự thống nhất của thế giới ở bản nguyên đầu tiên (ở thực thể đầu tiên duy nhất)?,Chủ nghĩa duy vật biện chứng.,Chủ nghĩa duy vật siêu hình trước Mác.,Chủ nghĩa duy tâm,,B,,,Loại: Trắc nghiệm triết học; Phần: ; Câu 408: Quan điểm triết học nào tìm nguồn gốc của sự thống nhất của thế giới ở bản nguyên đầu tiên (ở thực thể đầu tiên duy nhất)? A. Chủ nghĩa duy vật biện chứng. B. Chủ nghĩa duy vật siêu hình trước Mác. C. Chủ nghĩa duy tâm D.  Đáp án đúng: B. Giải thích:
mcq_triet_409,409,Đâu không phải là câu trả lời của chủ nghĩa duy vật biện chứng về tính thống nhất vật chất của thế giới?,Chỉ có một thế giới duy nhất là thế giới vật chất.,Mọi bộ phận của thế giới vật chất đều liên hệ chuyển hoá lẫn nhau.,"Thế giới vật chất tồn tại khách quan, vĩnh viễn, vô hạn, vô tận, không do ai sinh ra và không mất đi.",Thế giới vật chất bao gồm những bộ phận riêng biệt nhau.,D,,,"Loại: Trắc nghiệm triết học; Phần: ; Câu 409: Đâu không phải là câu trả lời của chủ nghĩa duy vật biện chứng về tính thống nhất vật chất của thế giới? A. Chỉ có một thế giới duy nhất là thế giới vật chất. B. Mọi bộ phận của thế giới vật chất đều liên hệ chuyển hoá lẫn nhau. C. Thế giới vật chất tồn tại khách quan, vĩnh viễn, vô hạn, vô tận, không do ai sinh ra và không mất đi. D. Thế giới vật chất bao gồm những bộ phận riêng biệt nhau. Đáp án đúng: D. Giải thích:"
mcq_triet_410,410,Trường phái triết học phủ nhận sự tồn tại một thế giới duy nhất là thế giới vật chất?,Chủ nghĩa duy vật biện chứng.,Chủ nghĩa duy vật siêu hình thế kỷ XVII - XVIII.,Chủ nghĩa duy tâm.,,C,,,Loại: Trắc nghiệm triết học; Phần: ; Câu 410: Trường phái triết học phủ nhận sự tồn tại một thế giới duy nhất là thế giới vật chất? A. Chủ nghĩa duy vật biện chứng. B. Chủ nghĩa duy vật siêu hình thế kỷ XVII - XVIII. C. Chủ nghĩa duy tâm. D.  Đáp án đúng: C. Giải thích:
mcq_triet_411,411,Điều khẳng định sau đây là đúng hay sai: Chỉ có chủ nghĩa duy vật biện chứng mới cho rằng mọi bộ phận của thế giới vật chất đều có mối liên hệ chuyển hoá lẫn nhau một cách khách quan.,Đúng,Sai,Không xác định,,A,,,Loại: Trắc nghiệm triết học; Phần: ; Câu 411: Điều khẳng định sau đây là đúng hay sai: Chỉ có chủ nghĩa duy vật biện chứng mới cho rằng mọi bộ phận của thế giới vật chất đều có mối liên hệ chuyển hoá lẫn nhau một cách khách quan. A. Đúng B. Sai C. Không xác định D.  Đáp án đúng: A. Giải thích:
mcq_triet_412,412,Không thừa nhận tính vô hạn và vô tận của thế giới vật chất có chứng minh được tính thống nhất vật chất của thế giới không?,Có thể,Không thể 83 Đáp án: B là đáp án đúng,,,,,,Loại: Trắc nghiệm triết học; Phần: ; Câu 412: Không thừa nhận tính vô hạn và vô tận của thế giới vật chất có chứng minh được tính thống nhất vật chất của thế giới không? A. Có thể B. Không thể 83 Đáp án: B là đáp án đúng C.  D.  Đáp án đúng: . Giải thích:
mcq_triet_413,413,Cho rằng có thế giới tinh thần tồn tại độc lập bên cạnh thế giới vật chất sẽ rơi vào quan điểm triết học nào?,Chủ nghĩa duy tâm.,Chủ nghĩa duy vật biện chứng,Chủ nghĩa duy vật siêu hình.,Có thể a hoặc b.,A,,,Loại: Trắc nghiệm triết học; Phần: ; Câu 413: Cho rằng có thế giới tinh thần tồn tại độc lập bên cạnh thế giới vật chất sẽ rơi vào quan điểm triết học nào? A. Chủ nghĩa duy tâm. B. Chủ nghĩa duy vật biện chứng C. Chủ nghĩa duy vật siêu hình. D. Có thể a hoặc b. Đáp án đúng: A. Giải thích:
mcq_triet_414,414,Nhà triết học nào coi sự vật cảm tính là cái bóng của ý niệm?,Đê-mô-crít,Pla-tôn.,A-ri-xtốt.,Hêghen.,C,,,Loại: Trắc nghiệm triết học; Phần: ; Câu 414: Nhà triết học nào coi sự vật cảm tính là cái bóng của ý niệm? A. Đê-mô-crít B. Pla-tôn. C. A-ri-xtốt. D. Hêghen. Đáp án đúng: C. Giải thích:
mcq_triet_415,415,Coi sự vật cảm tính là cái bóng của ý niệm. Đó là quan điểm của trường phái triết học nào?,Chủ nghĩa duy tâm chủ quan,Chủ nghĩa duy tâm khách quan.,Chủ nghĩa duy vật siêu hình.,,B,,,Loại: Trắc nghiệm triết học; Phần: ; Câu 415: Coi sự vật cảm tính là cái bóng của ý niệm. Đó là quan điểm của trường phái triết học nào? A. Chủ nghĩa duy tâm chủ quan B. Chủ nghĩa duy tâm khách quan. C. Chủ nghĩa duy vật siêu hình. D.  Đáp án đúng: B. Giải thích:
mcq_triet_416,416,Coi thế giới vật chất là kết quả của quá trình phát triển của ý niệm tuyệt đối là quan điểm cu ả trường phái tri ết học nào?,Chủ nghĩa duy tâm chủ quan.,Chủ nghĩa duy tâm khách quan.,Chủ nghĩa duy vật siêu hình.,Chủ nghĩa duy vật biện chứng.,B,,,Loại: Trắc nghiệm triết học; Phần: ; Câu 416: Coi thế giới vật chất là kết quả của quá trình phát triển của ý niệm tuyệt đối là quan điểm cu ả trường phái tri ết học nào? A. Chủ nghĩa duy tâm chủ quan. B. Chủ nghĩa duy tâm khách quan. C. Chủ nghĩa duy vật siêu hình. D. Chủ nghĩa duy vật biện chứng. Đáp án đúng: B. Giải thích:
mcq_triet_417,417,"Luận điểm cho: ""tồn tại tức là được cảm giác"" là của ai và thuộc lập trường triết học nào?","Của Hêghen, thuộc lập trường của chủ nghĩa duy tâm khách quan.","Của Béc-cơ-li, thuộc lập trường chủ nghĩa duy tâm chủ quan.","Của Pla-tôn, thuộc lập trường chủ nghĩa duy tâm khách quan. 84 D. Của A-ri-xtốt, thuộc lập trường chủ nghĩa duy vật.",,B,,,"Loại: Trắc nghiệm triết học; Phần: ; Câu 417: Luận điểm cho: ""tồn tại tức là được cảm giác"" là của ai và thuộc lập trường triết học nào? A. Của Hêghen, thuộc lập trường của chủ nghĩa duy tâm khách quan. B. Của Béc-cơ-li, thuộc lập trường chủ nghĩa duy tâm chủ quan. C. Của Pla-tôn, thuộc lập trường chủ nghĩa duy tâm khách quan. 84 D. Của A-ri-xtốt, thuộc lập trường chủ nghĩa duy vật. D.  Đáp án đúng: B. Giải thích:"
mcq_triet_418,418,Nhà triết học nào cho nước là thực thể đầu tiên của thế giới và quan điểm đó thuộc lập trường triết học nào?,Talét - chủ nghĩa duy vật tự phát.,Điđrô - Chủ nghĩa duy vật biện chứng,"Béc-cơ-li, - chủ nghĩa duy tâm chủ quan","Pla-tôn, - chủ nghĩa duy tâm khách quan.",A,,,"Loại: Trắc nghiệm triết học; Phần: ; Câu 418: Nhà triết học nào cho nước là thực thể đầu tiên của thế giới và quan điểm đó thuộc lập trường triết học nào? A. Talét - chủ nghĩa duy vật tự phát. B. Điđrô - Chủ nghĩa duy vật biện chứng C. Béc-cơ-li, - chủ nghĩa duy tâm chủ quan D. Pla-tôn, - chủ nghĩa duy tâm khách quan. Đáp án đúng: A. Giải thích:"
mcq_triet_419,419,Nhà triết học nào coi lửa là thực thể đầu tiên của thế giới và đó là lập trường triết học nào?,"Đê-mô-crít, - chủ nghĩa duy vật tự phát","Hê-ra-clít, - chủ nghĩa duy vật tự phát.","Hê-ra-clít, - chủ nghĩa duy tâm khách quan.","Ana -ximen, - chủ ngiã duy vật tự phát.",B,,,"Loại: Trắc nghiệm triết học; Phần: ; Câu 419: Nhà triết học nào coi lửa là thực thể đầu tiên của thế giới và đó là lập trường triết học nào? A. Đê-mô-crít, - chủ nghĩa duy vật tự phát B. Hê-ra-clít, - chủ nghĩa duy vật tự phát. C. Hê-ra-clít, - chủ nghĩa duy tâm khách quan. D. Ana -ximen, - chủ ngiã duy vật tự phát. Đáp án đúng: B. Giải thích:"
mcq_triet_420,420,Đồng nhất vật chất nói chung với một vật thể hữu hình cảm tính đang tồn tại trong thế giới bên ngoài là quan điểm của trường phái triết học nào?,Chủ nghĩa duy tâm.,Chủ nghĩa duy vật tự phát.,Chủ nghĩa duy vật siêu hình thế kỷ XVII - XVIII.,Chủ nghĩa duy vật biện chứng.,B,,,Loại: Trắc nghiệm triết học; Phần: ; Câu 420: Đồng nhất vật chất nói chung với một vật thể hữu hình cảm tính đang tồn tại trong thế giới bên ngoài là quan điểm của trường phái triết học nào? A. Chủ nghĩa duy tâm. B. Chủ nghĩa duy vật tự phát. C. Chủ nghĩa duy vật siêu hình thế kỷ XVII - XVIII. D. Chủ nghĩa duy vật biện chứng. Đáp án đúng: B. Giải thích:
mcq_triet_421,421,"Đồng nhất vật chất nói chung với nguyên tử - một phần tử vật chất nhỏ nhất, đó là quan điểm của trường phái triết học nào?",Chủ nghĩa duy vật siêu hình thế kỷ XVII - XVIII.,Chủ nghĩa duy vật tự phát.,Chủ nghĩa duy vật biện chứng.,,B,,,"Loại: Trắc nghiệm triết học; Phần: ; Câu 421: Đồng nhất vật chất nói chung với nguyên tử - một phần tử vật chất nhỏ nhất, đó là quan điểm của trường phái triết học nào? A. Chủ nghĩa duy vật siêu hình thế kỷ XVII - XVIII. B. Chủ nghĩa duy vật tự phát. C. Chủ nghĩa duy vật biện chứng. D.  Đáp án đúng: B. Giải thích:"
mcq_triet_422,422,Đặc điểm chung của quan niệm duy vật về vật chất ở thời kỳ cổ đại là gì?,Đồng nhất vật chất nói chung với nguyên tử.,"Đồng nhất vật chất nói chung với một dạng cụ thể hữu hình, cảm tính của vật chất. 85 C. Đồng nhất vật chất với khối lượng.",,Đồng nhất vật chất với ý thức.,B,,,"Loại: Trắc nghiệm triết học; Phần: ; Câu 422: Đặc điểm chung của quan niệm duy vật về vật chất ở thời kỳ cổ đại là gì? A. Đồng nhất vật chất nói chung với nguyên tử. B. Đồng nhất vật chất nói chung với một dạng cụ thể hữu hình, cảm tính của vật chất. 85 C. Đồng nhất vật chất với khối lượng. C.  D. Đồng nhất vật chất với ý thức. Đáp án đúng: B. Giải thích:"
mcq_triet_423,423,Hạn chế chung của quan niệm duy vật về vật chất ở thời kỳ cổ đại.,Có tính chất duy tâm chủ quan.,"Có tính chất duy vật tự phát, là những phỏng đoán dựa trên những tài liệu cảm tính là chủ yếu, chưa có cơ sở khoa học.",Có tính chất duy vật máy móc siêu hình.,,B,,,"Loại: Trắc nghiệm triết học; Phần: ; Câu 423: Hạn chế chung của quan niệm duy vật về vật chất ở thời kỳ cổ đại. A. Có tính chất duy tâm chủ quan. B. Có tính chất duy vật tự phát, là những phỏng đoán dựa trên những tài liệu cảm tính là chủ yếu, chưa có cơ sở khoa học. C. Có tính chất duy vật máy móc siêu hình. D.  Đáp án đúng: B. Giải thích:"
mcq_triet_424,424,Đâu là mặt tích cực trong quan niệm duy vật về vật chất ở thời kỳ cổ đại?,Chống quan niệm máy móc siêu hình.,Chống quan niệm duy tâm tôn giáo,Thúc đẩy sự phát triển tư tưởng khoa học về thế giới.,Gồm B và C.,D,,,Loại: Trắc nghiệm triết học; Phần: ; Câu 424: Đâu là mặt tích cực trong quan niệm duy vật về vật chất ở thời kỳ cổ đại? A. Chống quan niệm máy móc siêu hình. B. Chống quan niệm duy tâm tôn giáo C. Thúc đẩy sự phát triển tư tưởng khoa học về thế giới. D. Gồm B và C. Đáp án đúng: D. Giải thích:
mcq_triet_425,425,Đỉnh cao nhất của tư tưởng duy vật cổ đại về vật chất là ở chỗ nào?,Ở quan niệm về lửa là bản nguyên của thế giới,Ở thuyết nguyên tử của Lơ-xíp và Đê-mô-crít.,Ở quan niệm về con số là bản nguyên của thế giới.,,B,,,Loại: Trắc nghiệm triết học; Phần: ; Câu 425: Đỉnh cao nhất của tư tưởng duy vật cổ đại về vật chất là ở chỗ nào? A. Ở quan niệm về lửa là bản nguyên của thế giới B. Ở thuyết nguyên tử của Lơ-xíp và Đê-mô-crít. C. Ở quan niệm về con số là bản nguyên của thế giới. D.  Đáp án đúng: B. Giải thích:
mcq_triet_426,426,Quan niệm duy vật về vật chất ở thế kỷ XVII - XVIII có tiến bộ hơn so với thời kỳ cổ đại không? nếu có thì tiến bộ ở chỗ nào?,Đồng nhất vật chất nói chung với một dạng cụ thể hữu hình có tính chất cảm tính của vật chất.,"Đồng nhất vật chất nói chung với một dạng cụ thể, đồng thời trong quan niệm về vật chất có nhiều yếu tố biện chứng.",Không đồng nhất vật chất nói chung với một dạng cụ thể của vật chất 86 Đáp án: B là đáp án đúng,,C,"Câu 427: Đâu là quan ni ệm về vật chất của ch ủ nghĩa duy v ật thế kỷ XVII - XVIII. A. Đồng nhất vật chất nói chung với một dạng cụ thể hữu hình có tính chất cảm tính của vật chất. B. Đồng nhất vật chất nói chung với một dạng cụ thể, đồng thời trong quan niệm về vật chất có nhiều yếu tố biện chứng. C. Không đồng nhất vật chất nói chung với một dạng cụ thể của vật chất 86 Đáp án: B là đáp án đúng",,"Loại: Trắc nghiệm triết học; Phần: ; Câu 426: Quan niệm duy vật về vật chất ở thế kỷ XVII - XVIII có tiến bộ hơn so với thời kỳ cổ đại không? nếu có thì tiến bộ ở chỗ nào? A. Đồng nhất vật chất nói chung với một dạng cụ thể hữu hình có tính chất cảm tính của vật chất. B. Đồng nhất vật chất nói chung với một dạng cụ thể, đồng thời trong quan niệm về vật chất có nhiều yếu tố biện chứng. C. Không đồng nhất vật chất nói chung với một dạng cụ thể của vật chất 86 Đáp án: B là đáp án đúng D.  Đáp án đúng: C. Giải thích: Câu 427: Đâu là quan ni ệm về vật chất của ch ủ nghĩa duy v ật thế kỷ XVII - XVIII. A. Đồng nhất vật chất nói chung với một dạng cụ thể hữu hình có tính chất cảm tính của vật chất. B. Đồng nhất vật chất nói chung với một dạng cụ thể, đồng thời trong quan niệm về vật chất có nhiều yếu tố biện chứng. C. Không đồng nhất vật chất nói chung với một dạng cụ thể của vật chất 86 Đáp án: B là đáp án đúng"
mcq_triet_428,428,Phương pháp tư duy nào chi phối những hiểu biết triết học duy vật về vật chất ở thế kỷ XVII - XVIII?,Phương pháp biện chứng duy tâm,Phương pháp biện chứng duy vật.,Phương pháp siêu hình máy móc.,,C,,,Loại: Trắc nghiệm triết học; Phần: ; Câu 428: Phương pháp tư duy nào chi phối những hiểu biết triết học duy vật về vật chất ở thế kỷ XVII - XVIII? A. Phương pháp biện chứng duy tâm B. Phương pháp biện chứng duy vật. C. Phương pháp siêu hình máy móc. D.  Đáp án đúng: C. Giải thích:
mcq_triet_429,429,Thuộc lập trường triết học nào khi giải thích mọi hiện tượng của tự nhiên bằng sự tác động qua lại của lực đẩy và lực hút của vật thể?,Chủ nghĩa duy vật tự phát thời kỳ cổ đại,Chủ nghĩa duy vật siêu hình thế kỷ XVII - XVIII.,Chủ nghĩa duy vật biện chứng.,Chủ nghĩa duy tâm.,B,,,Loại: Trắc nghiệm triết học; Phần: ; Câu 429: Thuộc lập trường triết học nào khi giải thích mọi hiện tượng của tự nhiên bằng sự tác động qua lại của lực đẩy và lực hút của vật thể? A. Chủ nghĩa duy vật tự phát thời kỳ cổ đại B. Chủ nghĩa duy vật siêu hình thế kỷ XVII - XVIII. C. Chủ nghĩa duy vật biện chứng. D. Chủ nghĩa duy tâm. Đáp án đúng: B. Giải thích:
mcq_triet_430,430,Quan niệm về vật chất của chủ nghĩa duy vật thời kỳ nào đã quy giản sự khác nhau về chất giữa các vật về sự khác nhau về lượng?,Chủ nghĩa duy vật biện chứng thời kỳ hiện đại,Chủ nghĩa duy vật tự phát thời kỳ cổ đại,Chủ nghĩa duy vật siêu hình thế kỷ XVII - XVIII,,C,,,Loại: Trắc nghiệm triết học; Phần: ; Câu 430: Quan niệm về vật chất của chủ nghĩa duy vật thời kỳ nào đã quy giản sự khác nhau về chất giữa các vật về sự khác nhau về lượng? A. Chủ nghĩa duy vật biện chứng thời kỳ hiện đại B. Chủ nghĩa duy vật tự phát thời kỳ cổ đại C. Chủ nghĩa duy vật siêu hình thế kỷ XVII - XVIII D.  Đáp án đúng: C. Giải thích:
mcq_triet_431,431,Đồng nhất vật chất với khối lượng đó là quan niệm về vật chất của ai và ở thời kỳ nào?,Các nhà triết học duy vật thời kỳ cổ đại.,Các nhà triết học thời kỳ Phục hưng.,Các nhà khoa học tự nhiên thế kỷ XVII - XVIII.,Các nhà triết học duy vật biện chứng thời kỳ cổ đại.,C,,,Loại: Trắc nghiệm triết học; Phần: ; Câu 431: Đồng nhất vật chất với khối lượng đó là quan niệm về vật chất của ai và ở thời kỳ nào? A. Các nhà triết học duy vật thời kỳ cổ đại. B. Các nhà triết học thời kỳ Phục hưng. C. Các nhà khoa học tự nhiên thế kỷ XVII - XVIII. D. Các nhà triết học duy vật biện chứng thời kỳ cổ đại. Đáp án đúng: C. Giải thích:
mcq_triet_432,432,"Coi vận động của vật chất chỉ là biểu hiện của vận động cơ học, đó là quan điểm về vận động và vật chất của ai?",Các nhà triết học duy vật thời kỳ cổ đại.,Các nhà khoa học tự nhiên và triết học thế kỷ XVII - XVIII.,Các nhà triết học duy vật biện chứng hiện đại.,Các nhà triết học duy tâm thế kỷ XVII - XVIII. 87 Đáp án: B là đáp án đúng,,,,"Loại: Trắc nghiệm triết học; Phần: ; Câu 432: Coi vận động của vật chất chỉ là biểu hiện của vận động cơ học, đó là quan điểm về vận động và vật chất của ai? A. Các nhà triết học duy vật thời kỳ cổ đại. B. Các nhà khoa học tự nhiên và triết học thế kỷ XVII - XVIII. C. Các nhà triết học duy vật biện chứng hiện đại. D. Các nhà triết học duy tâm thế kỷ XVII - XVIII. 87 Đáp án: B là đáp án đúng Đáp án đúng: . Giải thích:"
mcq_triet_433,433,Những tài liệu nào ảnh hưởng trực tiếp đến quan niệm triết học về vật chất ở thế kỷ XVII - XVIII?,Quan sát trực tiếp,Khoa học tự nhiên ở trình độ lý luận.,Khoa học tự nhiên thực nghiệm nhất là cơ học.,Khoa học xã hội.,C,,,Loại: Trắc nghiệm triết học; Phần: ; Câu 433: Những tài liệu nào ảnh hưởng trực tiếp đến quan niệm triết học về vật chất ở thế kỷ XVII - XVIII? A. Quan sát trực tiếp B. Khoa học tự nhiên ở trình độ lý luận. C. Khoa học tự nhiên thực nghiệm nhất là cơ học. D. Khoa học xã hội. Đáp án đúng: C. Giải thích:
mcq_triet_434,434,"Đồng nhất vật chất nói chung với một dạng cụ thể hoặc một thuộc tính cụ thể của vật chất, coi vật chất có giới hạn tột cùng, đó là đặc điểm chung của hệ thống triết học nào?",Chủ nghĩa duy vật biện chứng.,Chủ nghĩa duy vật siêu hình thế kỷ XVII - XVIII.,Chủ nghĩa duy vật trước Mác.,Chủ nghĩa duy vật tự phát thời kỳ cổ đại.,C,,,"Loại: Trắc nghiệm triết học; Phần: ; Câu 434: Đồng nhất vật chất nói chung với một dạng cụ thể hoặc một thuộc tính cụ thể của vật chất, coi vật chất có giới hạn tột cùng, đó là đặc điểm chung của hệ thống triết học nào? A. Chủ nghĩa duy vật biện chứng. B. Chủ nghĩa duy vật siêu hình thế kỷ XVII - XVIII. C. Chủ nghĩa duy vật trước Mác. D. Chủ nghĩa duy vật tự phát thời kỳ cổ đại. Đáp án đúng: C. Giải thích:"
mcq_triet_435,435,"Quan điểm của trường phái triết học nào coi khối lượng chỉ là thuộc tính của vật chất, gắn liền với vật chất?",Chủ nghĩa duy tâm.,Chủ nghĩa duy vật siêu hình.,Chủ nghĩa duy vật biện chứng.,,C,,,"Loại: Trắc nghiệm triết học; Phần: ; Câu 435: Quan điểm của trường phái triết học nào coi khối lượng chỉ là thuộc tính của vật chất, gắn liền với vật chất? A. Chủ nghĩa duy tâm. B. Chủ nghĩa duy vật siêu hình. C. Chủ nghĩa duy vật biện chứng. D.  Đáp án đúng: C. Giải thích:"
mcq_triet_436,436,Khẳng định nào sau đây là đúng?,Chủ nghĩa duy vật tự phát cổ đại đồng nhất vật chất nói chung với khối lượng.,Chủ nghĩa duy vật nói chung đồng nhất vật chất với khối lượng.,Chủ nghĩa duy vật siêu hình thế kỷ XVII - XVIII đồng nhất vật chất nói chung với khối lượng.,,C,,,Loại: Trắc nghiệm triết học; Phần: ; Câu 436: Khẳng định nào sau đây là đúng? A. Chủ nghĩa duy vật tự phát cổ đại đồng nhất vật chất nói chung với khối lượng. B. Chủ nghĩa duy vật nói chung đồng nhất vật chất với khối lượng. C. Chủ nghĩa duy vật siêu hình thế kỷ XVII - XVIII đồng nhất vật chất nói chung với khối lượng. D.  Đáp án đúng: C. Giải thích:
mcq_triet_437,437,Hiện tượng phóng xạ mà khoa học tự nhiên phát hiện ra chứng minh điều gì?,Vật chất nói chung là bất biến.,Nguyên tử là bất biến.,Nguyên tử là không bất biến.,,C,,,Loại: Trắc nghiệm triết học; Phần: ; Câu 437: Hiện tượng phóng xạ mà khoa học tự nhiên phát hiện ra chứng minh điều gì? A. Vật chất nói chung là bất biến. B. Nguyên tử là bất biến. C. Nguyên tử là không bất biến. D.  Đáp án đúng: C. Giải thích:
mcq_triet_438,438,Phát minh ra hiện tượng phóng xạ và điện tử bác bỏ quan niệm triết học nào về vật 88 chất?,Quan niệm duy vật siêu hình về vật chất.,Quan niệm duy tâm về vật chất cho nguyên tử không tồn tại.,Quan niệm duy vật biện chứng về vật chất.,,A,,,Loại: Trắc nghiệm triết học; Phần: ; Câu 438: Phát minh ra hiện tượng phóng xạ và điện tử bác bỏ quan niệm triết học nào về vật 88 chất? A. Quan niệm duy vật siêu hình về vật chất. B. Quan niệm duy tâm về vật chất cho nguyên tử không tồn tại. C. Quan niệm duy vật biện chứng về vật chất. D.  Đáp án đúng: A. Giải thích:
mcq_triet_439,439,Chủ nghĩa duy tâm đã lợi dụng những phát minh của khoa học tự nhiên về hiện tượng phóng xạ và điện tử để chứng minh cái gì?,Chứng minh nguyên tử không phải là bất biến.,Chứng minh nguyên tử biến đổi đồng nhất với vật chất mất đi.,Chứng minh nguyên tử biến đổi nhưng vật chất nói chung không mất đi.,,B,,,Loại: Trắc nghiệm triết học; Phần: ; Câu 439: Chủ nghĩa duy tâm đã lợi dụng những phát minh của khoa học tự nhiên về hiện tượng phóng xạ và điện tử để chứng minh cái gì? A. Chứng minh nguyên tử không phải là bất biến. B. Chứng minh nguyên tử biến đổi đồng nhất với vật chất mất đi. C. Chứng minh nguyên tử biến đổi nhưng vật chất nói chung không mất đi. D.  Đáp án đúng: B. Giải thích:
mcq_triet_440,440,Quan niệm coi điện tử là phi vật chất thuộc lập trường triết học nào?,Chủ nghĩa duy vật siêu hình.,Chủ nghĩa duy tâm.,Chủ nghĩa duy vật biện chứng.,,B,,,Loại: Trắc nghiệm triết học; Phần: ; Câu 440: Quan niệm coi điện tử là phi vật chất thuộc lập trường triết học nào? A. Chủ nghĩa duy vật siêu hình. B. Chủ nghĩa duy tâm. C. Chủ nghĩa duy vật biện chứng. D.  Đáp án đúng: B. Giải thích:
mcq_triet_441,441,Đồng nhất sự biến đổi của nguyên tử và khối lượng với sự biến mất của vật chất sẽ rơi vào quan điểm triết học nào?,Chủ nghĩa duy vật biện chứng.,Chủ nghĩa duy vật siêu hình.,Chủ nghĩa duy tâm.,,C,,,Loại: Trắc nghiệm triết học; Phần: ; Câu 441: Đồng nhất sự biến đổi của nguyên tử và khối lượng với sự biến mất của vật chất sẽ rơi vào quan điểm triết học nào? A. Chủ nghĩa duy vật biện chứng. B. Chủ nghĩa duy vật siêu hình. C. Chủ nghĩa duy tâm. D.  Đáp án đúng: C. Giải thích:
mcq_triet_442,442,Quan điểm của chủ nghĩa duy vật biện chứng về hiện tượng phóng xạ như thế nào?,"Chứng minh nguyên tử không bất biến, nhưng không chứng minh vật chất biến mất.",Chứng minh nguyên tử biến mất và vật chất cũng biến mất.,Chứng minh cơ sở vật chất của chủ nghĩa duy vật không còn.,,A,,,"Loại: Trắc nghiệm triết học; Phần: ; Câu 442: Quan điểm của chủ nghĩa duy vật biện chứng về hiện tượng phóng xạ như thế nào? A. Chứng minh nguyên tử không bất biến, nhưng không chứng minh vật chất biến mất. B. Chứng minh nguyên tử biến mất và vật chất cũng biến mất. C. Chứng minh cơ sở vật chất của chủ nghĩa duy vật không còn. D.  Đáp án đúng: A. Giải thích:"
mcq_triet_443,443,Theo Lênin những phát minh của khoa học tự nhiên cuối thế kỷ XIX đầu thế kỷ XX đã làm tiêu tan cái gì?,Tiêu tan vật chất nói chung.,Tiêu tan dạng tồn tại cụ thể của vật chất.,"Tiêu tan giới hạn hiểu biết trước đây về vật chất, quan điểm siêu hình về vật chất. 89 Đáp án: C là đáp án đúng",,,,,"Loại: Trắc nghiệm triết học; Phần: ; Câu 443: Theo Lênin những phát minh của khoa học tự nhiên cuối thế kỷ XIX đầu thế kỷ XX đã làm tiêu tan cái gì? A. Tiêu tan vật chất nói chung. B. Tiêu tan dạng tồn tại cụ thể của vật chất. C. Tiêu tan giới hạn hiểu biết trước đây về vật chất, quan điểm siêu hình về vật chất. 89 Đáp án: C là đáp án đúng D.  Đáp án đúng: . Giải thích:"
mcq_triet_444,444,"Luận điểm cho rằng: ""Điện tử cũng vô cùng vô tận, tự nhiên là vô tận"" do ai nêu ra và trong tác phẩm nào?","Ăngghen nêu, trong tác phẩm ""Chống Đuyrinh"".","Mác nêu trong tác phẩm ""Tư bản""","Lênin nêu trong tác phẩm ""Chủ nghĩa duy vật và chủ nghĩa kinh nghiệm phê phán"".","Lênin nêu trong tác phẩm ""Bút ký triết học"".",C,,,"Loại: Trắc nghiệm triết học; Phần: ; Câu 444: Luận điểm cho rằng: ""Điện tử cũng vô cùng vô tận, tự nhiên là vô tận"" do ai nêu ra và trong tác phẩm nào? A. Ăngghen nêu, trong tác phẩm ""Chống Đuyrinh"". B. Mác nêu trong tác phẩm ""Tư bản"" C. Lênin nêu trong tác phẩm ""Chủ nghĩa duy vật và chủ nghĩa kinh nghiệm phê phán"". D. Lênin nêu trong tác phẩm ""Bút ký triết học"". Đáp án đúng: C. Giải thích:"
mcq_triet_445,445,"Quan điểm cho rằng: nhận thức mới về nguyên tử - phát hiện ra điện tử - làm cho nguyên tử không tồn tại, thuộc lập trường triết học nào?",Chủ nghĩa duy vật siêu hình.,Chủ nghĩa duy tâm chủ quan.,Chủ nghĩa duy vật biện chứng,Chủ nghĩa duy tâm khách quan.,B,,,"Loại: Trắc nghiệm triết học; Phần: ; Câu 445: Quan điểm cho rằng: nhận thức mới về nguyên tử - phát hiện ra điện tử - làm cho nguyên tử không tồn tại, thuộc lập trường triết học nào? A. Chủ nghĩa duy vật siêu hình. B. Chủ nghĩa duy tâm chủ quan. C. Chủ nghĩa duy vật biện chứng D. Chủ nghĩa duy tâm khách quan. Đáp án đúng: B. Giải thích:"
mcq_triet_446,446,"Quan điểm triết học nào cho rằng, nhận thức mới về nguyên tử chỉ bác bỏ quan niệm cũ về vật chất, không bác bỏ sự tồn tại vật chất nói chung?",Chủ nghĩa duy vật trước Mác.,Chủ nghĩa duy tâm.,Chủ nghĩa duy vật biện chứng.,,C,,,"Loại: Trắc nghiệm triết học; Phần: ; Câu 446: Quan điểm triết học nào cho rằng, nhận thức mới về nguyên tử chỉ bác bỏ quan niệm cũ về vật chất, không bác bỏ sự tồn tại vật chất nói chung? A. Chủ nghĩa duy vật trước Mác. B. Chủ nghĩa duy tâm. C. Chủ nghĩa duy vật biện chứng. D.  Đáp án đúng: C. Giải thích:"
mcq_triet_447,447,Định nghĩa về vật chất của Lênin được nêu trong tác phẩm nào?,Biện chứng của tự nhiên,Chủ nghĩa duy vật và chủ nghĩa kinh nghiệm phê phán.,Bút ký triết học,Nhà nước và cách mạng.,B,,,Loại: Trắc nghiệm triết học; Phần: ; Câu 447: Định nghĩa về vật chất của Lênin được nêu trong tác phẩm nào? A. Biện chứng của tự nhiên B. Chủ nghĩa duy vật và chủ nghĩa kinh nghiệm phê phán. C. Bút ký triết học D. Nhà nước và cách mạng. Đáp án đúng: B. Giải thích:
mcq_triet_448,448,Đâu là quan niệm về vật chất của triết học Mác - Lênin?,Đồng nhất vật chất nói chung với một dạng cụ thẻ của vật chất.,Không đồng nhất vật chất nói chung với dạng cụ thể của vật chất.,Coi có vật chất chung tồn tại tách rời các dạng cụ thể của vật chất. 90 Đáp án: B là đáp án đúng,,,,,Loại: Trắc nghiệm triết học; Phần: ; Câu 448: Đâu là quan niệm về vật chất của triết học Mác - Lênin? A. Đồng nhất vật chất nói chung với một dạng cụ thẻ của vật chất. B. Không đồng nhất vật chất nói chung với dạng cụ thể của vật chất. C. Coi có vật chất chung tồn tại tách rời các dạng cụ thể của vật chất. 90 Đáp án: B là đáp án đúng D.  Đáp án đúng: . Giải thích:
mcq_triet_449,449,"Thêm cụm từ thích hợp vào câu sau để được định nghĩa về vật chất của Lênin: Vật chất là ......(1) dùng để chỉ ................................ ............. (2).. được đem lại cho con người trong cảm giác, được cảm giác của chúng ta chép lại, chụp lại, phản ảnh và tồn tại không lệ thuộc vào cảm giác.","1- Vật thể, 2- hoạt động","1- Phạm trù triết học, 2- Thực tại khách quan.","1- Phạm trù triết học, 2- Một vật thể",,B,,,"Loại: Trắc nghiệm triết học; Phần: ; Câu 449: Thêm cụm từ thích hợp vào câu sau để được định nghĩa về vật chất của Lênin: Vật chất là ......(1) dùng để chỉ ................................ ............. (2).. được đem lại cho con người trong cảm giác, được cảm giác của chúng ta chép lại, chụp lại, phản ảnh và tồn tại không lệ thuộc vào cảm giác. A. 1- Vật thể, 2- hoạt động B. 1- Phạm trù triết học, 2- Thực tại khách quan. C. 1- Phạm trù triết học, 2- Một vật thể D.  Đáp án đúng: B. Giải thích:"
mcq_triet_450,450,"Định nghĩa về vật chất của Lênin bao quát đặc tính quan trọng nhất của mọi dạng vật chất để phân biệt với ý thức, đó là đặc tính gì?",Thực tại khách quan độc lập với ý thức của con người.,Vận động và biến đổi.,Có khối lượng và quảng tính.,,A,,,"Loại: Trắc nghiệm triết học; Phần: ; Câu 450: Định nghĩa về vật chất của Lênin bao quát đặc tính quan trọng nhất của mọi dạng vật chất để phân biệt với ý thức, đó là đặc tính gì? A. Thực tại khách quan độc lập với ý thức của con người. B. Vận động và biến đổi. C. Có khối lượng và quảng tính. D.  Đáp án đúng: A. Giải thích:"
mcq_triet_451,451,"Theo quan điểm của chủ nghĩa duy vật biện chứng, vật chất với tư cách là phạm trù triết học có đặc tính gì?","Vô hạn, vô tận, vĩnh viễn tồn tại, độc lập với ý thức.","Có giới hạn, có sinh ra và có mất đi.","Vô hạn, vô tận, vĩnh viễn tồn tại.",,A,,,"Loại: Trắc nghiệm triết học; Phần: ; Câu 451: Theo quan điểm của chủ nghĩa duy vật biện chứng, vật chất với tư cách là phạm trù triết học có đặc tính gì? A. Vô hạn, vô tận, vĩnh viễn tồn tại, độc lập với ý thức. B. Có giới hạn, có sinh ra và có mất đi. C. Vô hạn, vô tận, vĩnh viễn tồn tại. D.  Đáp án đúng: A. Giải thích:"
mcq_triet_452,452,"Theo quan niệm của chủ nghĩa duy vật biện chứng về vật chất, chân không có vật chất tồn tại không?",Có.,Không có,"Vừa có, vừa không có",,A,,,"Loại: Trắc nghiệm triết học; Phần: ; Câu 452: Theo quan niệm của chủ nghĩa duy vật biện chứng về vật chất, chân không có vật chất tồn tại không? A. Có. B. Không có C. Vừa có, vừa không có D.  Đáp án đúng: A. Giải thích:"
mcq_triet_453,453,Khẳng định sau đây là đúng hay sai: chủ nghĩa duy vật biện chứng không thừa nhận cái gì con người biết được mới là vật chất.,Đúng,"Vừa đúng, vừa sai",Sai. 91 Đáp án: A là đáp án đúng,,,,,"Loại: Trắc nghiệm triết học; Phần: ; Câu 453: Khẳng định sau đây là đúng hay sai: chủ nghĩa duy vật biện chứng không thừa nhận cái gì con người biết được mới là vật chất. A. Đúng B. Vừa đúng, vừa sai C. Sai. 91 Đáp án: A là đáp án đúng D.  Đáp án đúng: . Giải thích:"
mcq_triet_454,454,Đâu là quan niệm về vật chất của chủ nghĩa duy vật biện chứng,Vật chất là cái gây nên cảm giác cho chúng ta.,Cái gì không gây nên cảm giác ở chúng ta thì không phải là vật chất,Cái không cảm giác được thì không phải là vật chất.,,A,,,Loại: Trắc nghiệm triết học; Phần: ; Câu 454: Đâu là quan niệm về vật chất của chủ nghĩa duy vật biện chứng A. Vật chất là cái gây nên cảm giác cho chúng ta. B. Cái gì không gây nên cảm giác ở chúng ta thì không phải là vật chất C. Cái không cảm giác được thì không phải là vật chất. D.  Đáp án đúng: A. Giải thích:
mcq_triet_455,455,Quan điểm sau đây thuộc trường phái triết học nào: cái gì cảm giác được là vật chất.,Chủ nghĩa duy vật siêu hình.,Chủ nghĩa duy vật biện chứng.,Chủ nghĩa duy tâm khách quan,Chủ nghĩa duy tâm chủ quan.,D,,,Loại: Trắc nghiệm triết học; Phần: ; Câu 455: Quan điểm sau đây thuộc trường phái triết học nào: cái gì cảm giác được là vật chất. A. Chủ nghĩa duy vật siêu hình. B. Chủ nghĩa duy vật biện chứng. C. Chủ nghĩa duy tâm khách quan D. Chủ nghĩa duy tâm chủ quan. Đáp án đúng: D. Giải thích:
mcq_triet_456,456,Khẳng định nào sau đây là đúng?,"Định nghĩa về vật chất của Lênin thừa nhận vật chất tồn tại khách quan ngoài ý thức con người, thông qua các dạng cụ thể.","Định nghĩa về vật chất của Lênin thừa nhận vật chất nói chung tồn tại vĩnh viễn, tách rời các dạng cụ thể của vật chất",Định nghĩa về vật chất của Lênin đồng nhất vật chất nói chung với một dạng cụ thể của vật chất.,"Cả a, b, c, đều đúng",A,,,"Loại: Trắc nghiệm triết học; Phần: ; Câu 456: Khẳng định nào sau đây là đúng? A. Định nghĩa về vật chất của Lênin thừa nhận vật chất tồn tại khách quan ngoài ý thức con người, thông qua các dạng cụ thể. B. Định nghĩa về vật chất của Lênin thừa nhận vật chất nói chung tồn tại vĩnh viễn, tách rời các dạng cụ thể của vật chất C. Định nghĩa về vật chất của Lênin đồng nhất vật chất nói chung với một dạng cụ thể của vật chất. D. Cả a, b, c, đều đúng Đáp án đúng: A. Giải thích:"
mcq_triet_457,457,"Theo quan đi ểm của triết học Mác, phương th ức và hình th ức tồn tại của vật chất là?","Cảm giác, ý thức của chúng ta có khả năng phản ánh đúng thế giới khách quan.",Cám giác ý thức của chúng ta không thể phản ánh đúng thế giới vật chất.,"Cảm giác, ý thức phụ thuộc thụ động vào thế giới vật chất.",,A,,,"Loại: Trắc nghiệm triết học; Phần: ; Câu 457: Theo quan đi ểm của triết học Mác, phương th ức và hình th ức tồn tại của vật chất là? A. Cảm giác, ý thức của chúng ta có khả năng phản ánh đúng thế giới khách quan. B. Cám giác ý thức của chúng ta không thể phản ánh đúng thế giới vật chất. C. Cảm giác, ý thức phụ thuộc thụ động vào thế giới vật chất. D.  Đáp án đúng: A. Giải thích:"
mcq_triet_458,458,Đâu là quan điểm của chủ nghĩa duy vật biện chứng về vật chất?,Vật chất là vật thể,Vật chất không loại trừ cái không là vật thể.,Không là vật thể thì không phải là vật chất.,,B,,,Loại: Trắc nghiệm triết học; Phần: ; Câu 458: Đâu là quan điểm của chủ nghĩa duy vật biện chứng về vật chất? A. Vật chất là vật thể B. Vật chất không loại trừ cái không là vật thể. C. Không là vật thể thì không phải là vật chất. D.  Đáp án đúng: B. Giải thích:
mcq_triet_459,459,"Quan điểm triết học nào tách rời vật chất với vận động 92 A. Chủ nghĩa duy tâm. B. Chủ nghĩa duy vật siêu hình. C. Chủ nghĩa duy vật biện chứng. Đáp án: B là đáp án đúng Câu 460: Trường phái triết học nào cho vận động bao gồm mọi sự biến đổi của vật chất, là phương thức tồn tại của vật chất.",Chủ nghĩa duy vật siêu hình.,Chủ nghĩa duy vật biện chứng.,Chủ nghĩa duy tâm chủ quan.,Chủ nghĩa duy tâm khách quan.,B,,,"Loại: Trắc nghiệm triết học; Phần: ; Câu 459: Quan điểm triết học nào tách rời vật chất với vận động 92 A. Chủ nghĩa duy tâm. B. Chủ nghĩa duy vật siêu hình. C. Chủ nghĩa duy vật biện chứng. Đáp án: B là đáp án đúng Câu 460: Trường phái triết học nào cho vận động bao gồm mọi sự biến đổi của vật chất, là phương thức tồn tại của vật chất. A. Chủ nghĩa duy vật siêu hình. B. Chủ nghĩa duy vật biện chứng. C. Chủ nghĩa duy tâm chủ quan. D. Chủ nghĩa duy tâm khách quan. Đáp án đúng: B. Giải thích:"
mcq_triet_461,461,Nếu cho rằng có vật chất không vận động và có vận động thuần tuý ngoài vật chất sẽ rơi vào lập trường triết học nào?,Chủ nghĩa duy vật tự phát thời kỳ cổ đại.,Chủ nghĩa duy vật siêu hình thế kỷ XVII - XVIII.,Chủ nghĩa duy vật biện chứng.,,B,,,Loại: Trắc nghiệm triết học; Phần: ; Câu 461: Nếu cho rằng có vật chất không vận động và có vận động thuần tuý ngoài vật chất sẽ rơi vào lập trường triết học nào? A. Chủ nghĩa duy vật tự phát thời kỳ cổ đại. B. Chủ nghĩa duy vật siêu hình thế kỷ XVII - XVIII. C. Chủ nghĩa duy vật biện chứng. D.  Đáp án đúng: B. Giải thích:
mcq_triet_462,462,Trường phái triết học nào cho không thể có vật chất không vận động và không thể có vận động ngoài vật chất.,Chủ nghĩa duy vật tự phát thời kỳ cổ đại.,Chủ nghĩa duy vật siêu hình,Chủ nghĩa duy vật biện chứng.,,C,,,Loại: Trắc nghiệm triết học; Phần: ; Câu 462: Trường phái triết học nào cho không thể có vật chất không vận động và không thể có vận động ngoài vật chất. A. Chủ nghĩa duy vật tự phát thời kỳ cổ đại. B. Chủ nghĩa duy vật siêu hình C. Chủ nghĩa duy vật biện chứng. D.  Đáp án đúng: C. Giải thích:
mcq_triet_463,463,Đâu là quan niệm của chủ nghĩa duy vật biện chứng về vận động.,Có vật chất không vận động.,Có vận động thuần tuý ngoài vật chất.,Không có vận động thuần tuý ngoài vật chất.,,C,,,Loại: Trắc nghiệm triết học; Phần: ; Câu 463: Đâu là quan niệm của chủ nghĩa duy vật biện chứng về vận động. A. Có vật chất không vận động. B. Có vận động thuần tuý ngoài vật chất. C. Không có vận động thuần tuý ngoài vật chất. D.  Đáp án đúng: C. Giải thích:
mcq_triet_464,464,Đâu là quan điểm của chủ nghĩa duy vật biện chứng về vận động?,"Vận động là sự tự thân vận động của vật chất, không được sáng tạo ra và không mất đi.",Vận động là sự đẩy và hút của vật thể.,Vận động được sáng tạo ra và có thể mất đi. 93 Đáp án: A là đáp án đúng,,,,,"Loại: Trắc nghiệm triết học; Phần: ; Câu 464: Đâu là quan điểm của chủ nghĩa duy vật biện chứng về vận động? A. Vận động là sự tự thân vận động của vật chất, không được sáng tạo ra và không mất đi. B. Vận động là sự đẩy và hút của vật thể. C. Vận động được sáng tạo ra và có thể mất đi. 93 Đáp án: A là đáp án đúng D.  Đáp án đúng: . Giải thích:"
mcq_triet_465,465,Ph. Ăngghen đã chia vận động làm mấy hình thức cơ bản:,4 hình thức,5 hình thức cơ bản.,3 hình thức,,B,,,Loại: Trắc nghiệm triết học; Phần: ; Câu 465: Ph. Ăngghen đã chia vận động làm mấy hình thức cơ bản: A. 4 hình thức B. 5 hình thức cơ bản. C. 3 hình thức D.  Đáp án đúng: B. Giải thích:
mcq_triet_466,466,"Theo cách phân chia các hình thức vận động của Ăngghen, hình thức nào là thấp nhất?",Cơ học,Hoá học,Vật lý,,A,,,"Loại: Trắc nghiệm triết học; Phần: ; Câu 466: Theo cách phân chia các hình thức vận động của Ăngghen, hình thức nào là thấp nhất? A. Cơ học B. Hoá học C. Vật lý D.  Đáp án đúng: A. Giải thích:"
mcq_triet_467,467,"Theo cách phân chia các hình thức vận động của Ăngghen, hình thức nào là cao nhất và phức tạp nhất?",Sinh học.,Vận động xã hội.,Hoá học.,,B,,,"Loại: Trắc nghiệm triết học; Phần: ; Câu 467: Theo cách phân chia các hình thức vận động của Ăngghen, hình thức nào là cao nhất và phức tạp nhất? A. Sinh học. B. Vận động xã hội. C. Hoá học. D.  Đáp án đúng: B. Giải thích:"
mcq_triet_468,468,Trường phái triết học nào cho vận động và đứng im không tách rời nhau?,Chủ nghĩa duy vật tự phát.,Chủ nghĩa duy vật biện chứng.,Chủ nghĩa duy vật siêu hình thế kỷ XVII - XVIII.,,B,,,Loại: Trắc nghiệm triết học; Phần: ; Câu 468: Trường phái triết học nào cho vận động và đứng im không tách rời nhau? A. Chủ nghĩa duy vật tự phát. B. Chủ nghĩa duy vật biện chứng. C. Chủ nghĩa duy vật siêu hình thế kỷ XVII - XVIII. D.  Đáp án đúng: B. Giải thích:
mcq_triet_469,469,"Trường phái triết học nào cho vận động là tuyệt đối, đứng im là tương đối?",Chủ nghĩa duy vật tự phát.,Chủ nghĩa duy vật biện chứng.,Chủ nghĩa duy vật siêu hình thế kỷ XVII - XVIII.,,B,,,"Loại: Trắc nghiệm triết học; Phần: ; Câu 469: Trường phái triết học nào cho vận động là tuyệt đối, đứng im là tương đối? A. Chủ nghĩa duy vật tự phát. B. Chủ nghĩa duy vật biện chứng. C. Chủ nghĩa duy vật siêu hình thế kỷ XVII - XVIII. D.  Đáp án đúng: B. Giải thích:"
mcq_triet_470,470,Đâu là quan điểm của chủ nghĩa duy vật biện chứng?,Chủ nghĩa duy vật siêu hình,Chủ nghĩa duy tâm chủ quan.,Chủ nghĩa duy vật biện chứng,Chủ nghĩa duy tâm khách quan.,A,94 Câu 471: Trường phái triết học nào cho không gian và thời gian là do thói quen của con người quy định A. Chủ nghĩa duy vật siêu hình B. Chủ nghĩa duy tâm chủ quan. C. Chủ nghĩa duy vật biện chứng D. Chủ nghĩa duy tâm khách quan. Đáp án: B là đáp án đúng,,Loại: Trắc nghiệm triết học; Phần: ; Câu 470: Đâu là quan điểm của chủ nghĩa duy vật biện chứng? A. Chủ nghĩa duy vật siêu hình B. Chủ nghĩa duy tâm chủ quan. C. Chủ nghĩa duy vật biện chứng D. Chủ nghĩa duy tâm khách quan. Đáp án đúng: A. Giải thích: 94 Câu 471: Trường phái triết học nào cho không gian và thời gian là do thói quen của con người quy định A. Chủ nghĩa duy vật siêu hình B. Chủ nghĩa duy tâm chủ quan. C. Chủ nghĩa duy vật biện chứng D. Chủ nghĩa duy tâm khách quan. Đáp án: B là đáp án đúng
mcq_triet_472,472,Khẳng định sau đây đúng hay sai: Quan điểm siêu hình cho có không gian thuần tuý tồn ngoài vật chất.,Sai,Đúng.,,,B,,,Loại: Trắc nghiệm triết học; Phần: ; Câu 472: Khẳng định sau đây đúng hay sai: Quan điểm siêu hình cho có không gian thuần tuý tồn ngoài vật chất. A. Sai B. Đúng. C.  D.  Đáp án đúng: B. Giải thích:
mcq_triet_473,473,Khẳng định sau đây đúng hay sai: Chủ nghĩa duy vật biện chứng cho không có không gian và thời gian thuần tuý ngoài vật chất.,Đúng,Sai.,,,A,,,Loại: Trắc nghiệm triết học; Phần: ; Câu 473: Khẳng định sau đây đúng hay sai: Chủ nghĩa duy vật biện chứng cho không có không gian và thời gian thuần tuý ngoài vật chất. A. Đúng B. Sai. C.  D.  Đáp án đúng: A. Giải thích:
mcq_triet_474,474,Luận điểm nào sau đây là đúng?,"Chủ nghĩa duy tâm thừa nhận tính khách quan, vô tận và vĩnh cửu của không gian và thời gian","Chủ nghĩa duy vật siêu hình thừa nhận tính khách quan, vô tận, gắn liền với vật chất của không gian và thời gian.","Chủ nghĩa duy vật biện chứng thừa nhận không gian, thời gian là hình thức tồn tại của vật chất, có tính khách quan, vô tận và vĩnh cửu.",,C,,,"Loại: Trắc nghiệm triết học; Phần: ; Câu 474: Luận điểm nào sau đây là đúng? A. Chủ nghĩa duy tâm thừa nhận tính khách quan, vô tận và vĩnh cửu của không gian và thời gian B. Chủ nghĩa duy vật siêu hình thừa nhận tính khách quan, vô tận, gắn liền với vật chất của không gian và thời gian. C. Chủ nghĩa duy vật biện chứng thừa nhận không gian, thời gian là hình thức tồn tại của vật chất, có tính khách quan, vô tận và vĩnh cửu. D.  Đáp án đúng: C. Giải thích:"
mcq_triet_475,475,Quan điểm của chủ nghĩa duy tâm về nguồn gốc của ý thức?,Là sự phản ánh của hiện thực khách quan.,"Là thuộc tính của bộ não người, do não người tiết ra.",Phủ nhận nguồn gốc vật chất của ý thức.,,C,,,"Loại: Trắc nghiệm triết học; Phần: ; Câu 475: Quan điểm của chủ nghĩa duy tâm về nguồn gốc của ý thức? A. Là sự phản ánh của hiện thực khách quan. B. Là thuộc tính của bộ não người, do não người tiết ra. C. Phủ nhận nguồn gốc vật chất của ý thức. D.  Đáp án đúng: C. Giải thích:"
mcq_triet_476,476,Đâu là quan điểm của chủ nghĩa duy vật biện chứng về phản ánh?,Phản ánh là thuộc tính của mọi dạng vật chất là cái vốn có của mọi dạng vật chất.,"Phản ánh chỉ là đặc tính của một số vật thể. 95 C. Phản ánh không phải là cái vốn có của thế giới vật chất, chỉ là ý thức con người tưởng tượng ra.",,,A,,,"Loại: Trắc nghiệm triết học; Phần: ; Câu 476: Đâu là quan điểm của chủ nghĩa duy vật biện chứng về phản ánh? A. Phản ánh là thuộc tính của mọi dạng vật chất là cái vốn có của mọi dạng vật chất. B. Phản ánh chỉ là đặc tính của một số vật thể. 95 C. Phản ánh không phải là cái vốn có của thế giới vật chất, chỉ là ý thức con người tưởng tượng ra. C.  D.  Đáp án đúng: A. Giải thích:"
mcq_triet_477,477,"Đồng nhất ý thức với phản ánh vật lý, đó là quan điểm của trường phái triết học nào?",Chủ nghĩa duy tâm khách quan.,Chủ nghĩa duy vật biện chứng,Chủ nghĩa duy vật siêu hình trước Mác.,,C,,,"Loại: Trắc nghiệm triết học; Phần: ; Câu 477: Đồng nhất ý thức với phản ánh vật lý, đó là quan điểm của trường phái triết học nào? A. Chủ nghĩa duy tâm khách quan. B. Chủ nghĩa duy vật biện chứng C. Chủ nghĩa duy vật siêu hình trước Mác. D.  Đáp án đúng: C. Giải thích:"
mcq_triet_478,478,Trường phái triết học nào đồng nhất ý thức với một dạng vật chất?,Chủ nghĩa duy vật biện chứng.,Chủ nghĩa duy vật tầm thường.,Chủ nghĩa duy tâm.,,B,,,Loại: Trắc nghiệm triết học; Phần: ; Câu 478: Trường phái triết học nào đồng nhất ý thức với một dạng vật chất? A. Chủ nghĩa duy vật biện chứng. B. Chủ nghĩa duy vật tầm thường. C. Chủ nghĩa duy tâm. D.  Đáp án đúng: B. Giải thích:
mcq_triet_479,479,Trường phái triết học nào cho ý thức không phải là chức năng của não.,Chủ nghĩa duy vật biện chứng.,Chủ nghĩa duy tâm khách quan.,Chủ nghĩa duy vật siêu hình thế kỷ XVII - XVIII.,,B,,,Loại: Trắc nghiệm triết học; Phần: ; Câu 479: Trường phái triết học nào cho ý thức không phải là chức năng của não. A. Chủ nghĩa duy vật biện chứng. B. Chủ nghĩa duy tâm khách quan. C. Chủ nghĩa duy vật siêu hình thế kỷ XVII - XVIII. D.  Đáp án đúng: B. Giải thích:
mcq_triet_480,480,Trường phái triết học nào cho quá trình ý thức không tách rời đồng thời không đồng nhất với quá trình sinh lý thần kinh của não người?,Chủ nghĩa duy vật biện chứng.,Chủ nghĩa duy vật siêu hình,Chủ nghĩa duy tâm chủ quan.,,A,,,Loại: Trắc nghiệm triết học; Phần: ; Câu 480: Trường phái triết học nào cho quá trình ý thức không tách rời đồng thời không đồng nhất với quá trình sinh lý thần kinh của não người? A. Chủ nghĩa duy vật biện chứng. B. Chủ nghĩa duy vật siêu hình C. Chủ nghĩa duy tâm chủ quan. D.  Đáp án đúng: A. Giải thích:
mcq_triet_481,481,Đâu là quan niệm của chủ nghĩa duy vật biện chứng về nguồn gốc tự nhiên của ý thức?,Ý thức tồn tại trên cơ sở quá trình sinh lý của não người.,Ý thức không đồng nhất với quá trình sinh lý của não người.,Ý thức đồng nhất với quá trình sinh lý của não người.,Gồm A và B.,D,,,Loại: Trắc nghiệm triết học; Phần: ; Câu 481: Đâu là quan niệm của chủ nghĩa duy vật biện chứng về nguồn gốc tự nhiên của ý thức? A. Ý thức tồn tại trên cơ sở quá trình sinh lý của não người. B. Ý thức không đồng nhất với quá trình sinh lý của não người. C. Ý thức đồng nhất với quá trình sinh lý của não người. D. Gồm A và B. Đáp án đúng: D. Giải thích:
mcq_triet_482,482,"Theo quan điểm của chủ nghĩa duy vật biện chứng thiếu sự tác động của thế giới khách quan vào não người, có hình thành và phát triển được ý thức không?",Không 96 B. Có thể hình thành được,,"Vừa có thể, vừa không thể",,A,,,"Loại: Trắc nghiệm triết học; Phần: ; Câu 482: Theo quan điểm của chủ nghĩa duy vật biện chứng thiếu sự tác động của thế giới khách quan vào não người, có hình thành và phát triển được ý thức không? A. Không 96 B. Có thể hình thành được B.  C. Vừa có thể, vừa không thể D.  Đáp án đúng: A. Giải thích:"
mcq_triet_483,483,Luận điểm nào sau đây là của chủ nghĩa duy vật biện chứng về nguồn gốc của ý thức,"Có não người, có sự tác động của thế giới vào não người là có sự hình thành và phát triển ý thức.",Không cần sự tác động của thế giới vật chất vào não người vẫn hình thành được ý thức.,"Có não người, có sự tác động của thế giới bên ngoài vẫn chưa đủ điều kiện để hình thành và phát triển ý thức.",,C,,,"Loại: Trắc nghiệm triết học; Phần: ; Câu 483: Luận điểm nào sau đây là của chủ nghĩa duy vật biện chứng về nguồn gốc của ý thức A. Có não người, có sự tác động của thế giới vào não người là có sự hình thành và phát triển ý thức. B. Không cần sự tác động của thế giới vật chất vào não người vẫn hình thành được ý thức. C. Có não người, có sự tác động của thế giới bên ngoài vẫn chưa đủ điều kiện để hình thành và phát triển ý thức. D.  Đáp án đúng: C. Giải thích:"
mcq_triet_484,484,Theo quan điểm của chủ nghĩa duy vật biện chứng ở động vật bậc cao có thể đạt đến hình thức phản ánh nào?,Phản ánh ý thức.,Phản ánh tâm lý động vật.,Tính kích thích.,,B,,,Loại: Trắc nghiệm triết học; Phần: ; Câu 484: Theo quan điểm của chủ nghĩa duy vật biện chứng ở động vật bậc cao có thể đạt đến hình thức phản ánh nào? A. Phản ánh ý thức. B. Phản ánh tâm lý động vật. C. Tính kích thích. D.  Đáp án đúng: B. Giải thích:
mcq_triet_485,485,Điều khẳng định nào sau đây là sai?,Chủ nghĩa duy vật biện chứng cho rằng động vật bậc cao chưa có ý thức.,Chủ nghĩa duy vật biện chứng cho rằng động vật bậc cao cũng có ý thức.,Chủ nghĩa duy vật biện chứng cho rằng chỉ có con người mới có ý thức,Chủ nghĩa duy vật đều cho ý thức là sự phản ánh hiện thực khách quan vào óc con người.,B,,,Loại: Trắc nghiệm triết học; Phần: ; Câu 485: Điều khẳng định nào sau đây là sai? A. Chủ nghĩa duy vật biện chứng cho rằng động vật bậc cao chưa có ý thức. B. Chủ nghĩa duy vật biện chứng cho rằng động vật bậc cao cũng có ý thức. C. Chủ nghĩa duy vật biện chứng cho rằng chỉ có con người mới có ý thức D. Chủ nghĩa duy vật đều cho ý thức là sự phản ánh hiện thực khách quan vào óc con người. Đáp án đúng: B. Giải thích:
mcq_triet_486,486,Hình thức phản ánh đặc trưng của của thế giới vô cơ là gì?,Phản ánh vật lý hoá học.,Phản ánh sinh học.,Phản ánh ý thức.,,A,,,Loại: Trắc nghiệm triết học; Phần: ; Câu 486: Hình thức phản ánh đặc trưng của của thế giới vô cơ là gì? A. Phản ánh vật lý hoá học. B. Phản ánh sinh học. C. Phản ánh ý thức. D.  Đáp án đúng: A. Giải thích:
mcq_triet_487,487,Hình thức phản ánh đặc trưng của thế giới thực vật và động vật chưa có hệ thần kinh là gì?,"Phản ánh vật lý, hoá học.",Tính kích thích.,Tính cảm ứng 97 D. Tâm lý động vật.,,B,,,"Loại: Trắc nghiệm triết học; Phần: ; Câu 487: Hình thức phản ánh đặc trưng của thế giới thực vật và động vật chưa có hệ thần kinh là gì? A. Phản ánh vật lý, hoá học. B. Tính kích thích. C. Tính cảm ứng 97 D. Tâm lý động vật. D.  Đáp án đúng: B. Giải thích:"
mcq_triet_488,488,Hình thức phản ánh đặc trưng của động vật có hệ thần kinh là gì?,Tính kích thích.,Tâm lý động vật.,Tính cảm ứng.,Các phản xạ.,D,,,Loại: Trắc nghiệm triết học; Phần: ; Câu 488: Hình thức phản ánh đặc trưng của động vật có hệ thần kinh là gì? A. Tính kích thích. B. Tâm lý động vật. C. Tính cảm ứng. D. Các phản xạ. Đáp án đúng: D. Giải thích:
mcq_triet_489,489,Đâu là quan điểm của chủ nghĩa duy vật biện chứng vê nguồn gốc của ý thức?,Ý thức ra đời là kết quả quá trình phát triển lâu dài thuộc tính phản ánh của thế giới vật chất.,Ý thức ra đời là kết quả sự tác động lẫn nhau giữa các sự vật vật chất.,Ý thức ra đời là kết quả quá trình tiến hoá của hệ thần kinh.,,A,,,Loại: Trắc nghiệm triết học; Phần: ; Câu 489: Đâu là quan điểm của chủ nghĩa duy vật biện chứng vê nguồn gốc của ý thức? A. Ý thức ra đời là kết quả quá trình phát triển lâu dài thuộc tính phản ánh của thế giới vật chất. B. Ý thức ra đời là kết quả sự tác động lẫn nhau giữa các sự vật vật chất. C. Ý thức ra đời là kết quả quá trình tiến hoá của hệ thần kinh. D.  Đáp án đúng: A. Giải thích:
mcq_triet_490,490,Theo quan điểm của chủ nghĩa duy vật biện chứng nguồn gốc tự nhiên của ý thức gồm những yếu tố nào?,Bộ óc con người.,Thế giới bên ngoài tác động vào bộ óc.,Lao động của con người,Gồm a và b.,D,,,Loại: Trắc nghiệm triết học; Phần: ; Câu 490: Theo quan điểm của chủ nghĩa duy vật biện chứng nguồn gốc tự nhiên của ý thức gồm những yếu tố nào? A. Bộ óc con người. B. Thế giới bên ngoài tác động vào bộ óc. C. Lao động của con người D. Gồm a và b. Đáp án đúng: D. Giải thích:
mcq_triet_491,491,Theo quan điểm của chủ nghĩa duy vật biện chứng điều kiện cần và đủ cho s ự ra đ ời và phát tri ển ý th ức là nh ững đi ều ki ện nào?,Bộ óc con người và thế giới bên ngoài tác động vào bộ óc người,Lao động của con người và ngôn ngữ.,"Gồm cả a, và b.",,C,,,"Loại: Trắc nghiệm triết học; Phần: ; Câu 491: Theo quan điểm của chủ nghĩa duy vật biện chứng điều kiện cần và đủ cho s ự ra đ ời và phát tri ển ý th ức là nh ững đi ều ki ện nào? A. Bộ óc con người và thế giới bên ngoài tác động vào bộ óc người B. Lao động của con người và ngôn ngữ. C. Gồm cả a, và b. D.  Đáp án đúng: C. Giải thích:"
mcq_triet_492,492,Nguồn gốc xã hội của ý thức là yếu tố nào?,Bộ óc con người.,Sự tác động của thế giới bên ngoài vào bộ óc con người.,Lao động và ngôn ngữ của con người.,,C,,,Loại: Trắc nghiệm triết học; Phần: ; Câu 492: Nguồn gốc xã hội của ý thức là yếu tố nào? A. Bộ óc con người. B. Sự tác động của thế giới bên ngoài vào bộ óc con người. C. Lao động và ngôn ngữ của con người. D.  Đáp án đúng: C. Giải thích:
mcq_triet_493,493,Nguồn gốc xã hội cho sự ra đời của ý thức là yếu tố nào? 98 A. Bộ não người. B. Thế giới vật chất bên ngoài tác động vào bộ não. C. Lao động và ngôn ngữ. Đáp án: C là đáp án đúng Câu 494: Yếu tố đầu tiên đảm bảo cho sự tồn tại của con người là gì?,Làm khoa học.,Lao động.,Sáng tạo nghệ thuật.,Làm chính trị.,C,,,Loại: Trắc nghiệm triết học; Phần: ; Câu 493: Nguồn gốc xã hội cho sự ra đời của ý thức là yếu tố nào? 98 A. Bộ não người. B. Thế giới vật chất bên ngoài tác động vào bộ não. C. Lao động và ngôn ngữ. Đáp án: C là đáp án đúng Câu 494: Yếu tố đầu tiên đảm bảo cho sự tồn tại của con người là gì? A. Làm khoa học. B. Lao động. C. Sáng tạo nghệ thuật. D. Làm chính trị. Đáp án đúng: C. Giải thích:
mcq_triet_495,495,Nhân tố nào làm con người tách khỏi thế giới động vật?,Hoạt động sinh sản duy trì nòi giống.,Lao động.,Hoạt động tư duy phê phán.,,B,,,Loại: Trắc nghiệm triết học; Phần: ; Câu 495: Nhân tố nào làm con người tách khỏi thế giới động vật? A. Hoạt động sinh sản duy trì nòi giống. B. Lao động. C. Hoạt động tư duy phê phán. D.  Đáp án đúng: B. Giải thích:
mcq_triet_496,496,"Theo quan điểm của chủ nghĩa duy vật biện chứng, quá trình hình thành ý thức là quá trình nào?",Tiếp thu sự tác động của thế giới bên ngoài.,Sáng tạo thuần tuý trong tư duy con người.,Hoạt động chủ động cải tạo thế giới và phản ánh sáng tạo thế giới.,,C,,,"Loại: Trắc nghiệm triết học; Phần: ; Câu 496: Theo quan điểm của chủ nghĩa duy vật biện chứng, quá trình hình thành ý thức là quá trình nào? A. Tiếp thu sự tác động của thế giới bên ngoài. B. Sáng tạo thuần tuý trong tư duy con người. C. Hoạt động chủ động cải tạo thế giới và phản ánh sáng tạo thế giới. D.  Đáp án đúng: C. Giải thích:"
mcq_triet_497,497,Để phản ánh khái quát hiện thực khách quan và trao đổi tư tưởng con người cần có cái gì?,Cộng cụ lao động.,Ngôn ngữ.,Cơ qian cảm giác.,,B,,,Loại: Trắc nghiệm triết học; Phần: ; Câu 497: Để phản ánh khái quát hiện thực khách quan và trao đổi tư tưởng con người cần có cái gì? A. Cộng cụ lao động. B. Ngôn ngữ. C. Cơ qian cảm giác. D.  Đáp án đúng: B. Giải thích:
mcq_triet_498,498,"Theo quan điểm của chủ nghĩa duy vật biện chứng, nguồn gốc trực tiếp và quan trọng nhất quyết định sự ra đời và phát triển của ý thức là gì?",Sự tác động của tự nhiên vào bộ óc con người,"Lao động, thực tiễn xã hội.",Bộ não người và hoạt động của nó. 99 Đáp án: B là đáp án đúng,,,,,"Loại: Trắc nghiệm triết học; Phần: ; Câu 498: Theo quan điểm của chủ nghĩa duy vật biện chứng, nguồn gốc trực tiếp và quan trọng nhất quyết định sự ra đời và phát triển của ý thức là gì? A. Sự tác động của tự nhiên vào bộ óc con người B. Lao động, thực tiễn xã hội. C. Bộ não người và hoạt động của nó. 99 Đáp án: B là đáp án đúng D.  Đáp án đúng: . Giải thích:"
mcq_triet_499,499,"Quan điểm sau đây thuộc lập trường triết học nào: ý thức là thực thể độc lập, là thực tại duy nhất.",Chủ nghĩa duy tâm.,Chủ nghĩa duy vật siêu hình.,Chủ nghĩa duy vật biện chứng,,A,,,"Loại: Trắc nghiệm triết học; Phần: ; Câu 499: Quan điểm sau đây thuộc lập trường triết học nào: ý thức là thực thể độc lập, là thực tại duy nhất. A. Chủ nghĩa duy tâm. B. Chủ nghĩa duy vật siêu hình. C. Chủ nghĩa duy vật biện chứng D.  Đáp án đúng: A. Giải thích:"
mcq_triet_500,500,Đâu là quan điểm của chủ nghĩa duy vật biện chứng về bản chất của ý thức?,Ý thức là thực thể độc lập.,Ý thức là sự phản ánh hiện thực khách quan vào bộ óc con người.,Ý thức là sự phản ánh sáng tạo hiện thực khách quan vào bộ óc con người.,Ý thức là năng lực của mọi dạng vật chất.,C,,,Loại: Trắc nghiệm triết học; Phần: ; Câu 500: Đâu là quan điểm của chủ nghĩa duy vật biện chứng về bản chất của ý thức? A. Ý thức là thực thể độc lập. B. Ý thức là sự phản ánh hiện thực khách quan vào bộ óc con người. C. Ý thức là sự phản ánh sáng tạo hiện thực khách quan vào bộ óc con người. D. Ý thức là năng lực của mọi dạng vật chất. Đáp án đúng: C. Giải thích:
mcq_triet_501,501,Đâu là quan điểm của chủ nghĩa duy vật biện chứng về bản chất của ý thức?,Ý thức là hình ảnh chủ quan của thế giới khách quan.,Ý thức là hình ảnh phản chiếu về thế giới khách quan.,Ý thức là tượng trưng của sự vật.,,A,,,Loại: Trắc nghiệm triết học; Phần: ; Câu 501: Đâu là quan điểm của chủ nghĩa duy vật biện chứng về bản chất của ý thức? A. Ý thức là hình ảnh chủ quan của thế giới khách quan. B. Ý thức là hình ảnh phản chiếu về thế giới khách quan. C. Ý thức là tượng trưng của sự vật. D.  Đáp án đúng: A. Giải thích:
mcq_triet_502,502,Sự khác nhau cơ bản giữa phản ánh ý thức và các hình thức phản ánh khác của thế giới vật chất là ở chỗ nào?,Tính đúng đắn trung thực với vật phản ánh.,Tính sáng tạo năng động.,Tính bị quy định bởi vật phản ánh.,,B,,,Loại: Trắc nghiệm triết học; Phần: ; Câu 502: Sự khác nhau cơ bản giữa phản ánh ý thức và các hình thức phản ánh khác của thế giới vật chất là ở chỗ nào? A. Tính đúng đắn trung thực với vật phản ánh. B. Tính sáng tạo năng động. C. Tính bị quy định bởi vật phản ánh. D.  Đáp án đúng: B. Giải thích:
mcq_triet_503,503,Quan niệm của chủ nghĩa duy vật biện chứng về tính sáng tạo của ý thức là thế nào?,Ý thức tạo ra vật chất.,Ý thức tạo ra sự vật trong hiện thực.,Ý thức tạo ra hình ảnh mới về sự vật trong tư duy.,,C,,,Loại: Trắc nghiệm triết học; Phần: ; Câu 503: Quan niệm của chủ nghĩa duy vật biện chứng về tính sáng tạo của ý thức là thế nào? A. Ý thức tạo ra vật chất. B. Ý thức tạo ra sự vật trong hiện thực. C. Ý thức tạo ra hình ảnh mới về sự vật trong tư duy. D.  Đáp án đúng: C. Giải thích:
mcq_triet_504,504,"Theo quan niệm của chủ nghiã duy vật biện chứng, trong kết cấu của ý thức yếu tố nào là cơ bản và cốt lõi nhất? 100 A. Tri thức. B. Niềm tin, ý chí. C. Tình cảm. Đáp án: A là đáp án đúng Câu 505: Kết cấu theo chiều dọc (chiều sâu) của ý thức gồm những yếu tố nào?",Tự ý thức; tiềm thức; vô thức.,Tri thức; niềm tin; ý chí.,"Cảm giác, khái niệm; phán đoán",,A,,,"Loại: Trắc nghiệm triết học; Phần: ; Câu 504: Theo quan niệm của chủ nghiã duy vật biện chứng, trong kết cấu của ý thức yếu tố nào là cơ bản và cốt lõi nhất? 100 A. Tri thức. B. Niềm tin, ý chí. C. Tình cảm. Đáp án: A là đáp án đúng Câu 505: Kết cấu theo chiều dọc (chiều sâu) của ý thức gồm những yếu tố nào? A. Tự ý thức; tiềm thức; vô thức. B. Tri thức; niềm tin; ý chí. C. Cảm giác, khái niệm; phán đoán D.  Đáp án đúng: A. Giải thích:"
mcq_triet_506,506,Đâu là quan điểm của chủ nghĩa duy vật biện chứng về mối quan hệ giữa vật chất và ý thức?,Ý thức do vật chất quyết định.,Ý thức tác động đến vật chất.,"Ý thức do vật chất quyết định, nhưng có tính độc lập tương đối và tác động đến vật chất thông qua hoạt động thực tiễn.",,C,,,"Loại: Trắc nghiệm triết học; Phần: ; Câu 506: Đâu là quan điểm của chủ nghĩa duy vật biện chứng về mối quan hệ giữa vật chất và ý thức? A. Ý thức do vật chất quyết định. B. Ý thức tác động đến vật chất. C. Ý thức do vật chất quyết định, nhưng có tính độc lập tương đối và tác động đến vật chất thông qua hoạt động thực tiễn. D.  Đáp án đúng: C. Giải thích:"
mcq_triet_507,507,Theo quan điểm của chủ nghĩa duy vật biện chứng ý thức tác động đến đời sống hiện thực như thế nào?,Ý thức tự nó có thể làm thay đổi được hiện thực.,Ý thức tác động đến hiện thực thông qua hoạt động thực tiễn.,Ý thức tác động đến hiện thực thông qua hoạt động lý luận.,,B,,,Loại: Trắc nghiệm triết học; Phần: ; Câu 507: Theo quan điểm của chủ nghĩa duy vật biện chứng ý thức tác động đến đời sống hiện thực như thế nào? A. Ý thức tự nó có thể làm thay đổi được hiện thực. B. Ý thức tác động đến hiện thực thông qua hoạt động thực tiễn. C. Ý thức tác động đến hiện thực thông qua hoạt động lý luận. D.  Đáp án đúng: B. Giải thích:
mcq_triet_508,508,"Quan điểm sau đây thuộc lập trường triết học nào: Nhận thức sự vật và hoạt động thực tiễn chỉ dựa vào những nguyên lý chung, không xuất phát từ bản thân sự vật?",Chủ nghĩa kinh nghiệm.,Chủ nghĩa duy tâm kinh viện.,Chủ nghĩa duy vật biện chứng,,B,,,"Loại: Trắc nghiệm triết học; Phần: ; Câu 508: Quan điểm sau đây thuộc lập trường triết học nào: Nhận thức sự vật và hoạt động thực tiễn chỉ dựa vào những nguyên lý chung, không xuất phát từ bản thân sự vật? A. Chủ nghĩa kinh nghiệm. B. Chủ nghĩa duy tâm kinh viện. C. Chủ nghĩa duy vật biện chứng D.  Đáp án đúng: B. Giải thích:"
mcq_triet_509,509,Hoạt động chỉ dựa theo ý muốn chủ quan không dựa vào thực tiễn là lập trường triết học nào?,Chủ nghĩa duy vật biện chứng.,Chủ nghĩa duy tâm. 101 C. Chủ nghĩa duy vật siêu hình.,,,B,,,Loại: Trắc nghiệm triết học; Phần: ; Câu 509: Hoạt động chỉ dựa theo ý muốn chủ quan không dựa vào thực tiễn là lập trường triết học nào? A. Chủ nghĩa duy vật biện chứng. B. Chủ nghĩa duy tâm. 101 C. Chủ nghĩa duy vật siêu hình. C.  D.  Đáp án đúng: B. Giải thích:
mcq_triet_510,510,"Quan điểm sau đây thuộc lập trường triết học nào: Trong nhận thức và hoạt động thực tiễn phải lấy hiện thực khách quan làm căn cứ, không được lấy mong muốn chủ quan làm căn cứ.",Chủ nghĩa duy vật biện chứng.,Chủ nghĩa duy tâm.,Chủ nghĩa duy vật siêu hình.,,A,,,"Loại: Trắc nghiệm triết học; Phần: ; Câu 510: Quan điểm sau đây thuộc lập trường triết học nào: Trong nhận thức và hoạt động thực tiễn phải lấy hiện thực khách quan làm căn cứ, không được lấy mong muốn chủ quan làm căn cứ. A. Chủ nghĩa duy vật biện chứng. B. Chủ nghĩa duy tâm. C. Chủ nghĩa duy vật siêu hình. D.  Đáp án đúng: A. Giải thích:"
mcq_triet_511,511,Phép biện chứng duy vật có mấy nguyên lý cơ bản?,Một nguyên lý cơ bản,Hai nguyên lý cơ bản.,Ba nguyên lý cơ bản.,,B,,,Loại: Trắc nghiệm triết học; Phần: ; Câu 511: Phép biện chứng duy vật có mấy nguyên lý cơ bản? A. Một nguyên lý cơ bản B. Hai nguyên lý cơ bản. C. Ba nguyên lý cơ bản. D.  Đáp án đúng: B. Giải thích:
mcq_triet_512,512,Nguyên lý cơ bản của phép biện chứng duy vật là nguyên lý nào?,Nguyên lý về sự tồn tại khách quan của vật chất.,Nguyên lý về sự vận động và đứng im của các sự vật.,Nguyên lý về mối liên hệ phổ biến và về sự phát triển.,Nguyên lý về tính liên tục và tính gián đoạn của thế giới vật chất.,C,,,Loại: Trắc nghiệm triết học; Phần: ; Câu 512: Nguyên lý cơ bản của phép biện chứng duy vật là nguyên lý nào? A. Nguyên lý về sự tồn tại khách quan của vật chất. B. Nguyên lý về sự vận động và đứng im của các sự vật. C. Nguyên lý về mối liên hệ phổ biến và về sự phát triển. D. Nguyên lý về tính liên tục và tính gián đoạn của thế giới vật chất. Đáp án đúng: C. Giải thích:
mcq_triet_513,513,Quan điểm siêu hình trả lời câu hỏi sau đây như thế nào: Các sự vật trong thế giới có liên hệ với nhau không?,"Các sự vật tồn tại biệt lập với nhau, không liên hệ, phụ thuộc nhau.","Các sự vật có thể có liên hệ với nhau, nhưng chỉ mang tính chất ngẫu nhiên, bề ngoài.",Các sự vật tồn tại trong sự liên hệ nhau.,Gồm a và b.,D,,,"Loại: Trắc nghiệm triết học; Phần: ; Câu 513: Quan điểm siêu hình trả lời câu hỏi sau đây như thế nào: Các sự vật trong thế giới có liên hệ với nhau không? A. Các sự vật tồn tại biệt lập với nhau, không liên hệ, phụ thuộc nhau. B. Các sự vật có thể có liên hệ với nhau, nhưng chỉ mang tính chất ngẫu nhiên, bề ngoài. C. Các sự vật tồn tại trong sự liên hệ nhau. D. Gồm a và b. Đáp án đúng: D. Giải thích:"
mcq_triet_514,514,Quan điểm của chủ nghĩa duy vật biện chứng trả lời câu hỏi sau đây như thế nào: Các sự vật trong thế giới có liên hệ với nhau không?,Các sự vật hoàn toàn biệt lập nhau.,"Các sự vật liên hệ nhau chỉ mang tính chất ngẫu nhiên. 102 C. Các sự vật vừa khác nhau, vừa liên hệ, ràng buộc nhau một cách khách quan và tất yếu.",,,C,,,"Loại: Trắc nghiệm triết học; Phần: ; Câu 514: Quan điểm của chủ nghĩa duy vật biện chứng trả lời câu hỏi sau đây như thế nào: Các sự vật trong thế giới có liên hệ với nhau không? A. Các sự vật hoàn toàn biệt lập nhau. B. Các sự vật liên hệ nhau chỉ mang tính chất ngẫu nhiên. 102 C. Các sự vật vừa khác nhau, vừa liên hệ, ràng buộc nhau một cách khách quan và tất yếu. C.  D.  Đáp án đúng: C. Giải thích:"
mcq_triet_515,515,Theo quan điểm của chủ nghĩa duy tâm chủ quan mối liên hệ giữa các sự vật do cái gì quyết định?,Do lực lượng siêu tự nhiên (thượng đế) quyết định.,Do bản tính của thế giới vật chất.,Do cảm giác của con người quyết định.,,C,,,Loại: Trắc nghiệm triết học; Phần: ; Câu 515: Theo quan điểm của chủ nghĩa duy tâm chủ quan mối liên hệ giữa các sự vật do cái gì quyết định? A. Do lực lượng siêu tự nhiên (thượng đế) quyết định. B. Do bản tính của thế giới vật chất. C. Do cảm giác của con người quyết định. D.  Đáp án đúng: C. Giải thích:
mcq_triet_516,516,"Theo quan điểm của chủ nghĩa duy tâm khách quan, mối quan hệ giữa các sự vật do cái gì quyết định?","Do lực lượng siêu nhiên (thượng đế, ý niệm tuyệt đối) quyết định.","Do cảm giác, thói quen con người quyết định.",Do bản tính của thế giới vật chất.,,A,,,"Loại: Trắc nghiệm triết học; Phần: ; Câu 516: Theo quan điểm của chủ nghĩa duy tâm khách quan, mối quan hệ giữa các sự vật do cái gì quyết định? A. Do lực lượng siêu nhiên (thượng đế, ý niệm tuyệt đối) quyết định. B. Do cảm giác, thói quen con người quyết định. C. Do bản tính của thế giới vật chất. D.  Đáp án đúng: A. Giải thích:"
mcq_triet_517,517,"Điền cụm từ thích hợp vào chỗ trống trong câu sau để được định nghĩa khái niệm về ""liên hệ"": Liên hệ là phạm trù triết học chỉ ................................ ................... giữa các sự vật, hiện tượng hay giữa các mặt của một hiện tượng trong thế giới.",Sự di chuyển.,"Những thuộc tính, những đặc điểm","Sự quy định, sự tác động qua lại, sự chuyển hoá lẫn nhau.",,C,,,"Loại: Trắc nghiệm triết học; Phần: ; Câu 517: Điền cụm từ thích hợp vào chỗ trống trong câu sau để được định nghĩa khái niệm về ""liên hệ"": Liên hệ là phạm trù triết học chỉ ................................ ................... giữa các sự vật, hiện tượng hay giữa các mặt của một hiện tượng trong thế giới. A. Sự di chuyển. B. Những thuộc tính, những đặc điểm C. Sự quy định, sự tác động qua lại, sự chuyển hoá lẫn nhau. D.  Đáp án đúng: C. Giải thích:"
mcq_triet_518,518,Quan điểm của chủ nghĩa duy vật biện chứng về nguồn gốc mối liên hệ giữa các sự vật và hiện tượng là từ đâu?,"Do lực lượng siêu nhiên (thượng đế, ý niệm) sinh ra.",Do tính thống nhất vật chất của thế giới.,Do cảm giác thói quen của con người tạo ra.,Do tư duy con người tạo ra rồi đưa vào tự nhiên và xã hội.,B,,,"Loại: Trắc nghiệm triết học; Phần: ; Câu 518: Quan điểm của chủ nghĩa duy vật biện chứng về nguồn gốc mối liên hệ giữa các sự vật và hiện tượng là từ đâu? A. Do lực lượng siêu nhiên (thượng đế, ý niệm) sinh ra. B. Do tính thống nhất vật chất của thế giới. C. Do cảm giác thói quen của con người tạo ra. D. Do tư duy con người tạo ra rồi đưa vào tự nhiên và xã hội. Đáp án đúng: B. Giải thích:"
mcq_triet_519,519,Theo quan điểm của chủ nghĩa duy vật biện chứng mối liên hệ giữa các sự vật có tính chất gì?,"Tính ngẫu nhiên, chủ quan.","Tính khách quan, tính phổ biến, tính đa dạng. 103 C. Tính khách quan, nhưng không có tính phổ biến và đa dạng.",,,B,,,"Loại: Trắc nghiệm triết học; Phần: ; Câu 519: Theo quan điểm của chủ nghĩa duy vật biện chứng mối liên hệ giữa các sự vật có tính chất gì? A. Tính ngẫu nhiên, chủ quan. B. Tính khách quan, tính phổ biến, tính đa dạng. 103 C. Tính khách quan, nhưng không có tính phổ biến và đa dạng. C.  D.  Đáp án đúng: B. Giải thích:"
mcq_triet_520,520,Theo quan điểm của chủ nghĩa duy vật biện chứng một sự vật trong quá trình tồn tại và phát triển có một hay nhiều mối liên hệ.,Có một mối liên hệ,Có một số hữu hạn mối liên hệ,Có vô vàn các mối liên hệ.,,C,,,Loại: Trắc nghiệm triết học; Phần: ; Câu 520: Theo quan điểm của chủ nghĩa duy vật biện chứng một sự vật trong quá trình tồn tại và phát triển có một hay nhiều mối liên hệ. A. Có một mối liên hệ B. Có một số hữu hạn mối liên hệ C. Có vô vàn các mối liên hệ. D.  Đáp án đúng: C. Giải thích:
mcq_triet_521,521,Theo quan niệm của chủ nghĩa duy vật biện chứng các mối liên hệ có vai trò như thế nào đối với sự tồn tại và phát triển của sự vật?,Có vai trò ngang bằng nhau.,"Có vai trò khác nhau, nên chỉ cần biết một số mối liên hệ.","Có vai trò khác nhau, cần phải xem xét mọi mối liên hệ.",,C,,,"Loại: Trắc nghiệm triết học; Phần: ; Câu 521: Theo quan niệm của chủ nghĩa duy vật biện chứng các mối liên hệ có vai trò như thế nào đối với sự tồn tại và phát triển của sự vật? A. Có vai trò ngang bằng nhau. B. Có vai trò khác nhau, nên chỉ cần biết một số mối liên hệ. C. Có vai trò khác nhau, cần phải xem xét mọi mối liên hệ. D.  Đáp án đúng: C. Giải thích:"
mcq_triet_522,522,"Quan điểm nào cho rằng mối liên hệ giữa các sự vật, hiện tượng trong thế giới là biểu hiện của mối liên hệ giữa các ý niệm?",Chủ nghĩa duy vật siêu hình.,Chủ nghĩa duy vật biện chứng.,Chủ nghĩa duy tâm khách quan,Chủ nghĩa duy tâm chủ quan.,C,,,"Loại: Trắc nghiệm triết học; Phần: ; Câu 522: Quan điểm nào cho rằng mối liên hệ giữa các sự vật, hiện tượng trong thế giới là biểu hiện của mối liên hệ giữa các ý niệm? A. Chủ nghĩa duy vật siêu hình. B. Chủ nghĩa duy vật biện chứng. C. Chủ nghĩa duy tâm khách quan D. Chủ nghĩa duy tâm chủ quan. Đáp án đúng: C. Giải thích:"
mcq_triet_523,523,Đòi hỏi của quan điểm toàn diện như thế nào?,Chỉ xem xét một mối liên hệ.,Phải xem xét tất cả các mối liên hệ của sự vật.,"Phải xem xét tất cả các mối liên hệ đồng thời phân loại được vị trí, vai trò của các mối liên hệ.",,C,,,"Loại: Trắc nghiệm triết học; Phần: ; Câu 523: Đòi hỏi của quan điểm toàn diện như thế nào? A. Chỉ xem xét một mối liên hệ. B. Phải xem xét tất cả các mối liên hệ của sự vật. C. Phải xem xét tất cả các mối liên hệ đồng thời phân loại được vị trí, vai trò của các mối liên hệ. D.  Đáp án đúng: C. Giải thích:"
mcq_triet_524,524,Cơ sở lý luận của quan điểm toàn diện là nguyên lý nào?,Nguyên lý về sự phát triển.,Nguyên lý về mối liên hệ phổ biến.,Nguyên lý về sự tồn tại khách quan của thế giới vật chất.,,B,,,Loại: Trắc nghiệm triết học; Phần: ; Câu 524: Cơ sở lý luận của quan điểm toàn diện là nguyên lý nào? A. Nguyên lý về sự phát triển. B. Nguyên lý về mối liên hệ phổ biến. C. Nguyên lý về sự tồn tại khách quan của thế giới vật chất. D.  Đáp án đúng: B. Giải thích:
mcq_triet_525,525,"Trong những luận điểm sau đây, đâu là luận điểm của quan điểm siêu hình về sự phát 104 triển?","Xem xét sự phát triển chỉ là sự tăng, hay giảm đơn thuần về lượng.",Xem sự phát triển bao hàm cả sự thay đổi dần về lượng và sự nhảy vọt về chất.,Xem sự phát triển đi lên bao hàm cả sự thụt lùi tạm thời.,,A,,,"Loại: Trắc nghiệm triết học; Phần: ; Câu 525: Trong những luận điểm sau đây, đâu là luận điểm của quan điểm siêu hình về sự phát 104 triển? A. Xem xét sự phát triển chỉ là sự tăng, hay giảm đơn thuần về lượng. B. Xem sự phát triển bao hàm cả sự thay đổi dần về lượng và sự nhảy vọt về chất. C. Xem sự phát triển đi lên bao hàm cả sự thụt lùi tạm thời. D.  Đáp án đúng: A. Giải thích:"
mcq_triet_526,526,"Trong các quan điểm sau đây, đâu là quan điểm siêu hình về sự phát triển?","Xem xét sự phát triển như một quá trình tiến lên liên tục, không có bước quanh co, thụt lùi, đứt đoạn.","Xem xét sự phát triển là một quá trình tiến từ thấp lên cao. từ đơn giản đến phức tạp. bao hàm cả sự tụt lùi, đứt đoạn.",Xem xét sự phát triển như là quá trình đi lên bao hàm cả sự lặp lại cái cũ trên cơ sở mới.,,A,,,"Loại: Trắc nghiệm triết học; Phần: ; Câu 526: Trong các quan điểm sau đây, đâu là quan điểm siêu hình về sự phát triển? A. Xem xét sự phát triển như một quá trình tiến lên liên tục, không có bước quanh co, thụt lùi, đứt đoạn. B. Xem xét sự phát triển là một quá trình tiến từ thấp lên cao. từ đơn giản đến phức tạp. bao hàm cả sự tụt lùi, đứt đoạn. C. Xem xét sự phát triển như là quá trình đi lên bao hàm cả sự lặp lại cái cũ trên cơ sở mới. D.  Đáp án đúng: A. Giải thích:"
mcq_triet_527,527,"Trong các quan điểm sau đây, đâu là quan điểm siêu hình về sự phát triển?",Chất của sự vật không thay đổi gì trong quá trình tồn tại và phát triển của chúng.,Phát triển là sự chuyển hoá từ những thay đổi về lượng thành sự thay đổi về chất.,Phát triển bao hàm sự nảy sinh chất mới và sự phá vỡ chất cũ.,,A,,,"Loại: Trắc nghiệm triết học; Phần: ; Câu 527: Trong các quan điểm sau đây, đâu là quan điểm siêu hình về sự phát triển? A. Chất của sự vật không thay đổi gì trong quá trình tồn tại và phát triển của chúng. B. Phát triển là sự chuyển hoá từ những thay đổi về lượng thành sự thay đổi về chất. C. Phát triển bao hàm sự nảy sinh chất mới và sự phá vỡ chất cũ. D.  Đáp án đúng: A. Giải thích:"
mcq_triet_528,528,"Luận điểm sau đây về sự phát triển thuộc lập trường triết học nào: ""Phát triển diễn ra theo con đường tròn khép kín, là sự lặp lại đơn thuần cái cũ"".",Quan điểm biện chứng duy vật.,Quan điểm siêu hình.,Quan điểm biện chứng duy tâm.,,B,,,"Loại: Trắc nghiệm triết học; Phần: ; Câu 528: Luận điểm sau đây về sự phát triển thuộc lập trường triết học nào: ""Phát triển diễn ra theo con đường tròn khép kín, là sự lặp lại đơn thuần cái cũ"". A. Quan điểm biện chứng duy vật. B. Quan điểm siêu hình. C. Quan điểm biện chứng duy tâm. D.  Đáp án đúng: B. Giải thích:"
mcq_triet_529,529,"Luận điểm sau đây thuộc lập trường triết học nào: ""Phát triển chỉ là những bước nhảy về chất, không có sự thay đổi về lượng"".",Triết học duy vật biện chứng.,Triết học duy vật siêu hình.,Triết học biện chứng duy tâm.,,B,,,"Loại: Trắc nghiệm triết học; Phần: ; Câu 529: Luận điểm sau đây thuộc lập trường triết học nào: ""Phát triển chỉ là những bước nhảy về chất, không có sự thay đổi về lượng"". A. Triết học duy vật biện chứng. B. Triết học duy vật siêu hình. C. Triết học biện chứng duy tâm. D.  Đáp án đúng: B. Giải thích:"
mcq_triet_530,530,"Luận điểm sau đây thuộc lập trường triết học nào: ""Phát triển là quá trình chuyển hoá từ những thay đổi về lượng thành sự thay đổi về chất và ngược lại"".",Quan điểm biện chứng. 105 B. Quan điểm siêu hình.,,Quan điểm chiết trung và nguỵ biện.,,A,,,"Loại: Trắc nghiệm triết học; Phần: ; Câu 530: Luận điểm sau đây thuộc lập trường triết học nào: ""Phát triển là quá trình chuyển hoá từ những thay đổi về lượng thành sự thay đổi về chất và ngược lại"". A. Quan điểm biện chứng. 105 B. Quan điểm siêu hình. B.  C. Quan điểm chiết trung và nguỵ biện. D.  Đáp án đúng: A. Giải thích:"
mcq_triet_531,531,"Luận điểm sau đây thuộc lập trường triết học nào: ""Phát triển là quá trình vận động tiến lên theo con đường xoáy ốc"".",Quan điểm siêu hình.,Quan điểm chiết trung và nguỵ biện.,Quan điểm biện chứng.,,C,,,"Loại: Trắc nghiệm triết học; Phần: ; Câu 531: Luận điểm sau đây thuộc lập trường triết học nào: ""Phát triển là quá trình vận động tiến lên theo con đường xoáy ốc"". A. Quan điểm siêu hình. B. Quan điểm chiết trung và nguỵ biện. C. Quan điểm biện chứng. D.  Đáp án đúng: C. Giải thích:"
mcq_triet_532,532,"Luận điểm sau đây về nguồn gốc của sự phát triển thuộc lập trường triết học nào: ""phát triển trong hiện thực là tồn tại khác, là biểu hiện của sự phát triển của ý niệm tuyệt đối"".",Chủ nghĩa duy tâm chủ quan.,Chủ nghĩa duy tâm khách quan.,Chủ nghĩa duy vật biện chứng.,Chủ nghĩa duy vật siêu hình.,B,,,"Loại: Trắc nghiệm triết học; Phần: ; Câu 532: Luận điểm sau đây về nguồn gốc của sự phát triển thuộc lập trường triết học nào: ""phát triển trong hiện thực là tồn tại khác, là biểu hiện của sự phát triển của ý niệm tuyệt đối"". A. Chủ nghĩa duy tâm chủ quan. B. Chủ nghĩa duy tâm khách quan. C. Chủ nghĩa duy vật biện chứng. D. Chủ nghĩa duy vật siêu hình. Đáp án đúng: B. Giải thích:"
mcq_triet_533,533,"Luận điểm sau đây về nguồn gốc của sự phát triển thuộc lập trường triết học nào: ""Phát triển là do sự sắp đặt của thượng đế và thần thánh"".",Chủ nghĩa duy tâm có tính chất tôn giáo.,Chủ nghĩa duy vật siêu hình.,Chủ nghĩa duy vật tự phát.,,A,,,"Loại: Trắc nghiệm triết học; Phần: ; Câu 533: Luận điểm sau đây về nguồn gốc của sự phát triển thuộc lập trường triết học nào: ""Phát triển là do sự sắp đặt của thượng đế và thần thánh"". A. Chủ nghĩa duy tâm có tính chất tôn giáo. B. Chủ nghĩa duy vật siêu hình. C. Chủ nghĩa duy vật tự phát. D.  Đáp án đúng: A. Giải thích:"
mcq_triet_534,534,"Luận điểm sau đây về nguồn gốc sự phát triển thuộc lập trường triết học nào: ""Phát triển của các sự vật là do cảm giác, ý thức con người quyết định"".",Chủ nghĩa duy tâm chủ quan.,Chủ nghĩa duy tâm khách quan.,Chủ nghĩa duy vật biện chứng,Chủ nghĩa duy vật siêu hình.,A,,,"Loại: Trắc nghiệm triết học; Phần: ; Câu 534: Luận điểm sau đây về nguồn gốc sự phát triển thuộc lập trường triết học nào: ""Phát triển của các sự vật là do cảm giác, ý thức con người quyết định"". A. Chủ nghĩa duy tâm chủ quan. B. Chủ nghĩa duy tâm khách quan. C. Chủ nghĩa duy vật biện chứng D. Chủ nghĩa duy vật siêu hình. Đáp án đúng: A. Giải thích:"
mcq_triet_535,535,"Luận điểm sau đây về nguồn gốc của sự phát triển thuộc lập trường triết học nào: ""Mâu thuẫn tồn tại khách quan trong chính sự vật quy định sự phát triển của sự vật"".",Chủ nghĩa duy tâm chủ quan. 106 B. Chủ nghĩa duy tâm khách quan.,,Chủ nghĩa duy vật biện chứng.,Chủ nghĩa duy vật siêu hình.,C,,,"Loại: Trắc nghiệm triết học; Phần: ; Câu 535: Luận điểm sau đây về nguồn gốc của sự phát triển thuộc lập trường triết học nào: ""Mâu thuẫn tồn tại khách quan trong chính sự vật quy định sự phát triển của sự vật"". A. Chủ nghĩa duy tâm chủ quan. 106 B. Chủ nghĩa duy tâm khách quan. B.  C. Chủ nghĩa duy vật biện chứng. D. Chủ nghĩa duy vật siêu hình. Đáp án đúng: C. Giải thích:"
mcq_triet_536,536,"Trong các luận điểm sau đây, đâu là luận điểm của chủ nghĩa duy vật biện chứng?",Phát triển của các sự vật là biểu hiện của sự vận động của ý niệm tuyệt đối.,"Phát triển của các sự vật do cảm giác, ý thức con người quyết định.",Phát triển của các sự vật do sự tác động lẫn nhau của các mặt đối lập của bản thân sự vật quyết định.,,C,,,"Loại: Trắc nghiệm triết học; Phần: ; Câu 536: Trong các luận điểm sau đây, đâu là luận điểm của chủ nghĩa duy vật biện chứng? A. Phát triển của các sự vật là biểu hiện của sự vận động của ý niệm tuyệt đối. B. Phát triển của các sự vật do cảm giác, ý thức con người quyết định. C. Phát triển của các sự vật do sự tác động lẫn nhau của các mặt đối lập của bản thân sự vật quyết định. D.  Đáp án đúng: C. Giải thích:"
mcq_triet_537,537,"Trong những luận điểm sau, đâu là định nghĩa về sự phát triển theo quan điểm của chủ nghĩa duy vật biện chứng?",Phát triển là phạm trù chỉ sự vận động của các sự vật.,Phát triển là phạm trù chỉ sự liên hệ giữa các sự vật.,"Phát triển là phạm trù chỉ quá trình vận động tiến lên từ thấp đến cao, từ đơn gian đến phức tạp, từ kém hoàn thiện đến hoàn thiện hơn của các sự vật. Đáp án: C là đáp án đúng",,,,,"Loại: Trắc nghiệm triết học; Phần: ; Câu 537: Trong những luận điểm sau, đâu là định nghĩa về sự phát triển theo quan điểm của chủ nghĩa duy vật biện chứng? A. Phát triển là phạm trù chỉ sự vận động của các sự vật. B. Phát triển là phạm trù chỉ sự liên hệ giữa các sự vật. C. Phát triển là phạm trù chỉ quá trình vận động tiến lên từ thấp đến cao, từ đơn gian đến phức tạp, từ kém hoàn thiện đến hoàn thiện hơn của các sự vật. Đáp án: C là đáp án đúng D.  Đáp án đúng: . Giải thích:"
mcq_triet_538,538,"Theo quan điểm của chủ nghĩa duy vật biện chứng, nhận định nào sau đây là không đúng?",Phát triển bao quát toàn bộ sự vận động nói chung.,Phát triển chỉ khái quát xu hướng vận động đi lên của các sự vật.,Phát triển chỉ là một trường hợp cá biệt của sự vận động.,,B,,,"Loại: Trắc nghiệm triết học; Phần: ; Câu 538: Theo quan điểm của chủ nghĩa duy vật biện chứng, nhận định nào sau đây là không đúng? A. Phát triển bao quát toàn bộ sự vận động nói chung. B. Phát triển chỉ khái quát xu hướng vận động đi lên của các sự vật. C. Phát triển chỉ là một trường hợp cá biệt của sự vận động. D.  Đáp án đúng: B. Giải thích:"
mcq_triet_539,539,"Theo quan điểm của chủ nghĩa duy vật biện chứng, luận điểm nào sau đây là đúng?",Phát triển là xu hướng chung của sự vận động của thế giới vật chất.,Phát triển là xu hướng chung nhưng không bản chất của sự vận động của sự vật.,Phát triển là xu hướng cá biệt của sự vận động của các sự vật.,,A,,,"Loại: Trắc nghiệm triết học; Phần: ; Câu 539: Theo quan điểm của chủ nghĩa duy vật biện chứng, luận điểm nào sau đây là đúng? A. Phát triển là xu hướng chung của sự vận động của thế giới vật chất. B. Phát triển là xu hướng chung nhưng không bản chất của sự vận động của sự vật. C. Phát triển là xu hướng cá biệt của sự vận động của các sự vật. D.  Đáp án đúng: A. Giải thích:"
mcq_triet_540,540,Trong thế giới vô cơ sự phát triển biểu hiện như thế nào?,Sự tác động qua lại giữa các kết cấu vật chất trong điều kiện nhất định làm nảy sinh các hợp chất mới.,Sự hoàn thiện của cơ thể thích ứng tốt hơn với sự biến đổi của môi trường.,Điều chỉnh hoạt động của cơ thể cho phù hợp với môi trường sống. 107 Đáp án: A là đáp án đúng,,,,,Loại: Trắc nghiệm triết học; Phần: ; Câu 540: Trong thế giới vô cơ sự phát triển biểu hiện như thế nào? A. Sự tác động qua lại giữa các kết cấu vật chất trong điều kiện nhất định làm nảy sinh các hợp chất mới. B. Sự hoàn thiện của cơ thể thích ứng tốt hơn với sự biến đổi của môi trường. C. Điều chỉnh hoạt động của cơ thể cho phù hợp với môi trường sống. 107 Đáp án: A là đáp án đúng D.  Đáp án đúng: . Giải thích:
mcq_triet_541,541,Trong xã hội sự phát triển biểu hiện ra như thế nào?,Sự xuất hiện các hợp chất mới.,"Sự xuất hiện các giống loài động vật, thực vật mới thích ứng tốt hơn với môi trường.","Sự thay thế chế độ xã hội này bằng một chế độ xã hội khác dân chủ, văn minh hơn.",,C,,,"Loại: Trắc nghiệm triết học; Phần: ; Câu 541: Trong xã hội sự phát triển biểu hiện ra như thế nào? A. Sự xuất hiện các hợp chất mới. B. Sự xuất hiện các giống loài động vật, thực vật mới thích ứng tốt hơn với môi trường. C. Sự thay thế chế độ xã hội này bằng một chế độ xã hội khác dân chủ, văn minh hơn. D.  Đáp án đúng: C. Giải thích:"
mcq_triet_542,542,"Theo quan điểm của chủ nghĩa duy vật biện chứng, những tính chất nào sau đây là tính chất của sự phát triển?",Tính khách quan.,Tính phổ biến.,"Tính chất đa dạng, phong phú trong nội dung và hình thức phát triển.","Cả a, b, và c.",D,,,"Loại: Trắc nghiệm triết học; Phần: ; Câu 542: Theo quan điểm của chủ nghĩa duy vật biện chứng, những tính chất nào sau đây là tính chất của sự phát triển? A. Tính khách quan. B. Tính phổ biến. C. Tính chất đa dạng, phong phú trong nội dung và hình thức phát triển. D. Cả a, b, và c. Đáp án đúng: D. Giải thích:"
mcq_triet_543,543,Theo quan điểm của chủ nghĩa duy vật biện chứng điều khẳng định nào sau đây là đúng?,Mong muốn của con người quy định sự phát triển.,Mong muốn của con người tự nó không có ảnh hưởng đến sự phát triển của các sự vật.,Mong muốn của con người hoàn toàn không có ảnh hưởng gì đến sự phát triển của các sự vật.,,B,,,Loại: Trắc nghiệm triết học; Phần: ; Câu 543: Theo quan điểm của chủ nghĩa duy vật biện chứng điều khẳng định nào sau đây là đúng? A. Mong muốn của con người quy định sự phát triển. B. Mong muốn của con người tự nó không có ảnh hưởng đến sự phát triển của các sự vật. C. Mong muốn của con người hoàn toàn không có ảnh hưởng gì đến sự phát triển của các sự vật. D.  Đáp án đúng: B. Giải thích:
mcq_triet_544,544,"Theo quan điểm của chủ nghĩa duy vật biện chứng, luận điểm nào sau đây là đúng?","Nguyện vọng, ý chí của con người tự nó tác động đến sự phát triển.","Nguyện vọng, ý chí của con người không có ảnh hưởng gì đến sự phát triển.","Nguyện vọng, ý chí của con người có ảnh hưởng đến sự phát triển thông qua hoạt động thực tiễn.",,C,,,"Loại: Trắc nghiệm triết học; Phần: ; Câu 544: Theo quan điểm của chủ nghĩa duy vật biện chứng, luận điểm nào sau đây là đúng? A. Nguyện vọng, ý chí của con người tự nó tác động đến sự phát triển. B. Nguyện vọng, ý chí của con người không có ảnh hưởng gì đến sự phát triển. C. Nguyện vọng, ý chí của con người có ảnh hưởng đến sự phát triển thông qua hoạt động thực tiễn. D.  Đáp án đúng: C. Giải thích:"
mcq_triet_545,545,"Luận điểm sau đây thuộc lập trường triết học nào: ""Sự phát triển trong tự nhiên, xã hội và tư duy là hoàn toàn đồng nhất với nhau"".",Quan điểm siêu hình.,Quan điểm biện chứng duy vật.,Quan điểm biện chứng duy tâm.,,A,"108 Câu 546: Luận điểm sau đây thuộc quan điểm triết học nào: ""Quá trình phát triển của mỗi sự vật là hoàn toàn khác biệt nhau, không có điểm chung nào"". A. Quan điểm siêu hình. B. Quan điểm biện chứng duy vật. C. Quan điểm biện chứng duy tâm. Đáp án: A là đáp án đúng",,"Loại: Trắc nghiệm triết học; Phần: ; Câu 545: Luận điểm sau đây thuộc lập trường triết học nào: ""Sự phát triển trong tự nhiên, xã hội và tư duy là hoàn toàn đồng nhất với nhau"". A. Quan điểm siêu hình. B. Quan điểm biện chứng duy vật. C. Quan điểm biện chứng duy tâm. D.  Đáp án đúng: A. Giải thích: 108 Câu 546: Luận điểm sau đây thuộc quan điểm triết học nào: ""Quá trình phát triển của mỗi sự vật là hoàn toàn khác biệt nhau, không có điểm chung nào"". A. Quan điểm siêu hình. B. Quan điểm biện chứng duy vật. C. Quan điểm biện chứng duy tâm. Đáp án: A là đáp án đúng"
mcq_triet_547,547,"Luận điểm sau đây thuộc quan điểm triết học nào: Quá trình phát triển của các sự vật vừa khác nhau, vừa có sự thống nhất với nhau.",Quan điểm biện chứng.,Quan điểm siêu hình.,Quan điểm chiết trung và nguỵ biện.,,A,,,"Loại: Trắc nghiệm triết học; Phần: ; Câu 547: Luận điểm sau đây thuộc quan điểm triết học nào: Quá trình phát triển của các sự vật vừa khác nhau, vừa có sự thống nhất với nhau. A. Quan điểm biện chứng. B. Quan điểm siêu hình. C. Quan điểm chiết trung và nguỵ biện. D.  Đáp án đúng: A. Giải thích:"
mcq_triet_548,548,Trong nhận thức cần quán triệt quan điểm phát triển. Điều đó dựa trên cơ sở lý luận của nguyên lý nào?,Nguyên lý về mối liên hệ phổ biến.,Nguyên lý về sự phát triển.,Nguyên lý về tính thống nhất vật chất của thế giới.,,B,,,Loại: Trắc nghiệm triết học; Phần: ; Câu 548: Trong nhận thức cần quán triệt quan điểm phát triển. Điều đó dựa trên cơ sở lý luận của nguyên lý nào? A. Nguyên lý về mối liên hệ phổ biến. B. Nguyên lý về sự phát triển. C. Nguyên lý về tính thống nhất vật chất của thế giới. D.  Đáp án đúng: B. Giải thích:
mcq_triet_549,549,Quan điểm phát triển đòi hỏi phải xem xét sự vật như thế nào?,Xem xét trong trạng thái đang tồn tại của sự vật.,Xem xét sự chuyển hoá từ trạng thái này sang trạng thái kia.,Xem xét các giai đoạn khác nhau của sự vật.,"Gồm cả a, b, c.",D,,,"Loại: Trắc nghiệm triết học; Phần: ; Câu 549: Quan điểm phát triển đòi hỏi phải xem xét sự vật như thế nào? A. Xem xét trong trạng thái đang tồn tại của sự vật. B. Xem xét sự chuyển hoá từ trạng thái này sang trạng thái kia. C. Xem xét các giai đoạn khác nhau của sự vật. D. Gồm cả a, b, c. Đáp án đúng: D. Giải thích:"
mcq_triet_550,550,Trong nhận thức sự vật chỉ xem xét ở một trạng thái tồn tại của nó thì thuộc vào lập trường triết học nào?,Quan điểm siêu hình phiến diện.,Quan điểm chiết trung.,Quan điểm biện chứng duy vật.,,A,,,Loại: Trắc nghiệm triết học; Phần: ; Câu 550: Trong nhận thức sự vật chỉ xem xét ở một trạng thái tồn tại của nó thì thuộc vào lập trường triết học nào? A. Quan điểm siêu hình phiến diện. B. Quan điểm chiết trung. C. Quan điểm biện chứng duy vật. D.  Đáp án đúng: A. Giải thích:
mcq_triet_551,551,"Thêm các tập hợp từ thích hợp vào câu sau để được luận điểm của chủ nghĩa duy vật biện chứng: Trên thực tế các quan điểm toàn diện, quan điểm phát triển, quan điểm lịch 109 sử cụ thể phải....",Tách rời nhau hoàn toàn.,Không tách rời nhau.,"Có lúc tách rời nhau, có lúc không.",,B,,,"Loại: Trắc nghiệm triết học; Phần: ; Câu 551: Thêm các tập hợp từ thích hợp vào câu sau để được luận điểm của chủ nghĩa duy vật biện chứng: Trên thực tế các quan điểm toàn diện, quan điểm phát triển, quan điểm lịch 109 sử cụ thể phải.... A. Tách rời nhau hoàn toàn. B. Không tách rời nhau. C. Có lúc tách rời nhau, có lúc không. D.  Đáp án đúng: B. Giải thích:"
mcq_triet_552,552,Thêm cụm từ nào vào câu sau để được luận điểm của chủ nghĩa duy vậ biện chứng: Nguyên lý về mối liên hệ phổ biến và nguyên lý về sự phát triển phải ........,Đồng nhất với nhau một cách hoàn toàn.,Độc lập với nhau một cách hoàn toàn.,"Quan hệ chặt chẽ với nhau, nhưng không đồng nhất với nhau.",,C,,,"Loại: Trắc nghiệm triết học; Phần: ; Câu 552: Thêm cụm từ nào vào câu sau để được luận điểm của chủ nghĩa duy vậ biện chứng: Nguyên lý về mối liên hệ phổ biến và nguyên lý về sự phát triển phải ........ A. Đồng nhất với nhau một cách hoàn toàn. B. Độc lập với nhau một cách hoàn toàn. C. Quan hệ chặt chẽ với nhau, nhưng không đồng nhất với nhau. D.  Đáp án đúng: C. Giải thích:"
mcq_triet_553,553,"Các phạm trù số, hàm số, điểm, đường, mặt là phạm trù của khoa học nào?",Toán học.,Triết học.,Hoá học,Vật lý,A,,,"Loại: Trắc nghiệm triết học; Phần: ; Câu 553: Các phạm trù số, hàm số, điểm, đường, mặt là phạm trù của khoa học nào? A. Toán học. B. Triết học. C. Hoá học D. Vật lý Đáp án đúng: A. Giải thích:"
mcq_triet_554,554,"Các phạm trù: thực vật, động vật, tế bào, đồng hoá, dị hoá là những phạm trù của khoa học nào?",Triết học.,Sinh vật học.,Toán học,Vật lý học,B,,,"Loại: Trắc nghiệm triết học; Phần: ; Câu 554: Các phạm trù: thực vật, động vật, tế bào, đồng hoá, dị hoá là những phạm trù của khoa học nào? A. Triết học. B. Sinh vật học. C. Toán học D. Vật lý học Đáp án đúng: B. Giải thích:"
mcq_triet_555,555,"Cá phạm trù: vật chất, ý thức, vận động, mâu thuẫn, bản chất, hiện tượng là những phạm trù của khoa học nào?",Kinh tế chính trị học,Hoá học.,Luật học.,Triết học.,D,,,"Loại: Trắc nghiệm triết học; Phần: ; Câu 555: Cá phạm trù: vật chất, ý thức, vận động, mâu thuẫn, bản chất, hiện tượng là những phạm trù của khoa học nào? A. Kinh tế chính trị học B. Hoá học. C. Luật học. D. Triết học. Đáp án đúng: D. Giải thích:"
mcq_triet_556,556,"Thêm cụm từ nào vào chỗ trống của câu sau để được định nghĩa về phạm trù: ""phạm 110 trù là những ................................ ............... phản ánh những mặt, những thuộc tính, những mối liên hệ chung, cơ bản nhất của các sự vật và hiện tượng thuộc một lĩnh vực nhất định"".",Khái niệm.,Khái niệm rộng nhất.,Khái niệm cơ bản nhất.,Gồm b và c.,D,,,"Loại: Trắc nghiệm triết học; Phần: ; Câu 556: Thêm cụm từ nào vào chỗ trống của câu sau để được định nghĩa về phạm trù: ""phạm 110 trù là những ................................ ............... phản ánh những mặt, những thuộc tính, những mối liên hệ chung, cơ bản nhất của các sự vật và hiện tượng thuộc một lĩnh vực nhất định"". A. Khái niệm. B. Khái niệm rộng nhất. C. Khái niệm cơ bản nhất. D. Gồm b và c. Đáp án đúng: D. Giải thích:"
mcq_triet_557,557,"Thêm cụm từ nào vào chỗ trống của câu sau để được định nghĩa phạm trù triết học: ""Phạm trù triết học là những ......(1) ................................ .....phản ánh những mặt, những mối liên hệ cơ bản và phổ biến nhất của .....(2). .................. hiện thực"".","1- khái niệm, 2- các sự vật của.","1- Khái niệm rộng nhất, 2- một lĩnh vực của.","1- Khái niệm chung nhất, 2- toàn bộ thế giới.",,C,,,"Loại: Trắc nghiệm triết học; Phần: ; Câu 557: Thêm cụm từ nào vào chỗ trống của câu sau để được định nghĩa phạm trù triết học: ""Phạm trù triết học là những ......(1) ................................ .....phản ánh những mặt, những mối liên hệ cơ bản và phổ biến nhất của .....(2). .................. hiện thực"". A. 1- khái niệm, 2- các sự vật của. B. 1- Khái niệm rộng nhất, 2- một lĩnh vực của. C. 1- Khái niệm chung nhất, 2- toàn bộ thế giới. D.  Đáp án đúng: C. Giải thích:"
mcq_triet_558,558,Thêm cụm từ nào vào chỗ trống của câu sau để được một luận điểm của chủ nghĩa duy vật biện chứng: Quan hệ giữa phạm trù triết học và phạm trù của các khoa học cụ thể là quan hệ giữa ....(1)....và ....(2)....,"1- cái riêng, 2- cái riêng.","1- cái riêng, 2- cái chung.","1- cái chung , 2- cái riêng.","1- cái chung, 2- cái chung.",C,,,"Loại: Trắc nghiệm triết học; Phần: ; Câu 558: Thêm cụm từ nào vào chỗ trống của câu sau để được một luận điểm của chủ nghĩa duy vật biện chứng: Quan hệ giữa phạm trù triết học và phạm trù của các khoa học cụ thể là quan hệ giữa ....(1)....và ....(2).... A. 1- cái riêng, 2- cái riêng. B. 1- cái riêng, 2- cái chung. C. 1- cái chung , 2- cái riêng. D. 1- cái chung, 2- cái chung. Đáp án đúng: C. Giải thích:"
mcq_triet_559,559,Trường phái triết học nào cho rằng phạm trù là những thực thể ý niệm tồn tại độc lập với ý thức con người và thế giới vật chất?,Chủ nghĩa duy tâm khách quan.,Chủ nghĩa duy tâm chủ quan.,Chủ nghĩa duy vật biện chứng.,,A,,,Loại: Trắc nghiệm triết học; Phần: ; Câu 559: Trường phái triết học nào cho rằng phạm trù là những thực thể ý niệm tồn tại độc lập với ý thức con người và thế giới vật chất? A. Chủ nghĩa duy tâm khách quan. B. Chủ nghĩa duy tâm chủ quan. C. Chủ nghĩa duy vật biện chứng. D.  Đáp án đúng: A. Giải thích:
mcq_triet_560,560,Trường phái triết học nào cho rằng phạm trù được hình thành trong quá trình hoạt động thực tiễn và hoạt động nhận thức của con người?,Chủ nghĩa duy vật biện chứng.,Chủ nghĩa duy tâm chủ quan 111 C. Chủ nghĩa duy tâm khách quan.,,Chủ nghĩa duy vật siêu hình thế kỷ XVII - XVIII.,A,,,Loại: Trắc nghiệm triết học; Phần: ; Câu 560: Trường phái triết học nào cho rằng phạm trù được hình thành trong quá trình hoạt động thực tiễn và hoạt động nhận thức của con người? A. Chủ nghĩa duy vật biện chứng. B. Chủ nghĩa duy tâm chủ quan 111 C. Chủ nghĩa duy tâm khách quan. C.  D. Chủ nghĩa duy vật siêu hình thế kỷ XVII - XVIII. Đáp án đúng: A. Giải thích:
mcq_triet_561,561,Theo quan điểm của chủ nghĩa duy vật biện chứng phạm trù có tính chất chủ quan hay khách quan?,Khách quan,"Vừa khách quan, vừa chủ quan.",Chủ quan,,B,,,"Loại: Trắc nghiệm triết học; Phần: ; Câu 561: Theo quan điểm của chủ nghĩa duy vật biện chứng phạm trù có tính chất chủ quan hay khách quan? A. Khách quan B. Vừa khách quan, vừa chủ quan. C. Chủ quan D.  Đáp án đúng: B. Giải thích:"
mcq_triet_562,562,"Thêm cụm từ thích hợp vào chỗ trống của câu sau để được luận điểm của chủ nghĩa duy vật biện chứng về tính chất của các phạm trù: Nội dung của phạm trù có tính ..(1) ..., hình thức của phạm trù có tính...(2)..","1- chủ quan, 2- khách quan","1- chủ quan, 2- chủ quan.","1- khách quan, 2- chủ quan.",,C,,,"Loại: Trắc nghiệm triết học; Phần: ; Câu 562: Thêm cụm từ thích hợp vào chỗ trống của câu sau để được luận điểm của chủ nghĩa duy vật biện chứng về tính chất của các phạm trù: Nội dung của phạm trù có tính ..(1) ..., hình thức của phạm trù có tính...(2).. A. 1- chủ quan, 2- khách quan B. 1- chủ quan, 2- chủ quan. C. 1- khách quan, 2- chủ quan. D.  Đáp án đúng: C. Giải thích:"
mcq_triet_563,563,"Quan điểm triết học nào cho các phạm trù hoàn toàn tách rời nhau, không vận động, phát triển?",Quan điểm siêu hình.,Quan điểm duy vật biện chứng.,Quan điểm duy tâm biện chứng.,,A,,,"Loại: Trắc nghiệm triết học; Phần: ; Câu 563: Quan điểm triết học nào cho các phạm trù hoàn toàn tách rời nhau, không vận động, phát triển? A. Quan điểm siêu hình. B. Quan điểm duy vật biện chứng. C. Quan điểm duy tâm biện chứng. D.  Đáp án đúng: A. Giải thích:"
mcq_triet_564,564,"Chọn cụm từ thích hợp điền vào chỗ trống của câu sau để được định nghĩa khái niệm cái riêng: ""cái riêng là phạm trù triết học dùng để chỉ ................................ ............. """,Nét đặc thù của một số các sự vật.,"Một sự vật, một quá trình riêng lẻ nhất định.",Một đặc điểm chung của các sự vật,,B,,,"Loại: Trắc nghiệm triết học; Phần: ; Câu 564: Chọn cụm từ thích hợp điền vào chỗ trống của câu sau để được định nghĩa khái niệm cái riêng: ""cái riêng là phạm trù triết học dùng để chỉ ................................ ............. "" A. Nét đặc thù của một số các sự vật. B. Một sự vật, một quá trình riêng lẻ nhất định. C. Một đặc điểm chung của các sự vật D.  Đáp án đúng: B. Giải thích:"
mcq_triet_565,565,"Chọn cụm từ thích h ợp đi ền vào ch ỗ trống c ủa câu sau đ ể được định nghĩa khái niệm cái chung: ""cái chung là ph ạm trù tri ết học dùng đ ể chỉ, được, lặp lại trong nhiều sự vật hay quá trình riêng lẻ"".","Một sự vật, một quá trình. 112 B. Những mặt, những thuộc tính.",,"Những mặt, những thuộc tính không",,B,,,"Loại: Trắc nghiệm triết học; Phần: ; Câu 565: Chọn cụm từ thích h ợp đi ền vào ch ỗ trống c ủa câu sau đ ể được định nghĩa khái niệm cái chung: ""cái chung là ph ạm trù tri ết học dùng đ ể chỉ, được, lặp lại trong nhiều sự vật hay quá trình riêng lẻ"". A. Một sự vật, một quá trình. 112 B. Những mặt, những thuộc tính. B.  C. Những mặt, những thuộc tính không D.  Đáp án đúng: B. Giải thích:"
mcq_triet_566,566,"Thêm cụm từ vào chỗ trống của câu sau để được định nghĩa khái niệm cái đơn nhất: ""Cái đơn nhất là phạm trù triết học dùng để chỉ ................................ ................... """,Những mặt lặp lại trong nhiều sự vật,Một sự vật riêng lẻ.,"Những nét, những mặt chỉ ở một sự vật",,C,,,"Loại: Trắc nghiệm triết học; Phần: ; Câu 566: Thêm cụm từ vào chỗ trống của câu sau để được định nghĩa khái niệm cái đơn nhất: ""Cái đơn nhất là phạm trù triết học dùng để chỉ ................................ ................... "" A. Những mặt lặp lại trong nhiều sự vật B. Một sự vật riêng lẻ. C. Những nét, những mặt chỉ ở một sự vật D.  Đáp án đúng: C. Giải thích:"
mcq_triet_567,567,"Phái triết học nào cho chỉ có cái chung tồn tại thực, còn cái riêng không tồn tại thực?",Phái Duy Thực.,Phái nguỵ biện,Phái Duy Danh,Phái chiết trung,A,,,"Loại: Trắc nghiệm triết học; Phần: ; Câu 567: Phái triết học nào cho chỉ có cái chung tồn tại thực, còn cái riêng không tồn tại thực? A. Phái Duy Thực. B. Phái nguỵ biện C. Phái Duy Danh D. Phái chiết trung Đáp án đúng: A. Giải thích:"
mcq_triet_568,568,"Trường phái triết học nào thừa nhận chỉ có cái riêng tồn tại thực, cái chung chỉ là tên gọi trống rỗng?",Phái Duy Thực,Phái chiết trung,Phái Duy Danh,Phái nguỵ biện.,B,,,"Loại: Trắc nghiệm triết học; Phần: ; Câu 568: Trường phái triết học nào thừa nhận chỉ có cái riêng tồn tại thực, cái chung chỉ là tên gọi trống rỗng? A. Phái Duy Thực B. Phái chiết trung C. Phái Duy Danh D. Phái nguỵ biện. Đáp án đúng: B. Giải thích:"
mcq_triet_569,569,"Theo quan điểm của chủ nghĩa duy vật biện chứng, phái duy Thực hay phái Duy Danh giải quyết đúng mối quan hệ giữa cái riêng và cái chung?",Phái Duy Danh đúng,Phái Duy Thực đúng,Cả hai đều đúng,Cả hai đều sai.,D,,,"Loại: Trắc nghiệm triết học; Phần: ; Câu 569: Theo quan điểm của chủ nghĩa duy vật biện chứng, phái duy Thực hay phái Duy Danh giải quyết đúng mối quan hệ giữa cái riêng và cái chung? A. Phái Duy Danh đúng B. Phái Duy Thực đúng C. Cả hai đều đúng D. Cả hai đều sai. Đáp án đúng: D. Giải thích:"
mcq_triet_570,570,Đâu là quan điểm của chủ nghĩa duy vật biện chứng về mối quan hệ giữa cái chung và cái riêng.,Chỉ có cái chung tồn tại khách quan và vĩnh viễn. 113 B. Chỉ có cái riêng tồn tại khách quan và thực sự,,Cái riêng và cái chung đều tồn tại khách quan và không tách rời nhau.,,C,,,Loại: Trắc nghiệm triết học; Phần: ; Câu 570: Đâu là quan điểm của chủ nghĩa duy vật biện chứng về mối quan hệ giữa cái chung và cái riêng. A. Chỉ có cái chung tồn tại khách quan và vĩnh viễn. 113 B. Chỉ có cái riêng tồn tại khách quan và thực sự B.  C. Cái riêng và cái chung đều tồn tại khách quan và không tách rời nhau. D.  Đáp án đúng: C. Giải thích:
mcq_triet_571,571,Đâu là quan điểm của chủ nghĩa duy vật biện chứng về mối quan hệ giữa cái chung và cái riêng?,"Cái chung tồn tại khách quan, bên ngoài cái riêng.",Cái riêng tồn tại khách quan không bao chứa cái chung,"Không có cái chung thuần tuý tồn tại ngoài cái riêng, cái chung tồn tại thông qua cái riêng.",,C,,,"Loại: Trắc nghiệm triết học; Phần: ; Câu 571: Đâu là quan điểm của chủ nghĩa duy vật biện chứng về mối quan hệ giữa cái chung và cái riêng? A. Cái chung tồn tại khách quan, bên ngoài cái riêng. B. Cái riêng tồn tại khách quan không bao chứa cái chung C. Không có cái chung thuần tuý tồn tại ngoài cái riêng, cái chung tồn tại thông qua cái riêng. D.  Đáp án đúng: C. Giải thích:"
mcq_triet_572,572,Đâu là quan điểm của chủ nghĩa duy vật biện chứng về mối quan hệ giữa cái chung và cái riêng?,Cái riêng chỉ tồn tại trong mối liên hệ với cái chung.,Cái riêng không bao chứa cái chung nào.,Cái riêng và cái chung hoàn toàn tách rời nhau,,A,,,Loại: Trắc nghiệm triết học; Phần: ; Câu 572: Đâu là quan điểm của chủ nghĩa duy vật biện chứng về mối quan hệ giữa cái chung và cái riêng? A. Cái riêng chỉ tồn tại trong mối liên hệ với cái chung. B. Cái riêng không bao chứa cái chung nào. C. Cái riêng và cái chung hoàn toàn tách rời nhau D.  Đáp án đúng: A. Giải thích:
mcq_triet_573,573,"Trong những luận điểm sau, đâu là luận điểm của chủ nghĩa duy vật biện chứng?","Mỗi con người là một cái riêng, không có gì chung với người khác.","Mỗi con người vừa là cái riêng, đồng thời có nhiều cái chung với người khác.","Mỗi người chỉ là sự thể hiện của cái chung, không có cái đơn nhất của nó.",,B,,,"Loại: Trắc nghiệm triết học; Phần: ; Câu 573: Trong những luận điểm sau, đâu là luận điểm của chủ nghĩa duy vật biện chứng? A. Mỗi con người là một cái riêng, không có gì chung với người khác. B. Mỗi con người vừa là cái riêng, đồng thời có nhiều cái chung với người khác. C. Mỗi người chỉ là sự thể hiện của cái chung, không có cái đơn nhất của nó. D.  Đáp án đúng: B. Giải thích:"
mcq_triet_574,574,Luận điểm nào sâu đây là luận điểm của chủ nghĩa duy vật biện chứng?,Mỗi khái niệm là một cái riêng,Mỗi khái niệm là một cái chung.,Mỗi khái niệm vừa là cái riêng vừa là cái chung.,,C,,,Loại: Trắc nghiệm triết học; Phần: ; Câu 574: Luận điểm nào sâu đây là luận điểm của chủ nghĩa duy vật biện chứng? A. Mỗi khái niệm là một cái riêng B. Mỗi khái niệm là một cái chung. C. Mỗi khái niệm vừa là cái riêng vừa là cái chung. D.  Đáp án đúng: C. Giải thích:
mcq_triet_575,575,"Luận điểm sau đây thuộc lập trường triết học nào: ""Chỉ có cái cây cụ thể tồn tại, không có cái cây nói chung tồn tại, nên khái niệm cái cây là giả dối"".",Phái Duy Thực,Chủ nghĩa duy vật biện chứng,Phái Duy Danh.,Phái nguỵ biện. 114 Đáp án: C là đáp án đúng,,,,"Loại: Trắc nghiệm triết học; Phần: ; Câu 575: Luận điểm sau đây thuộc lập trường triết học nào: ""Chỉ có cái cây cụ thể tồn tại, không có cái cây nói chung tồn tại, nên khái niệm cái cây là giả dối"". A. Phái Duy Thực B. Chủ nghĩa duy vật biện chứng C. Phái Duy Danh. D. Phái nguỵ biện. 114 Đáp án: C là đáp án đúng Đáp án đúng: . Giải thích:"
mcq_triet_576,576,"Luận điểm sau đây thuộc lập trường triết học nào: ""Phạm trù vật chất không có sự tồn tại hữu hình như một vật cụ thể. Phạm trù vật chất bao quát đặc điểm chung tồn tại trong các vật cụ thể"".",Phái Duy Thực,Chủ nghĩa duy vật biện chứng.,Phái Duy Danh,Chủ nghĩa duy vật siêu hình.,B,,,"Loại: Trắc nghiệm triết học; Phần: ; Câu 576: Luận điểm sau đây thuộc lập trường triết học nào: ""Phạm trù vật chất không có sự tồn tại hữu hình như một vật cụ thể. Phạm trù vật chất bao quát đặc điểm chung tồn tại trong các vật cụ thể"". A. Phái Duy Thực B. Chủ nghĩa duy vật biện chứng. C. Phái Duy Danh D. Chủ nghĩa duy vật siêu hình. Đáp án đúng: B. Giải thích:"
mcq_triet_577,577,"Luận điểm sau đây thuộc lập trường triết học nào: ""Không có cái chung tồn tại thuần tuý bên ngoài cái riêng. Không có cái riêng tồn tại không liên hệ với cái chung"".",Chủ nghĩa duy vật siêu hình,Chủ nghĩa duy vật biện chứng,Chủ nghĩa duy tâm siêu hình.,,B,,,"Loại: Trắc nghiệm triết học; Phần: ; Câu 577: Luận điểm sau đây thuộc lập trường triết học nào: ""Không có cái chung tồn tại thuần tuý bên ngoài cái riêng. Không có cái riêng tồn tại không liên hệ với cái chung"". A. Chủ nghĩa duy vật siêu hình B. Chủ nghĩa duy vật biện chứng C. Chủ nghĩa duy tâm siêu hình. D.  Đáp án đúng: B. Giải thích:"
mcq_triet_578,578,"Có người nói tam giác vuông là cái riêng, tam giac thường là cái chung. Theo anh (chị) như vậy đúng hay sai?",Đúng,"Vừa đúng, vừa sai",Sai,,B,,,"Loại: Trắc nghiệm triết học; Phần: ; Câu 578: Có người nói tam giác vuông là cái riêng, tam giac thường là cái chung. Theo anh (chị) như vậy đúng hay sai? A. Đúng B. Vừa đúng, vừa sai C. Sai D.  Đáp án đúng: B. Giải thích:"
mcq_triet_579,579,"Theo quan điểm của chủ nghĩa duy vật biện chứng luận điểm sau đây đúng hay sai: ""Muốn nhận thức được cái chung phải xuất phát từ cái riêng"".",Đúng,Sai,Không xác định,,A,,,"Loại: Trắc nghiệm triết học; Phần: ; Câu 579: Theo quan điểm của chủ nghĩa duy vật biện chứng luận điểm sau đây đúng hay sai: ""Muốn nhận thức được cái chung phải xuất phát từ cái riêng"". A. Đúng B. Sai C. Không xác định D.  Đáp án đúng: A. Giải thích:"
mcq_triet_580,580,"Thêm cụm từ thích hợp vào chỗ trống của câu sau để được định nghĩa khái niệm nguyên nhân: Nguyên nhân là phạm trù chỉ ................................ ....... (1).. giữa các mặt trong một sự vật, hoặc giữa các sự vật với nhau gây ra ...(2)..","1- sự liên hệ lẫn nhau, 2- một sự vật mới","1- sự thống nhất, 2- một sự vật mới 115 C. 1- sự tác động lẫn nhau, 2- một biến đổi nhất định nào đó.",,,C,,,"Loại: Trắc nghiệm triết học; Phần: ; Câu 580: Thêm cụm từ thích hợp vào chỗ trống của câu sau để được định nghĩa khái niệm nguyên nhân: Nguyên nhân là phạm trù chỉ ................................ ....... (1).. giữa các mặt trong một sự vật, hoặc giữa các sự vật với nhau gây ra ...(2).. A. 1- sự liên hệ lẫn nhau, 2- một sự vật mới B. 1- sự thống nhất, 2- một sự vật mới 115 C. 1- sự tác động lẫn nhau, 2- một biến đổi nhất định nào đó. C.  D.  Đáp án đúng: C. Giải thích:"
mcq_triet_581,581,"Thêm cụm từ thích hợp vào chỗ trống của câu sau để được định nghĩa khái niệm kết quả: ""Kết quả là ...(1).. do ...(2).. lẫn nhau giữa các mặt trong một sự vật hoặc giữa các sự vật với nhau gây ra"".","1- mối liên hệ, 2- kết hợp","1- sự tác động, 2- những biến đổi","1- những biến đổi xuất hiện, 2- sự tác động.",,C,,,"Loại: Trắc nghiệm triết học; Phần: ; Câu 581: Thêm cụm từ thích hợp vào chỗ trống của câu sau để được định nghĩa khái niệm kết quả: ""Kết quả là ...(1).. do ...(2).. lẫn nhau giữa các mặt trong một sự vật hoặc giữa các sự vật với nhau gây ra"". A. 1- mối liên hệ, 2- kết hợp B. 1- sự tác động, 2- những biến đổi C. 1- những biến đổi xuất hiện, 2- sự tác động. D.  Đáp án đúng: C. Giải thích:"
mcq_triet_582,582,Xác định nguyên nhân của sự phát sáng của dây tóc bóng đèn.,Nguồn điện,Dây tóc bóng đèn,Sự tác động giữa dòng điện và dây tóc bóng đèn,,C,,,Loại: Trắc nghiệm triết học; Phần: ; Câu 582: Xác định nguyên nhân của sự phát sáng của dây tóc bóng đèn. A. Nguồn điện B. Dây tóc bóng đèn C. Sự tác động giữa dòng điện và dây tóc bóng đèn D.  Đáp án đúng: C. Giải thích:
mcq_triet_583,583,Theo quan điểm của chủ nghĩa duy vật biện chứng đâu là nguyên nhân của cách mạng vô sản.,Sự xuất hiện giai cấp tư sản.,Sự xuất hiện nhà nước tư sản,Sự xuất hiện giai cấp vô sản và Đảng của nó,Mâu thuẫn giữa giai cấp tư sản và giai cấp vô sản.,D,,,Loại: Trắc nghiệm triết học; Phần: ; Câu 583: Theo quan điểm của chủ nghĩa duy vật biện chứng đâu là nguyên nhân của cách mạng vô sản. A. Sự xuất hiện giai cấp tư sản. B. Sự xuất hiện nhà nước tư sản C. Sự xuất hiện giai cấp vô sản và Đảng của nó D. Mâu thuẫn giữa giai cấp tư sản và giai cấp vô sản. Đáp án đúng: D. Giải thích:
mcq_triet_584,584,Theo quan điểm của chủ nghĩa duy vật biện chứng nguyên nhân để hạt thóc nẩy mầm là gì?,Độ ẩm của môi trường,Nhiệt độ của không khí,Sự tác động giữa hạt thóc với nhiệt độ không khí và nước.,,C,,,Loại: Trắc nghiệm triết học; Phần: ; Câu 584: Theo quan điểm của chủ nghĩa duy vật biện chứng nguyên nhân để hạt thóc nẩy mầm là gì? A. Độ ẩm của môi trường B. Nhiệt độ của không khí C. Sự tác động giữa hạt thóc với nhiệt độ không khí và nước. D.  Đáp án đúng: C. Giải thích:
mcq_triet_585,585,Theo quan điểm duy vật biện chứng nguyên nhân của nước sôi là gì?,Nhiệt độ của bếp lò,Các phân tử nước,Sự tác động giữa các phân tử nước với nhiệt độ của bếp lò 116 Đáp án: C là đáp án đúng,,,,,Loại: Trắc nghiệm triết học; Phần: ; Câu 585: Theo quan điểm duy vật biện chứng nguyên nhân của nước sôi là gì? A. Nhiệt độ của bếp lò B. Các phân tử nước C. Sự tác động giữa các phân tử nước với nhiệt độ của bếp lò 116 Đáp án: C là đáp án đúng D.  Đáp án đúng: . Giải thích:
mcq_triet_586,586,"Theo quan điểm của chủ nghĩa duy vật biện chứng, luận điểm nào sau đây là đúng?",Có thể coi nguyên nhân và kết quả nằm ở hai sự vật khác nhau.,Không thể coi nguyên nhân và kết quả nằm ở hai sự vật khác nhau.,Nguyên nhân và kết quả không cùng một kết cấu vật chất.,,B,,,"Loại: Trắc nghiệm triết học; Phần: ; Câu 586: Theo quan điểm của chủ nghĩa duy vật biện chứng, luận điểm nào sau đây là đúng? A. Có thể coi nguyên nhân và kết quả nằm ở hai sự vật khác nhau. B. Không thể coi nguyên nhân và kết quả nằm ở hai sự vật khác nhau. C. Nguyên nhân và kết quả không cùng một kết cấu vật chất. D.  Đáp án đúng: B. Giải thích:"
mcq_triet_587,587,"Luận điểm sau đây thuộc lập trường triết học nào: ""Mối liên hệ nhân quả là do cảm giác con người quy định"".",Chủ nghĩa duy tâm khách quan.,Chủ nghĩa duy tâm chủ quan.,Chủ nghĩa duy vật biện chứng.,Chủ nghĩa duy vật siêu hình,B,,,"Loại: Trắc nghiệm triết học; Phần: ; Câu 587: Luận điểm sau đây thuộc lập trường triết học nào: ""Mối liên hệ nhân quả là do cảm giác con người quy định"". A. Chủ nghĩa duy tâm khách quan. B. Chủ nghĩa duy tâm chủ quan. C. Chủ nghĩa duy vật biện chứng. D. Chủ nghĩa duy vật siêu hình Đáp án đúng: B. Giải thích:"
mcq_triet_588,588,Luận điểm sau đây thuộc lập trường triết học nào: Mối liên hệ nhân quả là do ý niệm tuyệt đối quyết định.,Chủ nghĩa duy tâm khách quan.,Chủ nghĩa duy tâm chủ quan.,Chủ nghĩa duy vật biện chứng,Chủ nghĩa duy vật siêu hình.,A,,,Loại: Trắc nghiệm triết học; Phần: ; Câu 588: Luận điểm sau đây thuộc lập trường triết học nào: Mối liên hệ nhân quả là do ý niệm tuyệt đối quyết định. A. Chủ nghĩa duy tâm khách quan. B. Chủ nghĩa duy tâm chủ quan. C. Chủ nghĩa duy vật biện chứng D. Chủ nghĩa duy vật siêu hình. Đáp án đúng: A. Giải thích:
mcq_triet_589,589,Luận điểm sau đây là của trường phái triết học nào: Mối liên hệ nhân quả tồn tại khách quan phổ biến và tất yếu trong thế giới vật chất.,Chủ nghĩa duy tâm chủ quan,Chủ nghĩa duy tâm khách quan,Chủ nghĩa duy vật biện chứng,,C,,,Loại: Trắc nghiệm triết học; Phần: ; Câu 589: Luận điểm sau đây là của trường phái triết học nào: Mối liên hệ nhân quả tồn tại khách quan phổ biến và tất yếu trong thế giới vật chất. A. Chủ nghĩa duy tâm chủ quan B. Chủ nghĩa duy tâm khách quan C. Chủ nghĩa duy vật biện chứng D.  Đáp án đúng: C. Giải thích:
mcq_triet_590,590,"Luận điểm sau đây là thuộc lập trường triết học nào: Mọi hiện tượng, quá trình đều có nguyên nhân tồn tại khách quan không phụ thuộc vào việc chúng ta có nhận thức được điều đó hay không.",Chủ nghĩa duy tâm chủ quan.,Chủ nghĩa duy tâm khách quan.,Chủ nghĩa duy vật biện chứng 117 Đáp án: C là đáp án đúng,,,,,"Loại: Trắc nghiệm triết học; Phần: ; Câu 590: Luận điểm sau đây là thuộc lập trường triết học nào: Mọi hiện tượng, quá trình đều có nguyên nhân tồn tại khách quan không phụ thuộc vào việc chúng ta có nhận thức được điều đó hay không. A. Chủ nghĩa duy tâm chủ quan. B. Chủ nghĩa duy tâm khách quan. C. Chủ nghĩa duy vật biện chứng 117 Đáp án: C là đáp án đúng D.  Đáp án đúng: . Giải thích:"
mcq_triet_591,591,Luận điểm sau đây thuộc lập trường triết học nào: Không thể khẳng định một hiện tượng nào đó có nguyên nhân hay không khi chưa nhận thức được nguyên nhân của nó.,Chủ nghĩa duy tâm chủ quan.,Chủ nghĩa duy tâm khách quan,Chủ nghĩa duy vật biện chứng,Chủ nghĩa duy vật siêu hình.,A,,,Loại: Trắc nghiệm triết học; Phần: ; Câu 591: Luận điểm sau đây thuộc lập trường triết học nào: Không thể khẳng định một hiện tượng nào đó có nguyên nhân hay không khi chưa nhận thức được nguyên nhân của nó. A. Chủ nghĩa duy tâm chủ quan. B. Chủ nghĩa duy tâm khách quan C. Chủ nghĩa duy vật biện chứng D. Chủ nghĩa duy vật siêu hình. Đáp án đúng: A. Giải thích:
mcq_triet_592,592,"Trong những luận điểm sau đây, đâu là luận điểm của chủ nghĩa duy vật biện chứng?",Ý thức con người không sáng tạo ra mối liên hệ nhân quả của hiện thực.,Mối liên hệ nhân quả chỉ tồn tại khi chúng ta nhận thức được nó.,Không phải mọi hiện tượng đều có nguyên nhân.,,A,,,"Loại: Trắc nghiệm triết học; Phần: ; Câu 592: Trong những luận điểm sau đây, đâu là luận điểm của chủ nghĩa duy vật biện chứng? A. Ý thức con người không sáng tạo ra mối liên hệ nhân quả của hiện thực. B. Mối liên hệ nhân quả chỉ tồn tại khi chúng ta nhận thức được nó. C. Không phải mọi hiện tượng đều có nguyên nhân. D.  Đáp án đúng: A. Giải thích:"
mcq_triet_593,593,Theo quan điểm của chủ nghĩa duy vật biện chứng nhận định nào sau đây là đúng?,Nguyên nhân luôn luôn xuất hiện trước kết quả.,Cái xuất hiện trước đều là nguyên nhân của cái xuất hiện sau.,Mọi sự kế tiếp nhau về mặt thời gian đều là quan hệ nhân quả.,,A,,,Loại: Trắc nghiệm triết học; Phần: ; Câu 593: Theo quan điểm của chủ nghĩa duy vật biện chứng nhận định nào sau đây là đúng? A. Nguyên nhân luôn luôn xuất hiện trước kết quả. B. Cái xuất hiện trước đều là nguyên nhân của cái xuất hiện sau. C. Mọi sự kế tiếp nhau về mặt thời gian đều là quan hệ nhân quả. D.  Đáp án đúng: A. Giải thích:
mcq_triet_594,594,Theo quan điểm của chủ nghĩa duy vật biện chứng đâu là luận điểm sai?,Mọi cái xuất hiện trước đều là nguyên nhân của cái xuất hiện sau.,Nguyên nhân là cái sản sinh ra kết quả.,Nguyên nhân xuất hiện trước kết quả.,,A,,,Loại: Trắc nghiệm triết học; Phần: ; Câu 594: Theo quan điểm của chủ nghĩa duy vật biện chứng đâu là luận điểm sai? A. Mọi cái xuất hiện trước đều là nguyên nhân của cái xuất hiện sau. B. Nguyên nhân là cái sản sinh ra kết quả. C. Nguyên nhân xuất hiện trước kết quả. D.  Đáp án đúng: A. Giải thích:
mcq_triet_595,595,Có thể đồng nhất quan hệ hàm số với quan hệ nhân quả không?,Không,có,,,A,,,Loại: Trắc nghiệm triết học; Phần: ; Câu 595: Có thể đồng nhất quan hệ hàm số với quan hệ nhân quả không? A. Không B. có C.  D.  Đáp án đúng: A. Giải thích:
mcq_triet_596,596,Theo quan điểm của chủ nghĩa duy vật biện chứng luận điểm nào sau đây là sai?,Nguyên nhân giống nhau trong những điều kiện khác nhau có thể đưa đến nhứng kết quả khác nhau.,Nguyên nhân khác nhau cũng có thể đưa đến kết quả như nhau.,Nguyên nhân giống nhau trong điều kiện giống nhau luôn luôn đưa đến kết quả như nhau. 118 Đáp án: C là đáp án đúng,,,,,Loại: Trắc nghiệm triết học; Phần: ; Câu 596: Theo quan điểm của chủ nghĩa duy vật biện chứng luận điểm nào sau đây là sai? A. Nguyên nhân giống nhau trong những điều kiện khác nhau có thể đưa đến nhứng kết quả khác nhau. B. Nguyên nhân khác nhau cũng có thể đưa đến kết quả như nhau. C. Nguyên nhân giống nhau trong điều kiện giống nhau luôn luôn đưa đến kết quả như nhau. 118 Đáp án: C là đáp án đúng D.  Đáp án đúng: . Giải thích:
mcq_triet_597,597,"Trong những luận điểm sau, đâu là luận điểm của chủ nghĩa duy vật biện chứng?","Kết quả do nguyên nhân quyết định, nhưng kết quả lại tác động trở lại nguyên nhân.",Kết quả không tác động gì đối với nguyên nhân.,Kết quả và nguyên nhân không thể thay đổi vị trí cho nhau.,,A,,,"Loại: Trắc nghiệm triết học; Phần: ; Câu 597: Trong những luận điểm sau, đâu là luận điểm của chủ nghĩa duy vật biện chứng? A. Kết quả do nguyên nhân quyết định, nhưng kết quả lại tác động trở lại nguyên nhân. B. Kết quả không tác động gì đối với nguyên nhân. C. Kết quả và nguyên nhân không thể thay đổi vị trí cho nhau. D.  Đáp án đúng: A. Giải thích:"
mcq_triet_598,598,Hãy xác định đâu là cái tất yếu khi gieo một con xúc xắc.,Có một trong 6 mặt xấp và một trong 6 mặt ngửa,Mặt một chấm xấp trong lần gieo thứ nhất.,Mặt năm chấm xấp trong lần gieo thứ hai.,,A,,,Loại: Trắc nghiệm triết học; Phần: ; Câu 598: Hãy xác định đâu là cái tất yếu khi gieo một con xúc xắc. A. Có một trong 6 mặt xấp và một trong 6 mặt ngửa B. Mặt một chấm xấp trong lần gieo thứ nhất. C. Mặt năm chấm xấp trong lần gieo thứ hai. D.  Đáp án đúng: A. Giải thích:
mcq_triet_599,599,Điền cụm từ thích hợp vào chỗ trống của câu sau để được định nghĩa phạm trù tất nhiên: tất nhiên là cái do ..(1).. của kết cấu vật chất quyết định và trong những điều kiện nhất định nó phải ...(2). ................................ ............................. chứ không thể khác được.,"1- nguyên nhân bên ngoài, 2- xảy ra như thế.","1- những nguyên nhân bên trong, 2- xảy ra như thế.","1- những nguyên nhân bên trong, 2- không xác định được",,B,,,"Loại: Trắc nghiệm triết học; Phần: ; Câu 599: Điền cụm từ thích hợp vào chỗ trống của câu sau để được định nghĩa phạm trù tất nhiên: tất nhiên là cái do ..(1).. của kết cấu vật chất quyết định và trong những điều kiện nhất định nó phải ...(2). ................................ ............................. chứ không thể khác được. A. 1- nguyên nhân bên ngoài, 2- xảy ra như thế. B. 1- những nguyên nhân bên trong, 2- xảy ra như thế. C. 1- những nguyên nhân bên trong, 2- không xác định được D.  Đáp án đúng: B. Giải thích:"
mcq_triet_600,600,"Điền cụm từ thích hợp vào chỗ trống của câu sau để được định nghĩa khái niệm ngẫu nhiên: ""Ngẫu nhiên là cái không do ...(1)... kết cấu vật chất quyết định, mà do ...(2)... quyết định"".","1- nguyên nhân, 2- hoàn cảnh bên ngoài.","1- Mối liên hệ bản chất bên trong, 2- nhân tố bên ngoài.","1- mối liên hệ bên ngoài, 2- mối liên hệ bên trong.",,B,,,"Loại: Trắc nghiệm triết học; Phần: ; Câu 600: Điền cụm từ thích hợp vào chỗ trống của câu sau để được định nghĩa khái niệm ngẫu nhiên: ""Ngẫu nhiên là cái không do ...(1)... kết cấu vật chất quyết định, mà do ...(2)... quyết định"". A. 1- nguyên nhân, 2- hoàn cảnh bên ngoài. B. 1- Mối liên hệ bản chất bên trong, 2- nhân tố bên ngoài. C. 1- mối liên hệ bên ngoài, 2- mối liên hệ bên trong. D.  Đáp án đúng: B. Giải thích:"
mcq_triet_601,601,"Trong nhứng luận điểm sau đây, đâu là luận điểm của chủ nghĩa duy vật biện chứng?",Mọi cái chung đều là cái tất yếu.,Mọi cái chung đều không phải là cái tất yếu.,Chỉ có cái chung được quyết định bởi bản chất nội tại của sự vật mới là cái tất yếu.,,C,,,"Loại: Trắc nghiệm triết học; Phần: ; Câu 601: Trong nhứng luận điểm sau đây, đâu là luận điểm của chủ nghĩa duy vật biện chứng? A. Mọi cái chung đều là cái tất yếu. B. Mọi cái chung đều không phải là cái tất yếu. C. Chỉ có cái chung được quyết định bởi bản chất nội tại của sự vật mới là cái tất yếu. D.  Đáp án đúng: C. Giải thích:"
mcq_triet_602,602,"Nhu cầu ăn, mặc, ở, học tập của con người là cái chung hay là cái tất yếu?",Là cái chung,Là cái tất yếu 119 C. Vừa là cái chung vừa là cái tất yếu.,,,C,,,"Loại: Trắc nghiệm triết học; Phần: ; Câu 602: Nhu cầu ăn, mặc, ở, học tập của con người là cái chung hay là cái tất yếu? A. Là cái chung B. Là cái tất yếu 119 C. Vừa là cái chung vừa là cái tất yếu. C.  D.  Đáp án đúng: C. Giải thích:"
mcq_triet_603,603,Theo quan điểm của chủ nghĩa duy vật biện chứng luận điểm nào sau đây là sai?,Mọi cái tất yếu đều là cái chung.,Mọi cái chung đều là cái tất yếu.,Không phải cái chung nào cũng là cái tất yếu.,,B,,,Loại: Trắc nghiệm triết học; Phần: ; Câu 603: Theo quan điểm của chủ nghĩa duy vật biện chứng luận điểm nào sau đây là sai? A. Mọi cái tất yếu đều là cái chung. B. Mọi cái chung đều là cái tất yếu. C. Không phải cái chung nào cũng là cái tất yếu. D.  Đáp án đúng: B. Giải thích:
mcq_triet_604,604,"Sự giống nhau về sở thích ăn, mặc, ở, học nghệ gì là cái chung tất yếu hay là cái chung có tính chất ngẫu nhiên.",Cái chung tất yếu,Cái chung ngẫu nhiên,,,B,,,"Loại: Trắc nghiệm triết học; Phần: ; Câu 604: Sự giống nhau về sở thích ăn, mặc, ở, học nghệ gì là cái chung tất yếu hay là cái chung có tính chất ngẫu nhiên. A. Cái chung tất yếu B. Cái chung ngẫu nhiên C.  D.  Đáp án đúng: B. Giải thích:"
mcq_triet_605,605,Theo quan điểm của chủ nghĩa duy vật biện chứng luận điểm nào sau đây là đúng?,Ngẫu nhiên và tất nhiên đều có nguyên nhân,Những hiện tượng chưa nhận thức được nguyên nhân là cái ngẫu nhiên.,Những hiện tượng nhận thức được nguyên nhân đều trở thành cái tất yếu.,,A,,,Loại: Trắc nghiệm triết học; Phần: ; Câu 605: Theo quan điểm của chủ nghĩa duy vật biện chứng luận điểm nào sau đây là đúng? A. Ngẫu nhiên và tất nhiên đều có nguyên nhân B. Những hiện tượng chưa nhận thức được nguyên nhân là cái ngẫu nhiên. C. Những hiện tượng nhận thức được nguyên nhân đều trở thành cái tất yếu. D.  Đáp án đúng: A. Giải thích:
mcq_triet_606,606,Theo quan điểm của chủ nghĩa duy vật biện chứng khẳng định nào sau đây là đúng?,Cái ngẫu nhiên không có nguyên nhân.,Chỉ có cái tất yếu mới có nguyên nhân.,Không phải cái gì con người chưa nhận thức được nguyên nhân là cái ngẫu nhiên.,,C,,,Loại: Trắc nghiệm triết học; Phần: ; Câu 606: Theo quan điểm của chủ nghĩa duy vật biện chứng khẳng định nào sau đây là đúng? A. Cái ngẫu nhiên không có nguyên nhân. B. Chỉ có cái tất yếu mới có nguyên nhân. C. Không phải cái gì con người chưa nhận thức được nguyên nhân là cái ngẫu nhiên. D.  Đáp án đúng: C. Giải thích:
mcq_triet_607,607,Luận điểm sau đây thuộc lập trường triết học nào: Tất nhiên là cái chúng ta biết được nguyên nhân và chi phối được nó.,Chủ nghĩa duy tâm khách quan.,Chủ nghĩa duy tâm chủ quan.,Chủ nghĩa duy vật biện chứng.,Chủ nghĩa duy vật siêu hình.,B,,,Loại: Trắc nghiệm triết học; Phần: ; Câu 607: Luận điểm sau đây thuộc lập trường triết học nào: Tất nhiên là cái chúng ta biết được nguyên nhân và chi phối được nó. A. Chủ nghĩa duy tâm khách quan. B. Chủ nghĩa duy tâm chủ quan. C. Chủ nghĩa duy vật biện chứng. D. Chủ nghĩa duy vật siêu hình. Đáp án đúng: B. Giải thích:
mcq_triet_608,608,"Theo quan điểm của chủ nghĩa duy vật biện chứng, luận điểm nào sau đây là đúng?",Đối với sự phát triển của sự vật chỉ có cái tất nhiên mới có vai trò quan trọng.,Cái ngẫu nhiên không có vai trò gì đối với sự phát triển của sự vật 120 C. Cả cái tất yếu và cái ngẫu nhiên đều có vai trò quan trọng đối với sự phát triển của sự vật.,,,C,,,"Loại: Trắc nghiệm triết học; Phần: ; Câu 608: Theo quan điểm của chủ nghĩa duy vật biện chứng, luận điểm nào sau đây là đúng? A. Đối với sự phát triển của sự vật chỉ có cái tất nhiên mới có vai trò quan trọng. B. Cái ngẫu nhiên không có vai trò gì đối với sự phát triển của sự vật 120 C. Cả cái tất yếu và cái ngẫu nhiên đều có vai trò quan trọng đối với sự phát triển của sự vật. C.  D.  Đáp án đúng: C. Giải thích:"
mcq_triet_609,609,Theo quan điểm của chủ nghĩa duy vật biện chứng luận điểm nào sau đây là đúng?,Có tất nhiên thuần tuý tồn tại khách quan,Có ngẫu nhiên thuần tuý tồn tại khách quan,Không có cái tất nhiên và ngẫu nhiên thuần tuý tồn tại bên ngoài nhau.,,C,,,Loại: Trắc nghiệm triết học; Phần: ; Câu 609: Theo quan điểm của chủ nghĩa duy vật biện chứng luận điểm nào sau đây là đúng? A. Có tất nhiên thuần tuý tồn tại khách quan B. Có ngẫu nhiên thuần tuý tồn tại khách quan C. Không có cái tất nhiên và ngẫu nhiên thuần tuý tồn tại bên ngoài nhau. D.  Đáp án đúng: C. Giải thích:
mcq_triet_610,610,Theo quan điểm của chủ nghĩa duy vật biện chứng luận điểm nào sau đây là sai?,Tất nhiên biểu hiện sự tồn tại của mình thông qua vô vàn cái ngẫu nhiên.,Ngẫu nhiên là hình thức biểu hiện của cái tất nhiên.,Có cái ngẫu nhiên thuần tuý không thể hiện cái tất nhiên.,,C,,,Loại: Trắc nghiệm triết học; Phần: ; Câu 610: Theo quan điểm của chủ nghĩa duy vật biện chứng luận điểm nào sau đây là sai? A. Tất nhiên biểu hiện sự tồn tại của mình thông qua vô vàn cái ngẫu nhiên. B. Ngẫu nhiên là hình thức biểu hiện của cái tất nhiên. C. Có cái ngẫu nhiên thuần tuý không thể hiện cái tất nhiên. D.  Đáp án đúng: C. Giải thích:
mcq_triet_611,611,"Luận điểm sau đây thuộc lập trường triết học nào: Tất nhiên và ngẫu nhiên t ồn tại khách quan nhưng tách r ời nhau, không có liên quan gì v ới nhau.",Chủ nghĩa duy vật biện chứng.,Chủ nghĩa duy vật siêu hình.,Chủ nghĩa duy tâm khách quan.,,B,,,"Loại: Trắc nghiệm triết học; Phần: ; Câu 611: Luận điểm sau đây thuộc lập trường triết học nào: Tất nhiên và ngẫu nhiên t ồn tại khách quan nhưng tách r ời nhau, không có liên quan gì v ới nhau. A. Chủ nghĩa duy vật biện chứng. B. Chủ nghĩa duy vật siêu hình. C. Chủ nghĩa duy tâm khách quan. D.  Đáp án đúng: B. Giải thích:"
mcq_triet_612,612,Trong hoạt động thực tiễn phải dựa vào cái ngẫu nhiên hay tất nhiên là chính?,Dựa vào ngẫu nhiên,Dựa vào tất yếu,Dựa vào cả hai,,B,,,Loại: Trắc nghiệm triết học; Phần: ; Câu 612: Trong hoạt động thực tiễn phải dựa vào cái ngẫu nhiên hay tất nhiên là chính? A. Dựa vào ngẫu nhiên B. Dựa vào tất yếu C. Dựa vào cả hai D.  Đáp án đúng: B. Giải thích:
mcq_triet_613,613,"Điền tập hợp từ vào chỗ trống của câu sau để được định nghĩa khái niệm nội dung: nội dung là ................................ ........... những mặt, những yếu tố, những quá trình tạo nên sự vật.",Sự tác động,Sự kết hợp,Tổng hợp tất cả,,C,,,"Loại: Trắc nghiệm triết học; Phần: ; Câu 613: Điền tập hợp từ vào chỗ trống của câu sau để được định nghĩa khái niệm nội dung: nội dung là ................................ ........... những mặt, những yếu tố, những quá trình tạo nên sự vật. A. Sự tác động B. Sự kết hợp C. Tổng hợp tất cả D.  Đáp án đúng: C. Giải thích:"
mcq_triet_614,614,"Điền cụm từ thích hợp vào chỗ trống của câu sau để được định nghĩa phạm trù hình thức: Hình thức là ...(1)... của sự vật,là hệ thống các ...(2). ................................ .................. giữa các yếu tố của sự vật. 121 A. 1- các mặt các yếu tố, 2- mối liên hệ B. 1- phương thức tồn tại và phát triển, 2- các mối liên hệ tương đối bền vững. C. 1- tập hợp tất cả những mặt, 2- mối liên hệ bền vững. Đáp án: B là đáp án đúng Câu 615: Điền cụm từ tích hợp vào câu sau để được khái niệm về hình thức: Hình thức là hệ thống ................................ ............... giữa các yếu tố của sự vật.",Mối liên hệ tương đối bền vững.,Hệ thống các bước chuyển hoá,Mặt đối lập,Mâu thuẫn được thiết lập,B,,,"Loại: Trắc nghiệm triết học; Phần: ; Câu 614: Điền cụm từ thích hợp vào chỗ trống của câu sau để được định nghĩa phạm trù hình thức: Hình thức là ...(1)... của sự vật,là hệ thống các ...(2). ................................ .................. giữa các yếu tố của sự vật. 121 A. 1- các mặt các yếu tố, 2- mối liên hệ B. 1- phương thức tồn tại và phát triển, 2- các mối liên hệ tương đối bền vững. C. 1- tập hợp tất cả những mặt, 2- mối liên hệ bền vững. Đáp án: B là đáp án đúng Câu 615: Điền cụm từ tích hợp vào câu sau để được khái niệm về hình thức: Hình thức là hệ thống ................................ ............... giữa các yếu tố của sự vật. A. Mối liên hệ tương đối bền vững. B. Hệ thống các bước chuyển hoá C. Mặt đối lập D. Mâu thuẫn được thiết lập Đáp án đúng: B. Giải thích:"
mcq_triet_616,616,Không có hình th ức nào t ồn tại thu ần tuý không ch ứa nội dung và cũng không có n ội dung nào l ại không t ồn tại trong nh ững hình th ức xác đ ịnh. Quan đi ểm này th ể hiện?,Không có hình thức tồn tại thuần tuý không chứa đựng nội dung.,Nội dung nào cũng tồn tại trong một hình thức nhất định.,Nội dung và hình thức hoàn toàn tách rời nhau.,,C,,,Loại: Trắc nghiệm triết học; Phần: ; Câu 616: Không có hình th ức nào t ồn tại thu ần tuý không ch ứa nội dung và cũng không có n ội dung nào l ại không t ồn tại trong nh ững hình th ức xác đ ịnh. Quan đi ểm này th ể hiện? A. Không có hình thức tồn tại thuần tuý không chứa đựng nội dung. B. Nội dung nào cũng tồn tại trong một hình thức nhất định. C. Nội dung và hình thức hoàn toàn tách rời nhau. D.  Đáp án đúng: C. Giải thích:
mcq_triet_617,617,Theo quan điểm của chủ nghĩa duy vật biện chứng luận điểm nào sau đây là sai?,Nội dung và hình thức không tách rời nhau.,Nội dung và hình thức luôn luôn phù hợp với nhau.,Không phải lúc nào nội dung và hình thức cũng phù hợp với nhau.,,B,,,Loại: Trắc nghiệm triết học; Phần: ; Câu 617: Theo quan điểm của chủ nghĩa duy vật biện chứng luận điểm nào sau đây là sai? A. Nội dung và hình thức không tách rời nhau. B. Nội dung và hình thức luôn luôn phù hợp với nhau. C. Không phải lúc nào nội dung và hình thức cũng phù hợp với nhau. D.  Đáp án đúng: B. Giải thích:
mcq_triet_618,618,Luận điểm sau đây thuộc lập trường triết học nào: Khái niệm hình thức được tạo ra trong tư duy của con người rồi đưa vào hiện thực để sắp xếp các sự vật cho có trật tự.,Chủ nghĩa duy vật biện chứng,Chủ nghĩa duy tâm chủ quan,Chủ nghĩa duy tâm khách quan,,B,,,Loại: Trắc nghiệm triết học; Phần: ; Câu 618: Luận điểm sau đây thuộc lập trường triết học nào: Khái niệm hình thức được tạo ra trong tư duy của con người rồi đưa vào hiện thực để sắp xếp các sự vật cho có trật tự. A. Chủ nghĩa duy vật biện chứng B. Chủ nghĩa duy tâm chủ quan C. Chủ nghĩa duy tâm khách quan D.  Đáp án đúng: B. Giải thích:
mcq_triet_619,619,"Luận điểm sau đây thuộc lập trường triết học nào: Hình thức thuần tuý của sự vật tồn tại trước sự vật, quyết định nội dung của sự vật.",Chủ nghĩa duy tâm chủ quan.,Chủ nghĩa duy tâm khách quan. 122 C. Chủ nghĩa duy vật biện chứng.,,,B,,,"Loại: Trắc nghiệm triết học; Phần: ; Câu 619: Luận điểm sau đây thuộc lập trường triết học nào: Hình thức thuần tuý của sự vật tồn tại trước sự vật, quyết định nội dung của sự vật. A. Chủ nghĩa duy tâm chủ quan. B. Chủ nghĩa duy tâm khách quan. 122 C. Chủ nghĩa duy vật biện chứng. C.  D.  Đáp án đúng: B. Giải thích:"
mcq_triet_620,620,"Trong các luận điểm sau, đâu là quan điểm của chủ nghĩa duy vật biện chứng về quan hệ giữa nội dung và hình thức?",Nội dung quyết định hình thức trong sự phát triển của sự vật.,Hình thức quyết định nội dung.,Tồn tại hình thức thuần tuý không chứa đựng nội dung.,,A,,,"Loại: Trắc nghiệm triết học; Phần: ; Câu 620: Trong các luận điểm sau, đâu là quan điểm của chủ nghĩa duy vật biện chứng về quan hệ giữa nội dung và hình thức? A. Nội dung quyết định hình thức trong sự phát triển của sự vật. B. Hình thức quyết định nội dung. C. Tồn tại hình thức thuần tuý không chứa đựng nội dung. D.  Đáp án đúng: A. Giải thích:"
mcq_triet_621,621,"Theo quan điểm của chủ nghĩa duy vật biện chứng, trong các luận điểm sau, đâu là luận điểm sai?",Hình thức thúc đẩy nội dung phát triển nếu nó phù hợp với nội dung.,Hình thức kìm hãm nội dung phát triển nếu nó không phù hợp với nội dung.,Hình thức hoàn toàn không phụ thuộc vào nội dung,,C,,,"Loại: Trắc nghiệm triết học; Phần: ; Câu 621: Theo quan điểm của chủ nghĩa duy vật biện chứng, trong các luận điểm sau, đâu là luận điểm sai? A. Hình thức thúc đẩy nội dung phát triển nếu nó phù hợp với nội dung. B. Hình thức kìm hãm nội dung phát triển nếu nó không phù hợp với nội dung. C. Hình thức hoàn toàn không phụ thuộc vào nội dung D.  Đáp án đúng: C. Giải thích:"
mcq_triet_622,622,"Điền cụm từ thích hợp vào câu sau để được định nghĩa khái niệm bản chất: Bản chất là tổng hợp tất cả những mặt, những mối liên hệ ...(1)...bên trong sự vật, quy định sự ...(2)... của sự vật.","1- chung, 2- vận động và phát triển.","1- ngẫu nhiên, 2- tồn tại và biến đổi.","1- tất nhiên, tương đối ổn định, 2- vận động và phát triển.",,C,,,"Loại: Trắc nghiệm triết học; Phần: ; Câu 622: Điền cụm từ thích hợp vào câu sau để được định nghĩa khái niệm bản chất: Bản chất là tổng hợp tất cả những mặt, những mối liên hệ ...(1)...bên trong sự vật, quy định sự ...(2)... của sự vật. A. 1- chung, 2- vận động và phát triển. B. 1- ngẫu nhiên, 2- tồn tại và biến đổi. C. 1- tất nhiên, tương đối ổn định, 2- vận động và phát triển. D.  Đáp án đúng: C. Giải thích:"
mcq_triet_623,623,Điền cụm từ thích hợp vào chỗ trống của câu sau để được định nghĩa khái niệm hiện tượng: Hiện tượng là ................................ ........... của bản chất.,Cơ sở.,Nguyên nhân,Biểu hiện ra bên ngoài.,,C,,,Loại: Trắc nghiệm triết học; Phần: ; Câu 623: Điền cụm từ thích hợp vào chỗ trống của câu sau để được định nghĩa khái niệm hiện tượng: Hiện tượng là ................................ ........... của bản chất. A. Cơ sở. B. Nguyên nhân C. Biểu hiện ra bên ngoài. D.  Đáp án đúng: C. Giải thích:
mcq_triet_624,624,Theo quan điểm của chủ nghĩa duy vật biện chứng luận điểm nào sau đây là đúng?,Bản chất đồng nhất với cái chung.,"Cái chung và bản chất hoàn toàn khác nhau, không có gì chung","Có cái chung là bản chất, có cái chung không phải là bản chất. 123 Đáp án: C là đáp án đúng",,,,,"Loại: Trắc nghiệm triết học; Phần: ; Câu 624: Theo quan điểm của chủ nghĩa duy vật biện chứng luận điểm nào sau đây là đúng? A. Bản chất đồng nhất với cái chung. B. Cái chung và bản chất hoàn toàn khác nhau, không có gì chung C. Có cái chung là bản chất, có cái chung không phải là bản chất. 123 Đáp án: C là đáp án đúng D.  Đáp án đúng: . Giải thích:"
mcq_triet_625,625,"Luận điểm sau đây thuộc lập trường triết học nào: Bản chất là những thực thể tinh thần tồn tại khách quan, quyết định sự tồn tại của sự vật.",Chủ nghĩa duy tâm chủ quan.,Chủ nghĩa duy tâm khách quan.,Chủ nghĩa duy vật siêu hình.,,B,,,"Loại: Trắc nghiệm triết học; Phần: ; Câu 625: Luận điểm sau đây thuộc lập trường triết học nào: Bản chất là những thực thể tinh thần tồn tại khách quan, quyết định sự tồn tại của sự vật. A. Chủ nghĩa duy tâm chủ quan. B. Chủ nghĩa duy tâm khách quan. C. Chủ nghĩa duy vật siêu hình. D.  Đáp án đúng: B. Giải thích:"
mcq_triet_626,626,"Luận điểm sau đây thuộc lập trường triết học nào: ""Bản chất chỉ là tên gọi trống rỗng, do con người đặt ra, không tồn tại thực"".",Chủ nghĩa duy tâm chủ quan.,Chủ nghĩa duy tâm khách quan,Chủ nghĩa duy vật biện chứng,,A,,,"Loại: Trắc nghiệm triết học; Phần: ; Câu 626: Luận điểm sau đây thuộc lập trường triết học nào: ""Bản chất chỉ là tên gọi trống rỗng, do con người đặt ra, không tồn tại thực"". A. Chủ nghĩa duy tâm chủ quan. B. Chủ nghĩa duy tâm khách quan C. Chủ nghĩa duy vật biện chứng D.  Đáp án đúng: A. Giải thích:"
mcq_triet_627,627,"Luận điểm sau đây thuộc lập trường triết học nào: ""Hiện tượng tồn tại, nhưng đó là tổng hợp những cảm giác của con người"".",Chủ nghĩa duy vật biện chứng,Chủ nghĩa duy tâm khách quan,Chủ nghĩa duy tâm chủ quan,,C,,,"Loại: Trắc nghiệm triết học; Phần: ; Câu 627: Luận điểm sau đây thuộc lập trường triết học nào: ""Hiện tượng tồn tại, nhưng đó là tổng hợp những cảm giác của con người"". A. Chủ nghĩa duy vật biện chứng B. Chủ nghĩa duy tâm khách quan C. Chủ nghĩa duy tâm chủ quan D.  Đáp án đúng: C. Giải thích:"
mcq_triet_628,628,Luận điểm nào sau đây là luận điểm của chủ nghĩa duy vật biện chứng?,Bản chất tồn tại khách quan bên ngoài sự vật,Hiện tượng là tổng hợp các cảm giác của con người,"Bản chất và hiện tượng đều tồn tại khách quan, là cái vốn có của sự vật.",,C,,,"Loại: Trắc nghiệm triết học; Phần: ; Câu 628: Luận điểm nào sau đây là luận điểm của chủ nghĩa duy vật biện chứng? A. Bản chất tồn tại khách quan bên ngoài sự vật B. Hiện tượng là tổng hợp các cảm giác của con người C. Bản chất và hiện tượng đều tồn tại khách quan, là cái vốn có của sự vật. D.  Đáp án đúng: C. Giải thích:"
mcq_triet_629,629,"Theo quan điểm của chủ nghĩa duy vật biện chứng, luận điểm nào sau đây là đúng?",Hiện tượng không bộc lộ bản chất,Có hiện tượng hoàn toàn không biểu hiện bản chất.,Hiện tượng nào cũng biểu hiện bản chất ở một mức độ nhất định.,,C,,,"Loại: Trắc nghiệm triết học; Phần: ; Câu 629: Theo quan điểm của chủ nghĩa duy vật biện chứng, luận điểm nào sau đây là đúng? A. Hiện tượng không bộc lộ bản chất B. Có hiện tượng hoàn toàn không biểu hiện bản chất. C. Hiện tượng nào cũng biểu hiện bản chất ở một mức độ nhất định. D.  Đáp án đúng: C. Giải thích:"
mcq_triet_630,630,"Theo quan điểm của chủ nghĩa duy vật biện chứng, luận điểm nào sau đây là đúng?",Bản chất không được biểu hiện ở hiện tượng,"Bản chất nào hiện tượng ấy, bản chất hoàn toàn đồng nhất với hiện tượng. 124 C. Bản chất nào hiện tượng ấy, bản chất thay đổi hiện tượng biểu hiện nó cũng thay đổi.",,,C,,,"Loại: Trắc nghiệm triết học; Phần: ; Câu 630: Theo quan điểm của chủ nghĩa duy vật biện chứng, luận điểm nào sau đây là đúng? A. Bản chất không được biểu hiện ở hiện tượng B. Bản chất nào hiện tượng ấy, bản chất hoàn toàn đồng nhất với hiện tượng. 124 C. Bản chất nào hiện tượng ấy, bản chất thay đổi hiện tượng biểu hiện nó cũng thay đổi. C.  D.  Đáp án đúng: C. Giải thích:"
mcq_triet_631,631,Theo quan điểm của chủ nghĩa duy vật biện chứng luận điểm nào sau đây là sai?,Bản chất và hiện tượng không hoàn toàn phù hợp nhau.,Cùng một bản chất có thể biểu hiện ở nhiều hiện tượng khác nhau,Một bản chất không thể biểu hiện ở nhiều hiện tượng khác nhau.,,C,,,Loại: Trắc nghiệm triết học; Phần: ; Câu 631: Theo quan điểm của chủ nghĩa duy vật biện chứng luận điểm nào sau đây là sai? A. Bản chất và hiện tượng không hoàn toàn phù hợp nhau. B. Cùng một bản chất có thể biểu hiện ở nhiều hiện tượng khác nhau C. Một bản chất không thể biểu hiện ở nhiều hiện tượng khác nhau. D.  Đáp án đúng: C. Giải thích:
mcq_triet_632,632,"Theo quan điểm của chủ nghĩa Mác - Lênin, luận điểm nào sau đây nói về bản chất của giai cấp tư sản?",Giai cấp tư sản bóc lột giá trị thặng dư,Giai cấp tư sản tích cực đổi mới công nghệ,"Giai cấp tư sản thường áp dụng khoa học kỹ thuật, nâng cao năng suất lao động",Giai cấp tư sản tích cực đổi mới phương pháp quản lý.,A,,,"Loại: Trắc nghiệm triết học; Phần: ; Câu 632: Theo quan điểm của chủ nghĩa Mác - Lênin, luận điểm nào sau đây nói về bản chất của giai cấp tư sản? A. Giai cấp tư sản bóc lột giá trị thặng dư B. Giai cấp tư sản tích cực đổi mới công nghệ C. Giai cấp tư sản thường áp dụng khoa học kỹ thuật, nâng cao năng suất lao động D. Giai cấp tư sản tích cực đổi mới phương pháp quản lý. Đáp án đúng: A. Giải thích:"
mcq_triet_633,633,"Điền cụm từ thích hợp vào chỗ trống của câu sau để được định nghĩa khái niệm hiện thực: ""Hiện thực là phạm trù triết học chỉ cái ................................ ............... """,Mối liên hệ giữa các sự vật.,"Chưa có, chưa tồn tại",Hiện có đang tồn tại,,C,,,"Loại: Trắc nghiệm triết học; Phần: ; Câu 633: Điền cụm từ thích hợp vào chỗ trống của câu sau để được định nghĩa khái niệm hiện thực: ""Hiện thực là phạm trù triết học chỉ cái ................................ ............... "" A. Mối liên hệ giữa các sự vật. B. Chưa có, chưa tồn tại C. Hiện có đang tồn tại D.  Đáp án đúng: C. Giải thích:"
mcq_triet_634,634,"Điền cụm từ thích hợp vào chỗ trống của câu sau để được định nghĩa khái niệm khả năng: ""Khả năng là phạm trù triết học chỉ ................................ .......................... khi có các điều kiện thích hợp"".","Cái đang có, đang tồn tại","Cái chưa có, nhưng sẽ có",Cái không thể có,Cái tiền đề để tạo nên sự vật mới.,B,,,"Loại: Trắc nghiệm triết học; Phần: ; Câu 634: Điền cụm từ thích hợp vào chỗ trống của câu sau để được định nghĩa khái niệm khả năng: ""Khả năng là phạm trù triết học chỉ ................................ .......................... khi có các điều kiện thích hợp"". A. Cái đang có, đang tồn tại B. Cái chưa có, nhưng sẽ có C. Cái không thể có D. Cái tiền đề để tạo nên sự vật mới. Đáp án đúng: B. Giải thích:"
mcq_triet_635,635,Dấu hiệu để phân biệt khả năng với hiện thực là gì?,Sự nhận biết được hay không nhận biết được.,Sự xác định hay không xác định.,Sự có mặt và không có mặt trên thực tế 125 Đáp án: C là đáp án đúng,,,,,Loại: Trắc nghiệm triết học; Phần: ; Câu 635: Dấu hiệu để phân biệt khả năng với hiện thực là gì? A. Sự nhận biết được hay không nhận biết được. B. Sự xác định hay không xác định. C. Sự có mặt và không có mặt trên thực tế 125 Đáp án: C là đáp án đúng D.  Đáp án đúng: . Giải thích:
mcq_triet_636,636,"Theo quan điểm của chủ nghĩa duy vật biện chứng, luận điểm nào sau đây là sai?",Cái hiện chưa có nhưng sẽ có là khả năng.,Cái hiện đang có là hiện thực.,Cái chưa cảm nhận được là khả năng.,,A,,,"Loại: Trắc nghiệm triết học; Phần: ; Câu 636: Theo quan điểm của chủ nghĩa duy vật biện chứng, luận điểm nào sau đây là sai? A. Cái hiện chưa có nhưng sẽ có là khả năng. B. Cái hiện đang có là hiện thực. C. Cái chưa cảm nhận được là khả năng. D.  Đáp án đúng: A. Giải thích:"
mcq_triet_637,637,Thêm cụm từ nào vào câu sau để được một khẳng định của chủ nghĩa duy vật biện chứng về các loại khả năng:,Mối liên hệ chung,"Mối liên hệ tất nhiên, ổn định",Tương tác ngẫu nhiên,Nguyên nhân bên trong,C,,,"Loại: Trắc nghiệm triết học; Phần: ; Câu 637: Thêm cụm từ nào vào câu sau để được một khẳng định của chủ nghĩa duy vật biện chứng về các loại khả năng: A. Mối liên hệ chung B. Mối liên hệ tất nhiên, ổn định C. Tương tác ngẫu nhiên D. Nguyên nhân bên trong Đáp án đúng: C. Giải thích:"
mcq_triet_638,638,Theo quan điểm của chủ nghĩa duy vật biện chứng luận điểm nào sau đây là sai?,Khả năng và hiện thực đều tồn tại khách quan.,Khả năng và hiện thực không tách rời nhau,"Chỉ có hiện thực tồn tại khách quan, khả năng chỉ là cảm giác của con người.",,C,,,"Loại: Trắc nghiệm triết học; Phần: ; Câu 638: Theo quan điểm của chủ nghĩa duy vật biện chứng luận điểm nào sau đây là sai? A. Khả năng và hiện thực đều tồn tại khách quan. B. Khả năng và hiện thực không tách rời nhau C. Chỉ có hiện thực tồn tại khách quan, khả năng chỉ là cảm giác của con người. D.  Đáp án đúng: C. Giải thích:"
mcq_triet_639,639,Theo quan điểm của chủ nghĩa duy vật biện chứng luận điểm nào sau đây là sai?,Hiện thực nào cũng chứa đựng khả năng.,Khả năng luôn tồn tại trong hiện thực.,"Khả năng chỉ tồn tại trong ý niệm, không tồn tại trong hiện thực.",,C,,,"Loại: Trắc nghiệm triết học; Phần: ; Câu 639: Theo quan điểm của chủ nghĩa duy vật biện chứng luận điểm nào sau đây là sai? A. Hiện thực nào cũng chứa đựng khả năng. B. Khả năng luôn tồn tại trong hiện thực. C. Khả năng chỉ tồn tại trong ý niệm, không tồn tại trong hiện thực. D.  Đáp án đúng: C. Giải thích:"
mcq_triet_640,640,Theo quan niệm của chủ nghĩa duy vật biện chứng luận điểm nào sau đây là sai?,"Cùng một sự vật, trong những điều kiện nhất định tồn tại nhiều khả năng.",Một sự vật trong những điều kiện nhất định chỉ tồn tại một khả năng.,Hiện thực thay đổi khả năng cũng thay đổi.,,B,,,"Loại: Trắc nghiệm triết học; Phần: ; Câu 640: Theo quan niệm của chủ nghĩa duy vật biện chứng luận điểm nào sau đây là sai? A. Cùng một sự vật, trong những điều kiện nhất định tồn tại nhiều khả năng. B. Một sự vật trong những điều kiện nhất định chỉ tồn tại một khả năng. C. Hiện thực thay đổi khả năng cũng thay đổi. D.  Đáp án đúng: B. Giải thích:"
mcq_triet_641,641,Theo quan điểm của chủ nghĩa duy vật biện chứng luận điểm nào sau đây là đúng?,Trong hoạt động thực tiễn phải dựa vào khả năng.,"Trong hoạt động thực tiễn phải dựa vào hiện thực, không cần tính đến khả năng.","Trong hoạt động thực tiễn phải dựa vào hiện thực, đồng thời phải tính đến khả năng. 126 Đáp án: C là đáp án đúng",,,,,"Loại: Trắc nghiệm triết học; Phần: ; Câu 641: Theo quan điểm của chủ nghĩa duy vật biện chứng luận điểm nào sau đây là đúng? A. Trong hoạt động thực tiễn phải dựa vào khả năng. B. Trong hoạt động thực tiễn phải dựa vào hiện thực, không cần tính đến khả năng. C. Trong hoạt động thực tiễn phải dựa vào hiện thực, đồng thời phải tính đến khả năng. 126 Đáp án: C là đáp án đúng D.  Đáp án đúng: . Giải thích:"
mcq_triet_642,642,Luận điểm sau thuộc lập trường triết học nào: Quy luật trong các khoa học là sự sáng tạo chủ quan của con người và được áp dụng vào tự nhiên và xã hội.,Chủ nghĩa duy vật biện chứng.,Chủ nghĩa duy tâm chủ quan,Chủ nghĩa duy tâm khách quan.,Chủ nghĩa duy vật siêu hình.,B,,,Loại: Trắc nghiệm triết học; Phần: ; Câu 642: Luận điểm sau thuộc lập trường triết học nào: Quy luật trong các khoa học là sự sáng tạo chủ quan của con người và được áp dụng vào tự nhiên và xã hội. A. Chủ nghĩa duy vật biện chứng. B. Chủ nghĩa duy tâm chủ quan C. Chủ nghĩa duy tâm khách quan. D. Chủ nghĩa duy vật siêu hình. Đáp án đúng: B. Giải thích:
mcq_triet_643,643,"Điền tập hợp từ thích hợp vào chỗ trống của câu sau để được định nghĩa khái niệm ""chất"": ""Chất là phạm trù triết học dùng để chỉ ... (1) ... khách quan ... (2) ... là sự thống nhất hữu cơ những thuộc tính làm cho sự vật là nó chứ không là cái khác"".","1- Tính quy định, 2- Vốn có của sự vật.","1- Mối liên hệ, 2- Của các sự vật.","1- Các nguyên nhân, 2- Của các sự vật.",,A,,,"Loại: Trắc nghiệm triết học; Phần: ; Câu 643: Điền tập hợp từ thích hợp vào chỗ trống của câu sau để được định nghĩa khái niệm ""chất"": ""Chất là phạm trù triết học dùng để chỉ ... (1) ... khách quan ... (2) ... là sự thống nhất hữu cơ những thuộc tính làm cho sự vật là nó chứ không là cái khác"". A. 1- Tính quy định, 2- Vốn có của sự vật. B. 1- Mối liên hệ, 2- Của các sự vật. C. 1- Các nguyên nhân, 2- Của các sự vật. D.  Đáp án đúng: A. Giải thích:"
mcq_triet_644,644,Theo quan điểm của chủ nghĩa duy vật biện chứng luận điểm nào sau đây là sai?,Chất là tính quy định vốn có của sự vật.,Chất là tổng hợp hữu cơ các thuộc tính của sự vật nói lên sự vật là cái gì.,Chất đồng nhất với thuộc tính.,,C,,,Loại: Trắc nghiệm triết học; Phần: ; Câu 644: Theo quan điểm của chủ nghĩa duy vật biện chứng luận điểm nào sau đây là sai? A. Chất là tính quy định vốn có của sự vật. B. Chất là tổng hợp hữu cơ các thuộc tính của sự vật nói lên sự vật là cái gì. C. Chất đồng nhất với thuộc tính. D.  Đáp án đúng: C. Giải thích:
mcq_triet_645,645,"Theo quan điểm của chủ nghĩa duy vật biện chứng, luận điểm nào sau đây là sai?",Thuộc tính của sự vật là những đặc tính vốn có của sự vật.,Thuộc tính của sự vật bộc lộ thông qua sự tác động giữa các sự vật,Thuộc tính của sự vật không phải là cái vốn có của sự vật,,C,,,"Loại: Trắc nghiệm triết học; Phần: ; Câu 645: Theo quan điểm của chủ nghĩa duy vật biện chứng, luận điểm nào sau đây là sai? A. Thuộc tính của sự vật là những đặc tính vốn có của sự vật. B. Thuộc tính của sự vật bộc lộ thông qua sự tác động giữa các sự vật C. Thuộc tính của sự vật không phải là cái vốn có của sự vật D.  Đáp án đúng: C. Giải thích:"
mcq_triet_646,646,"Theo quan điểm của chủ nghĩa duy vật biện chứng, luận điểm nào sau đây là sai?",Chất tồn tại khách quan bên ngoài sự vật.,Chất tồn tại khách quan gắn liền với sự vật.,Không có chất thuần tuý bên ngoài sự vật.,,A,,,"Loại: Trắc nghiệm triết học; Phần: ; Câu 646: Theo quan điểm của chủ nghĩa duy vật biện chứng, luận điểm nào sau đây là sai? A. Chất tồn tại khách quan bên ngoài sự vật. B. Chất tồn tại khách quan gắn liền với sự vật. C. Không có chất thuần tuý bên ngoài sự vật. D.  Đáp án đúng: A. Giải thích:"
mcq_triet_647,647,"Theo quan điểm của chủ nghĩa duy vật biện chứng, luận điểm nào sau đây là sai?",Mỗi sự vật có nhiều thuộc tính. 127 B. Mỗi thuộc tính biểu hiện một mặt chất của sự vật.,,Mỗi thuộc tính có thể đóng vai trò là tính quy định về chất trong một quan hệ nhất định.,Mỗi sự vật chỉ có một tính quy định về chất.,D,,,"Loại: Trắc nghiệm triết học; Phần: ; Câu 647: Theo quan điểm của chủ nghĩa duy vật biện chứng, luận điểm nào sau đây là sai? A. Mỗi sự vật có nhiều thuộc tính. 127 B. Mỗi thuộc tính biểu hiện một mặt chất của sự vật. B.  C. Mỗi thuộc tính có thể đóng vai trò là tính quy định về chất trong một quan hệ nhất định. D. Mỗi sự vật chỉ có một tính quy định về chất. Đáp án đúng: D. Giải thích:"
mcq_triet_648,648,Theo quan điểm của chủ nghĩa duy vật biện chứng luận điểm nào sau đây là sai?,Không có chất thuần tuý tồn tại bên ngoài sự vật.,Chỉ có sự vật có chất mới tồn tại.,Chỉ có sự vật có vô vàn chất mới tồn tại,Sự vật và chất hoàn toàn đồng nhất với nhau.,D,,,Loại: Trắc nghiệm triết học; Phần: ; Câu 648: Theo quan điểm của chủ nghĩa duy vật biện chứng luận điểm nào sau đây là sai? A. Không có chất thuần tuý tồn tại bên ngoài sự vật. B. Chỉ có sự vật có chất mới tồn tại. C. Chỉ có sự vật có vô vàn chất mới tồn tại D. Sự vật và chất hoàn toàn đồng nhất với nhau. Đáp án đúng: D. Giải thích:
mcq_triet_649,649,Theo quan điểm của chủ nghĩa duy vật biện chứng luận điểm nào sau đây là đúng?,Chất của sự vật được biểu hiện thông qua thuộc tính của sự vật.,Mọi thuộc tính đều biểu hiện chất của sự vật.,"Thuộc tính thay đổi, luôn làm cho chất của sự vật thay đổi.",,A,,,"Loại: Trắc nghiệm triết học; Phần: ; Câu 649: Theo quan điểm của chủ nghĩa duy vật biện chứng luận điểm nào sau đây là đúng? A. Chất của sự vật được biểu hiện thông qua thuộc tính của sự vật. B. Mọi thuộc tính đều biểu hiện chất của sự vật. C. Thuộc tính thay đổi, luôn làm cho chất của sự vật thay đổi. D.  Đáp án đúng: A. Giải thích:"
mcq_triet_650,650,"Luận điểm sau đây thuộc lập trường triết học nào: ""Chất của sự vật tồn tại do phương pháp quan sát sự vật của con người quyết định"".",Chủ nghĩa duy tâm khách quan.,Chủ nghĩa duy tâm chủ quan.,Chủ nghĩa duy vật siêu hình.,,B,,,"Loại: Trắc nghiệm triết học; Phần: ; Câu 650: Luận điểm sau đây thuộc lập trường triết học nào: ""Chất của sự vật tồn tại do phương pháp quan sát sự vật của con người quyết định"". A. Chủ nghĩa duy tâm khách quan. B. Chủ nghĩa duy tâm chủ quan. C. Chủ nghĩa duy vật siêu hình. D.  Đáp án đúng: B. Giải thích:"
mcq_triet_651,651,"Theo quan điểm của chủ nghĩa duy vật biện chứng, luận điểm nào sau đây là sai?",Chất của sự vật phụ thuộc vào số lượng các yếu tố tạo thành sự vật.,Chất của sự vật phụ thuộc vào phương thức kết hợp các yếu tố của sự vật.,"Mọi sự thay đổi phương thức kết hợp các yếu tố của sự vật, đều không làm cho chất của sự vật thay đổi.",,C,,,"Loại: Trắc nghiệm triết học; Phần: ; Câu 651: Theo quan điểm của chủ nghĩa duy vật biện chứng, luận điểm nào sau đây là sai? A. Chất của sự vật phụ thuộc vào số lượng các yếu tố tạo thành sự vật. B. Chất của sự vật phụ thuộc vào phương thức kết hợp các yếu tố của sự vật. C. Mọi sự thay đổi phương thức kết hợp các yếu tố của sự vật, đều không làm cho chất của sự vật thay đổi. D.  Đáp án đúng: C. Giải thích:"
mcq_triet_652,652,"Luận điểm sau đây thuộc lập trường triết học nào: Chất tồn tại khách quan trước khi sự vật tồn tại, quyết định đến sự tồn tại của sự vật.",Chủ nghĩa duy tâm khách quan.,Chủ nghĩa duy tâm chủ quan.,Chủ nghĩa duy vật siêu hình. 128 D. Chủ nghĩa duy vật biện chứng.,,A,,,"Loại: Trắc nghiệm triết học; Phần: ; Câu 652: Luận điểm sau đây thuộc lập trường triết học nào: Chất tồn tại khách quan trước khi sự vật tồn tại, quyết định đến sự tồn tại của sự vật. A. Chủ nghĩa duy tâm khách quan. B. Chủ nghĩa duy tâm chủ quan. C. Chủ nghĩa duy vật siêu hình. 128 D. Chủ nghĩa duy vật biện chứng. D.  Đáp án đúng: A. Giải thích:"
mcq_triet_653,653,"Điền tập hợp từ thích hợp vào chỗ trống của câu sau để được định nghĩa khái niệm ""lượng"": Lượng là phạm trù triết học dùng để chỉ...(1) ... của sự vật về mặt ...(2) ... của sự vận động và phát triển cũng như các thuộc tính của sự vật.","1- tính quy định vốn có, 2- số lượng, quy mô, trình độ, nhịp điệu","1- mối liên hệ và phụ thuộc, 2- bản chất bên trong.","1- mức độ quy mô, 2- chất lượng, phẩm chất.",,A,,,"Loại: Trắc nghiệm triết học; Phần: ; Câu 653: Điền tập hợp từ thích hợp vào chỗ trống của câu sau để được định nghĩa khái niệm ""lượng"": Lượng là phạm trù triết học dùng để chỉ...(1) ... của sự vật về mặt ...(2) ... của sự vận động và phát triển cũng như các thuộc tính của sự vật. A. 1- tính quy định vốn có, 2- số lượng, quy mô, trình độ, nhịp điệu B. 1- mối liên hệ và phụ thuộc, 2- bản chất bên trong. C. 1- mức độ quy mô, 2- chất lượng, phẩm chất. D.  Đáp án đúng: A. Giải thích:"
mcq_triet_654,654,"Theo quan điểm của chủ nghĩa duy vật biện chứng, luận điểm nào sau đây là sai?",Lượng là tính quy định vốn có của sự vật.,"Lượng nói lên quy mô, trình độ phát triển của sự vật",Lượng phụ thuộc vào ý chí của con người.,Lượng tồn tại khách quan gắn liền với sự vật.,C,,,"Loại: Trắc nghiệm triết học; Phần: ; Câu 654: Theo quan điểm của chủ nghĩa duy vật biện chứng, luận điểm nào sau đây là sai? A. Lượng là tính quy định vốn có của sự vật. B. Lượng nói lên quy mô, trình độ phát triển của sự vật C. Lượng phụ thuộc vào ý chí của con người. D. Lượng tồn tại khách quan gắn liền với sự vật. Đáp án đúng: C. Giải thích:"
mcq_triet_655,655,Theo quan điểm của chủ nghĩa duy vật biện chứng luận điểm nào sau đây là sai?,Chất và lượng của sự vật đều tồn tại khách quan.,Không có chất lượng thuần tuý tồn tại bên ngoài sự vật.,Sự phân biệt giữa chất và lượng phụ thuộc vào ý chí của con người.,Sự phân biệt giữa chất và lượng của sự vật có tính chất tương đối.,C,,,Loại: Trắc nghiệm triết học; Phần: ; Câu 655: Theo quan điểm của chủ nghĩa duy vật biện chứng luận điểm nào sau đây là sai? A. Chất và lượng của sự vật đều tồn tại khách quan. B. Không có chất lượng thuần tuý tồn tại bên ngoài sự vật. C. Sự phân biệt giữa chất và lượng phụ thuộc vào ý chí của con người. D. Sự phân biệt giữa chất và lượng của sự vật có tính chất tương đối. Đáp án đúng: C. Giải thích:
mcq_triet_656,656,Theo quan điểm của chủ nghĩa duy vật biện chứng luận điểm nào sau đây là sai?,Sự vật nào cũng là sự thống nhất giữa mặt chất và lượng.,Tính quy định về chất nào của sự vật cũng có tính quy định về lượng tương ứng.,Tính quy định về chất không có tính ổn định.,Tính quy định về lượng nói lên mặt thường xuyên biến đổi của sự vật.,C,,,Loại: Trắc nghiệm triết học; Phần: ; Câu 656: Theo quan điểm của chủ nghĩa duy vật biện chứng luận điểm nào sau đây là sai? A. Sự vật nào cũng là sự thống nhất giữa mặt chất và lượng. B. Tính quy định về chất nào của sự vật cũng có tính quy định về lượng tương ứng. C. Tính quy định về chất không có tính ổn định. D. Tính quy định về lượng nói lên mặt thường xuyên biến đổi của sự vật. Đáp án đúng: C. Giải thích:
mcq_triet_657,657,Theo quan điểm của CNDVBC luận điểm nào sau đây là đúng?,Độ là phạm trù chỉ sự biến đổi của lượng.,Độ là phạm trù chỉ sự biến đổi của chất.,"Độ là phạm trù triết học chỉ giới hạn biến đổi của lượng, trong đó chưa làm thay đổi chất của sự vật. 129 Đáp án: C là đáp án đúng",,,,,"Loại: Trắc nghiệm triết học; Phần: ; Câu 657: Theo quan điểm của CNDVBC luận điểm nào sau đây là đúng? A. Độ là phạm trù chỉ sự biến đổi của lượng. B. Độ là phạm trù chỉ sự biến đổi của chất. C. Độ là phạm trù triết học chỉ giới hạn biến đổi của lượng, trong đó chưa làm thay đổi chất của sự vật. 129 Đáp án: C là đáp án đúng D.  Đáp án đúng: . Giải thích:"
mcq_triet_658,658,Giới hạn từ 0oC đến 100oC được gọi là gì trong quy luật lượng - chất?,Lượng,Độ,Bước nhảy,Chất,A,,,Loại: Trắc nghiệm triết học; Phần: ; Câu 658: Giới hạn từ 0oC đến 100oC được gọi là gì trong quy luật lượng - chất? A. Lượng B. Độ C. Bước nhảy D. Chất Đáp án đúng: A. Giải thích:
mcq_triet_659,659,Khi nước chuyển từ trạng thái lỏng sang trạng thái khí tại 100oC được gọi là gì trong quy luật lượng - chất?,Độ,Chuyển hoá,Bước nhảy,Tiệm tiến,C,,,Loại: Trắc nghiệm triết học; Phần: ; Câu 659: Khi nước chuyển từ trạng thái lỏng sang trạng thái khí tại 100oC được gọi là gì trong quy luật lượng - chất? A. Độ B. Chuyển hoá C. Bước nhảy D. Tiệm tiến Đáp án đúng: C. Giải thích:
mcq_triet_660,660,Trong một mối quan hệ nhất định cái gì xác định sự vật?,Tính quy định về lượng,Tính quy định về chất,Thuộc tính của sự vật.,,B,,,Loại: Trắc nghiệm triết học; Phần: ; Câu 660: Trong một mối quan hệ nhất định cái gì xác định sự vật? A. Tính quy định về lượng B. Tính quy định về chất C. Thuộc tính của sự vật. D.  Đáp án đúng: B. Giải thích:
mcq_triet_661,661,"Tính quy định nói lên sự vật trong một mối quan hệ nhất định đó, gọi là gì?",Chất,Độ,Lượng,Bước nhảy,A,,,"Loại: Trắc nghiệm triết học; Phần: ; Câu 661: Tính quy định nói lên sự vật trong một mối quan hệ nhất định đó, gọi là gì? A. Chất B. Độ C. Lượng D. Bước nhảy Đáp án đúng: A. Giải thích:"
mcq_triet_662,662,Tính quy định nói lên quy mô trình độ phát triển của sự vật được gọi là gì?,Chất,Độ,Lượng,Điểm nút,C,,,Loại: Trắc nghiệm triết học; Phần: ; Câu 662: Tính quy định nói lên quy mô trình độ phát triển của sự vật được gọi là gì? A. Chất B. Độ C. Lượng D. Điểm nút Đáp án đúng: C. Giải thích:
mcq_triet_663,663,Theo quan điểm của chủ nghĩa duy vật biện chứng luận điểm nào sau đây là sai? 130 A. Trong giới hạn của độ sự thay đổi của lượng chưa làm cho chất của sự vật biến đổi. B. Trong giới hạn của độ sự thay đổi của lượng đều đưa đến sự thay đổi về chất của sự vật. C. Chỉ khi lượng đạt đến giới hạn của độ mới làm cho chất của sự vật thay đổi. Đáp án: B là đáp án đúng Câu 664: Theo quan điểm của chủ nghĩa duy vật biện chứng luận điểm nào sau đây là sai?,Không phải mọi sự biến đổi của lượng đều đưa đến sự biến đổi của chất.,Sự thay đổi của lượng phải đạt đến một giới hạn nhất định mới làm cho chất của sự vật thay đổi.,Mọi sự thay đổi của lượng đều đưa đến sự thay đổi về chất của sự vật.,,B,,,Loại: Trắc nghiệm triết học; Phần: ; Câu 663: Theo quan điểm của chủ nghĩa duy vật biện chứng luận điểm nào sau đây là sai? 130 A. Trong giới hạn của độ sự thay đổi của lượng chưa làm cho chất của sự vật biến đổi. B. Trong giới hạn của độ sự thay đổi của lượng đều đưa đến sự thay đổi về chất của sự vật. C. Chỉ khi lượng đạt đến giới hạn của độ mới làm cho chất của sự vật thay đổi. Đáp án: B là đáp án đúng Câu 664: Theo quan điểm của chủ nghĩa duy vật biện chứng luận điểm nào sau đây là sai? A. Không phải mọi sự biến đổi của lượng đều đưa đến sự biến đổi của chất. B. Sự thay đổi của lượng phải đạt đến một giới hạn nhất định mới làm cho chất của sự vật thay đổi. C. Mọi sự thay đổi của lượng đều đưa đến sự thay đổi về chất của sự vật. D.  Đáp án đúng: B. Giải thích:
mcq_triet_665,665,Theo quan điểm của chủ nghĩa duy vật biện chứng luận điểm nào sau đây là đúng?,Sự biến đổi về chất là kết quả sự biến đổi về lượng của sự vật.,Không phải sự biến đổi về chất nào cũng là kết quả của sự biến đổi về lượng.,Chất không có tác động gì đến sự thay đổi của lượng.,,A,,,Loại: Trắc nghiệm triết học; Phần: ; Câu 665: Theo quan điểm của chủ nghĩa duy vật biện chứng luận điểm nào sau đây là đúng? A. Sự biến đổi về chất là kết quả sự biến đổi về lượng của sự vật. B. Không phải sự biến đổi về chất nào cũng là kết quả của sự biến đổi về lượng. C. Chất không có tác động gì đến sự thay đổi của lượng. D.  Đáp án đúng: A. Giải thích:
mcq_triet_666,666,Theo quan điểm của chủ nghĩa duy vật biện chứng luận điểm nào sau đây là đúng?,Phát triển của sự vật chỉ bao hàm sự thay đổi về lượng.,Phát triển của sự vật chỉ bao hàm sự thay đổi về chất.,Quá trình phát triển của sự vật là quá trình chuyển hoá từ sự thay đổi dần dần về lượng sang sự thay đổi về chất và ngược lại.,,C,,,Loại: Trắc nghiệm triết học; Phần: ; Câu 666: Theo quan điểm của chủ nghĩa duy vật biện chứng luận điểm nào sau đây là đúng? A. Phát triển của sự vật chỉ bao hàm sự thay đổi về lượng. B. Phát triển của sự vật chỉ bao hàm sự thay đổi về chất. C. Quá trình phát triển của sự vật là quá trình chuyển hoá từ sự thay đổi dần dần về lượng sang sự thay đổi về chất và ngược lại. D.  Đáp án đúng: C. Giải thích:
mcq_triet_667,667,Câu ca dao: Một cây làm chẳng nên non,Quy luật mâu thuẫn,Quy luật phủ định của phủ định,Quy luật chuyển hoá từ những sự thay đổi về lượng dẫn đến sự thay đổi về chất và ngược lại.,,C,,,Loại: Trắc nghiệm triết học; Phần: ; Câu 667: Câu ca dao: Một cây làm chẳng nên non A. Quy luật mâu thuẫn B. Quy luật phủ định của phủ định C. Quy luật chuyển hoá từ những sự thay đổi về lượng dẫn đến sự thay đổi về chất và ngược lại. D.  Đáp án đúng: C. Giải thích:
mcq_triet_668,668,"Trong hoạt động thực tiễn sai lầm của sự chủ quan, nóng vội là do không tôn trọng quy luật nào?",Quy luật mâu thuẫn,Quy luật phủ định của phủ định,Quy luật lượng - chất 131 Đáp án: C là đáp án đúng,,,,,"Loại: Trắc nghiệm triết học; Phần: ; Câu 668: Trong hoạt động thực tiễn sai lầm của sự chủ quan, nóng vội là do không tôn trọng quy luật nào? A. Quy luật mâu thuẫn B. Quy luật phủ định của phủ định C. Quy luật lượng - chất 131 Đáp án: C là đáp án đúng D.  Đáp án đúng: . Giải thích:"
mcq_triet_669,669,Trong hoạt động thực tiễn sai lầm của trì trệ bảo thủ là do không tôn trọng quy luật nào của phép biện chứng duy vật?,Quy luật lượng - chất.,Quy luật phủ định của phủ định.,Quy luật mâu thuẫn.,,A,,,Loại: Trắc nghiệm triết học; Phần: ; Câu 669: Trong hoạt động thực tiễn sai lầm của trì trệ bảo thủ là do không tôn trọng quy luật nào của phép biện chứng duy vật? A. Quy luật lượng - chất. B. Quy luật phủ định của phủ định. C. Quy luật mâu thuẫn. D.  Đáp án đúng: A. Giải thích:
mcq_triet_670,670,Lênin nói quy luật mâu thẫn có vị trí như thế nào trong phép biện chứng duy vật?,"Là hạt nhân của phép biện chứng duy vật, vạch ra nguồn gốc bên trong của sự vận động và phát triển.",Vạch ra xu hướng của sự phát triển.,Vạch ra cách thức của sự phát triển.,,A,,,"Loại: Trắc nghiệm triết học; Phần: ; Câu 670: Lênin nói quy luật mâu thẫn có vị trí như thế nào trong phép biện chứng duy vật? A. Là hạt nhân của phép biện chứng duy vật, vạch ra nguồn gốc bên trong của sự vận động và phát triển. B. Vạch ra xu hướng của sự phát triển. C. Vạch ra cách thức của sự phát triển. D.  Đáp án đúng: A. Giải thích:"
mcq_triet_671,671,Trong lý luận về mâu thuẫn người ta gọi hai cực dương và âm của thanh nam châm là gì?,Hai mặt,Hai mặt đối lập,Hai yếu tố.,Hai thuộc tính,B,,,Loại: Trắc nghiệm triết học; Phần: ; Câu 671: Trong lý luận về mâu thuẫn người ta gọi hai cực dương và âm của thanh nam châm là gì? A. Hai mặt B. Hai mặt đối lập C. Hai yếu tố. D. Hai thuộc tính Đáp án đúng: B. Giải thích:
mcq_triet_672,672,Trong lý luận về mâu thuẫn người ta gọi quá trình đồng hoá và dị hoá trong cơ thể sống là gì?,Hai yếu tố,Những sự vật,Những thuộc tính,Hai mặt đối lập.,D,,,Loại: Trắc nghiệm triết học; Phần: ; Câu 672: Trong lý luận về mâu thuẫn người ta gọi quá trình đồng hoá và dị hoá trong cơ thể sống là gì? A. Hai yếu tố B. Những sự vật C. Những thuộc tính D. Hai mặt đối lập. Đáp án đúng: D. Giải thích:
mcq_triet_673,673,Trong quy luật mâu thuẫn tính quy định về chất và tính quy định về lượng được gọi là gì?,Hai sự vật,Hai mặt đối lập,Hai thuộc tính 132 D. Hai quá trình,,B,,,Loại: Trắc nghiệm triết học; Phần: ; Câu 673: Trong quy luật mâu thuẫn tính quy định về chất và tính quy định về lượng được gọi là gì? A. Hai sự vật B. Hai mặt đối lập C. Hai thuộc tính 132 D. Hai quá trình D.  Đáp án đúng: B. Giải thích:
mcq_triet_674,674,"Theo quan điểm của chủ nghĩa duy vật biện chứng, luận điểm nào sau đây là sai?",Mặt đối lập là những mặt có đặc điểm trái ngược nhau.,Mặt đối lập tồn tại khách quan trong các sự vật,Mặt đối lập không nhất thiết phải gắn liền với sự vật,"Mặt đối lập là vốn có của các sự vật, hiện tượng",C,,,"Loại: Trắc nghiệm triết học; Phần: ; Câu 674: Theo quan điểm của chủ nghĩa duy vật biện chứng, luận điểm nào sau đây là sai? A. Mặt đối lập là những mặt có đặc điểm trái ngược nhau. B. Mặt đối lập tồn tại khách quan trong các sự vật C. Mặt đối lập không nhất thiết phải gắn liền với sự vật D. Mặt đối lập là vốn có của các sự vật, hiện tượng Đáp án đúng: C. Giải thích:"
mcq_triet_675,675,Theo quan điểm của CNDVBC các mặt đối lập do đâu mà có?,Do ý thức cảm giác của con người tạo ra.,Do ý niệm tuyệt đối sinh ra,"Vốn có của thế giới vật chất, không do ai sinh ra.",,C,,,"Loại: Trắc nghiệm triết học; Phần: ; Câu 675: Theo quan điểm của CNDVBC các mặt đối lập do đâu mà có? A. Do ý thức cảm giác của con người tạo ra. B. Do ý niệm tuyệt đối sinh ra C. Vốn có của thế giới vật chất, không do ai sinh ra. D.  Đáp án đúng: C. Giải thích:"
mcq_triet_676,676,"Theo quan điểm của chủ nghĩa duy vật biện chứng, luận điểm nào sau đây là sai?","Các mặt đối lập nằm trong sự liên hệ với nhau, không có mặt đối lập nào tồn tại biệt lập.",Không phải lúc nào các mặt đối lập cũng liên hệ với nhau.,"Các mặt đối lập liên hệ, tác động qua lại với nhau một cách khách quan.",,B,,,"Loại: Trắc nghiệm triết học; Phần: ; Câu 676: Theo quan điểm của chủ nghĩa duy vật biện chứng, luận điểm nào sau đây là sai? A. Các mặt đối lập nằm trong sự liên hệ với nhau, không có mặt đối lập nào tồn tại biệt lập. B. Không phải lúc nào các mặt đối lập cũng liên hệ với nhau. C. Các mặt đối lập liên hệ, tác động qua lại với nhau một cách khách quan. D.  Đáp án đúng: B. Giải thích:"
mcq_triet_677,677,Luận điểm nào sau đây là không đúng?,Hai mặt đối lập biện chứng của sự vật liên hệ với nhau tạo thành mâu thuẫn biện chứng,Ghép hai mặt đối lập lại với nhau là được mâu thuẫn biện chứng,Không phải ghép bất kỳ hai mặt đối lập lại với nhau là được mâu thuẫn biện chứng.,,B,,,Loại: Trắc nghiệm triết học; Phần: ; Câu 677: Luận điểm nào sau đây là không đúng? A. Hai mặt đối lập biện chứng của sự vật liên hệ với nhau tạo thành mâu thuẫn biện chứng B. Ghép hai mặt đối lập lại với nhau là được mâu thuẫn biện chứng C. Không phải ghép bất kỳ hai mặt đối lập lại với nhau là được mâu thuẫn biện chứng. D.  Đáp án đúng: B. Giải thích:
mcq_triet_678,678,"Hai mặt đối lập ràng buộc nhau, tạo tiền đề tồn tại cho nhau triết học gọi là gì?",Sự đấu tranh của hai mặt đối lập,Sự thống nhất của hai mặt đối lập.,Sự chuyển hoá của hai mặt đối lập.,,B,,,"Loại: Trắc nghiệm triết học; Phần: ; Câu 678: Hai mặt đối lập ràng buộc nhau, tạo tiền đề tồn tại cho nhau triết học gọi là gì? A. Sự đấu tranh của hai mặt đối lập B. Sự thống nhất của hai mặt đối lập. C. Sự chuyển hoá của hai mặt đối lập. D.  Đáp án đúng: B. Giải thích:"
mcq_triet_679,679,Theo quan điểm của CNDVBC sự thống nhất của các mặt đối lập có những biểu hiện gì?,"Sự cùng tồn tại, nương tựa nhau.","Sự đồng nhất, có những điểm chung giữa hai mặt đối lập. 133 C. Sự tác động ngang bằng nhau.",,"Cả A, B và C.",D,,,"Loại: Trắc nghiệm triết học; Phần: ; Câu 679: Theo quan điểm của CNDVBC sự thống nhất của các mặt đối lập có những biểu hiện gì? A. Sự cùng tồn tại, nương tựa nhau. B. Sự đồng nhất, có những điểm chung giữa hai mặt đối lập. 133 C. Sự tác động ngang bằng nhau. C.  D. Cả A, B và C. Đáp án đúng: D. Giải thích:"
mcq_triet_680,680,"Luận điểm sau đây thuộc lập trường triết học nào: ""Sự thống nhất của các mặt đối lập loại trừ sự đấu tranh của các mặt đối lập"".",Chủ nghĩa duy vật siêu hình,Chủ nghĩa duy vật biện chứng,Chủ nghĩa duy tâm biện chứng.,,A,,,"Loại: Trắc nghiệm triết học; Phần: ; Câu 680: Luận điểm sau đây thuộc lập trường triết học nào: ""Sự thống nhất của các mặt đối lập loại trừ sự đấu tranh của các mặt đối lập"". A. Chủ nghĩa duy vật siêu hình B. Chủ nghĩa duy vật biện chứng C. Chủ nghĩa duy tâm biện chứng. D.  Đáp án đúng: A. Giải thích:"
mcq_triet_681,681,Sự tác động theo xu hướng nào thì được gọi là sự đấu tranh của các mặt đối lập?,Ràng buộc nhau.,Nương tựa nhau,"Phủ định, bài trừ nhau.",,C,,,"Loại: Trắc nghiệm triết học; Phần: ; Câu 681: Sự tác động theo xu hướng nào thì được gọi là sự đấu tranh của các mặt đối lập? A. Ràng buộc nhau. B. Nương tựa nhau C. Phủ định, bài trừ nhau. D.  Đáp án đúng: C. Giải thích:"
mcq_triet_682,682,"Lập trường triết học nào cho rằng mâu thuẫn tồn tại là do tư duy, ý thức của con người quyết định?",Chủ nghĩa duy vật siêu hình.,Chủ nghĩa duy tâm chủ quan,Chủ nghĩa duy tâm khách quan,Chủ nghĩa duy vật biện chứng.,B,,,"Loại: Trắc nghiệm triết học; Phần: ; Câu 682: Lập trường triết học nào cho rằng mâu thuẫn tồn tại là do tư duy, ý thức của con người quyết định? A. Chủ nghĩa duy vật siêu hình. B. Chủ nghĩa duy tâm chủ quan C. Chủ nghĩa duy tâm khách quan D. Chủ nghĩa duy vật biện chứng. Đáp án đúng: B. Giải thích:"
mcq_triet_683,683,Quan điểm triết học nào cho rằng mâu thuẫn và quy luật mâu thuẫn là sự vận động của ý niệm tuyệt đối?,Chủ nghĩa duy tâm chủ quan,Chủ nghĩa duy tâm khách quan.,Chủ nghĩa duy vật siêu hình,,B,,,Loại: Trắc nghiệm triết học; Phần: ; Câu 683: Quan điểm triết học nào cho rằng mâu thuẫn và quy luật mâu thuẫn là sự vận động của ý niệm tuyệt đối? A. Chủ nghĩa duy tâm chủ quan B. Chủ nghĩa duy tâm khách quan. C. Chủ nghĩa duy vật siêu hình D.  Đáp án đúng: B. Giải thích:
mcq_triet_684,684,Quan điểm nào sau đây là của CNDVBC?,"Mâu thuẫn tồn tại khách quan trong mọi sự vật, hiện tượng, quá trình của tự nhiên, xã hội và tư duy.",Mâu thuẫn chỉ tồn tại trong tư duy.,Mâu thuẫn chỉ tồn tại trong một số hiện tượng. 134 Đáp án: A là đáp án đúng,,,,,"Loại: Trắc nghiệm triết học; Phần: ; Câu 684: Quan điểm nào sau đây là của CNDVBC? A. Mâu thuẫn tồn tại khách quan trong mọi sự vật, hiện tượng, quá trình của tự nhiên, xã hội và tư duy. B. Mâu thuẫn chỉ tồn tại trong tư duy. C. Mâu thuẫn chỉ tồn tại trong một số hiện tượng. 134 Đáp án: A là đáp án đúng D.  Đáp án đúng: . Giải thích:"
mcq_triet_685,685,Trong mâu thuẫn biện chứng các mặt đối lập quan hệ với nhau như thế nào?,Chỉ thống nhất với nhau.,Chỉ có mặt đấu tranh với nhau.,Vừa thống nhất vừa đấu tranh với nhau.,,C,,,Loại: Trắc nghiệm triết học; Phần: ; Câu 685: Trong mâu thuẫn biện chứng các mặt đối lập quan hệ với nhau như thế nào? A. Chỉ thống nhất với nhau. B. Chỉ có mặt đấu tranh với nhau. C. Vừa thống nhất vừa đấu tranh với nhau. D.  Đáp án đúng: C. Giải thích:
mcq_triet_686,686,Trong hai xu hướng tác động của của các mặt đối lập xu hướng nào quy định sự ổn định tương đối của sự vật?,Thống nhất của các mặt đối lập,Đấu tranh của các mặt đối lập,Cả A và B.,,A,,,Loại: Trắc nghiệm triết học; Phần: ; Câu 686: Trong hai xu hướng tác động của của các mặt đối lập xu hướng nào quy định sự ổn định tương đối của sự vật? A. Thống nhất của các mặt đối lập B. Đấu tranh của các mặt đối lập C. Cả A và B. D.  Đáp án đúng: A. Giải thích:
mcq_triet_687,687,Trong hai xu hướng tác động của các mặt đối lập xu hướng nào quy định sự biến đổi thường xuyên của sự vật?,Thống nhất của các mặt đối lập.,Đấu tranh của các mặt đối lập.,Cả A và B.,,B,,,Loại: Trắc nghiệm triết học; Phần: ; Câu 687: Trong hai xu hướng tác động của các mặt đối lập xu hướng nào quy định sự biến đổi thường xuyên của sự vật? A. Thống nhất của các mặt đối lập. B. Đấu tranh của các mặt đối lập. C. Cả A và B. D.  Đáp án đúng: B. Giải thích:
mcq_triet_688,688,Theo quan điểm của CNDVBC luận điểm nào sau đây là sai?,Trong mâu thuẫn biện chứng thống nhất và đấu tranh của các mặt đối lập là không thể tách rời nhau.,Sự vận động và phát triển của sự vật chỉ do một mình sự đấu tranh của các mặt đối lập quyết định.,Sự vận động và phát triển của sự vật là do sự thống nhất và đấu tranh của các mặt đối lập quyết định.,,B,,,Loại: Trắc nghiệm triết học; Phần: ; Câu 688: Theo quan điểm của CNDVBC luận điểm nào sau đây là sai? A. Trong mâu thuẫn biện chứng thống nhất và đấu tranh của các mặt đối lập là không thể tách rời nhau. B. Sự vận động và phát triển của sự vật chỉ do một mình sự đấu tranh của các mặt đối lập quyết định. C. Sự vận động và phát triển của sự vật là do sự thống nhất và đấu tranh của các mặt đối lập quyết định. D.  Đáp án đúng: B. Giải thích:
mcq_triet_689,689,"Mâu thuẫn quy định bản chất của sự vật, thay đổi cùng với sự thay đổi căn bản về chất của sự vật, được gọi là mâu thuẫn gì?",Mâu thuẫn chủ yếu.,Mâu thuẫn bên trong,Mâu thuẫn cơ bản. 135 Đáp án: C là đáp án đúng,,,,,"Loại: Trắc nghiệm triết học; Phần: ; Câu 689: Mâu thuẫn quy định bản chất của sự vật, thay đổi cùng với sự thay đổi căn bản về chất của sự vật, được gọi là mâu thuẫn gì? A. Mâu thuẫn chủ yếu. B. Mâu thuẫn bên trong C. Mâu thuẫn cơ bản. 135 Đáp án: C là đáp án đúng D.  Đáp án đúng: . Giải thích:"
mcq_triet_690,690,"Mâu thuẫn nổi lên hàng đầu ở một giai đoạn phát triển nhất định của sự vật, chi phối các mâu thuẫn khác trong giai đoạn đó được gọi là mâu thuẫn gì?",Mâu thuẫn cơ bản,Mâu thuẫn chủ yếu,Mâu thuẫn thứ yếu.,Mâu thuẫn đối kháng,B,,,"Loại: Trắc nghiệm triết học; Phần: ; Câu 690: Mâu thuẫn nổi lên hàng đầu ở một giai đoạn phát triển nhất định của sự vật, chi phối các mâu thuẫn khác trong giai đoạn đó được gọi là mâu thuẫn gì? A. Mâu thuẫn cơ bản B. Mâu thuẫn chủ yếu C. Mâu thuẫn thứ yếu. D. Mâu thuẫn đối kháng Đáp án đúng: B. Giải thích:"
mcq_triet_691,691,Luận điểm nào thể hiện quan điểm siêu hình trong các luận điểm sau?,Sự phân biệt giữa mâu thuẫn bên trong và mâu thuẫn bên ngoài chỉ là tương đối.,Giải quyết mâu thuẫn bên trong liên hệ chặt chẽ với việc giải quyết mâu thuẫn bên ngoài.,Giải quyết mâu thuẫn bên trong không quan hệ với việc giải quyết mâu thuẫn bên ngoài.,,C,,,Loại: Trắc nghiệm triết học; Phần: ; Câu 691: Luận điểm nào thể hiện quan điểm siêu hình trong các luận điểm sau? A. Sự phân biệt giữa mâu thuẫn bên trong và mâu thuẫn bên ngoài chỉ là tương đối. B. Giải quyết mâu thuẫn bên trong liên hệ chặt chẽ với việc giải quyết mâu thuẫn bên ngoài. C. Giải quyết mâu thuẫn bên trong không quan hệ với việc giải quyết mâu thuẫn bên ngoài. D.  Đáp án đúng: C. Giải thích:
mcq_triet_692,692,Mâu thuẫn đối kháng tồn tại ở đâu?,"Trong cả tự nhiên, xã, hội và tư duy.",Trong mọi xã hội.,Trong xã hội có giai cấp đối kháng,,C,,,"Loại: Trắc nghiệm triết học; Phần: ; Câu 692: Mâu thuẫn đối kháng tồn tại ở đâu? A. Trong cả tự nhiên, xã, hội và tư duy. B. Trong mọi xã hội. C. Trong xã hội có giai cấp đối kháng D.  Đáp án đúng: C. Giải thích:"
mcq_triet_693,693,"Trong quy luật phủ định của phủ định sự thay thế sự vật này bằng sự vật kia (thí dụ: nụ thành hoa, hoa thành quả v.v.) được gọi là gì?",Mâu thuẫn,Tồn tại,Vận động,Phủ định,D,,,"Loại: Trắc nghiệm triết học; Phần: ; Câu 693: Trong quy luật phủ định của phủ định sự thay thế sự vật này bằng sự vật kia (thí dụ: nụ thành hoa, hoa thành quả v.v.) được gọi là gì? A. Mâu thuẫn B. Tồn tại C. Vận động D. Phủ định Đáp án đúng: D. Giải thích:"
mcq_triet_694,694,Sự tự thay thế sự vật này bằng sự vật kia không phụ thuộc vào ý thức con người trong phép biện chứng duy vật được gọi là gì?,Vận động,Phủ định biện chứng,Phủ định của phủ định,Phủ định 136 Đáp án: B là đáp án đúng,,,,Loại: Trắc nghiệm triết học; Phần: ; Câu 694: Sự tự thay thế sự vật này bằng sự vật kia không phụ thuộc vào ý thức con người trong phép biện chứng duy vật được gọi là gì? A. Vận động B. Phủ định biện chứng C. Phủ định của phủ định D. Phủ định 136 Đáp án: B là đáp án đúng Đáp án đúng: . Giải thích:
mcq_triet_695,695,"Tôi nói ""bông hoa hồng đỏ"". Tôi lại nói ""bông hoa hồng không đỏ"" để phủ nhận câu nói trước của tôi. Đây có phải là phủ định biện chứng không?",Không,Phải,Vừa phải vừa không phải,,A,,,"Loại: Trắc nghiệm triết học; Phần: ; Câu 695: Tôi nói ""bông hoa hồng đỏ"". Tôi lại nói ""bông hoa hồng không đỏ"" để phủ nhận câu nói trước của tôi. Đây có phải là phủ định biện chứng không? A. Không B. Phải C. Vừa phải vừa không phải D.  Đáp án đúng: A. Giải thích:"
mcq_triet_696,696,Theo quan điểm của chủ nghĩa duy vật biện chứng luận điểm nào sau đây là sai?,Phủ định biện chứng có tính khách quan,Phủ định biện chứng là kết quả giải quyết những mâu thuẫn bên trong sự vật,Phủ định biện chứng phụ thuộc vào ý thức của con người,,C,,,Loại: Trắc nghiệm triết học; Phần: ; Câu 696: Theo quan điểm của chủ nghĩa duy vật biện chứng luận điểm nào sau đây là sai? A. Phủ định biện chứng có tính khách quan B. Phủ định biện chứng là kết quả giải quyết những mâu thuẫn bên trong sự vật C. Phủ định biện chứng phụ thuộc vào ý thức của con người D.  Đáp án đúng: C. Giải thích:
mcq_triet_697,697,Theo quan điểm của CNDVBC luận điểm nào sau đây là sai?,Phủ định biện chứng xoá bỏ cái cũ hoàn toàn.,Phủ định biện chứng không đơn giản là xoá bỏ cái cũ.,Phủ định biện chứng loại bỏ những yếu tố không thích hợp của cái cũ.,Phủ định biện chứng giữ lại và cải biến những yếu tố còn thích hợp của cái cũ.,A,,,Loại: Trắc nghiệm triết học; Phần: ; Câu 697: Theo quan điểm của CNDVBC luận điểm nào sau đây là sai? A. Phủ định biện chứng xoá bỏ cái cũ hoàn toàn. B. Phủ định biện chứng không đơn giản là xoá bỏ cái cũ. C. Phủ định biện chứng loại bỏ những yếu tố không thích hợp của cái cũ. D. Phủ định biện chứng giữ lại và cải biến những yếu tố còn thích hợp của cái cũ. Đáp án đúng: A. Giải thích:
mcq_triet_698,698,"Luận điểm sau đây thuộc lập trường triết học nào: ""Cái mới ra đời trên cơ sở phá huỷ hoàn toàn cái cũ"".",Quan điểm siêu hình,Quan điểm biện chứng duy vật,Quan điểm biện chứng duy tâm,,A,,,"Loại: Trắc nghiệm triết học; Phần: ; Câu 698: Luận điểm sau đây thuộc lập trường triết học nào: ""Cái mới ra đời trên cơ sở phá huỷ hoàn toàn cái cũ"". A. Quan điểm siêu hình B. Quan điểm biện chứng duy vật C. Quan điểm biện chứng duy tâm D.  Đáp án đúng: A. Giải thích:"
mcq_triet_699,699,"Luận điểm sau đây thuộc lập trường triết học nào: ""Cái mới ra đời trên cơ sở giữ nguyên cái cũ"".",Quan điểm biện chứng duy vật,Quan điểm biện chứng duy tâm,"Quan điểm siêu hình, phản biện chứng.",,C,,,"Loại: Trắc nghiệm triết học; Phần: ; Câu 699: Luận điểm sau đây thuộc lập trường triết học nào: ""Cái mới ra đời trên cơ sở giữ nguyên cái cũ"". A. Quan điểm biện chứng duy vật B. Quan điểm biện chứng duy tâm C. Quan điểm siêu hình, phản biện chứng. D.  Đáp án đúng: C. Giải thích:"
mcq_triet_700,700,"Luận điểm sau đây thuộc lập trường triết học nào: ""Triết học Mác ra đời trên cơ sở phủ định hoàn toàn các hệ thống triết học trong lịch sử"". 137 A. Quan điểm duy tâm siêu hình. B. Quan điểm biện chứng duy vật. C. Quan điểm biện chứng duy tâm. Đáp án: A là đáp án đúng Câu 701: Sự tự phủ định để đưa sự vật dường như quay lại điểm xuất phát ban đầu trong phép biện chứng được gọi là gì?",Phủ định biện chứng.,Phủ định của phủ định,Chuyển hoá,,A,,,"Loại: Trắc nghiệm triết học; Phần: ; Câu 700: Luận điểm sau đây thuộc lập trường triết học nào: ""Triết học Mác ra đời trên cơ sở phủ định hoàn toàn các hệ thống triết học trong lịch sử"". 137 A. Quan điểm duy tâm siêu hình. B. Quan điểm biện chứng duy vật. C. Quan điểm biện chứng duy tâm. Đáp án: A là đáp án đúng Câu 701: Sự tự phủ định để đưa sự vật dường như quay lại điểm xuất phát ban đầu trong phép biện chứng được gọi là gì? A. Phủ định biện chứng. B. Phủ định của phủ định C. Chuyển hoá D.  Đáp án đúng: A. Giải thích:"
mcq_triet_702,702,Theo quan điểm của chủ nghĩa duy vật biện chứng luận điểm nào sau đây là sai?,Phủ định của phủ định có tính khách quan và kế thừa,Phủ định của phủ định hoàn toàn lặp lại cái ban đầu,Phủ định của phủ định lặp lại cái ban đầu trên cơ sở mới cao hơn,,B,,,Loại: Trắc nghiệm triết học; Phần: ; Câu 702: Theo quan điểm của chủ nghĩa duy vật biện chứng luận điểm nào sau đây là sai? A. Phủ định của phủ định có tính khách quan và kế thừa B. Phủ định của phủ định hoàn toàn lặp lại cái ban đầu C. Phủ định của phủ định lặp lại cái ban đầu trên cơ sở mới cao hơn D.  Đáp án đúng: B. Giải thích:
mcq_triet_703,703,Con đường phát triển của sự vật mà quy luật phủ định của phủ định vạch ra là con đường nào?,Đường thẳng đi lên,Đường tròn khép kín,Đường xoáy ốc đi lên,,C,,,Loại: Trắc nghiệm triết học; Phần: ; Câu 703: Con đường phát triển của sự vật mà quy luật phủ định của phủ định vạch ra là con đường nào? A. Đường thẳng đi lên B. Đường tròn khép kín C. Đường xoáy ốc đi lên D.  Đáp án đúng: C. Giải thích:
mcq_triet_704,704,Theo quan điểm của CNDVBC luận điểm nào sau đây là sai?,Phủ định của phủ định kết thúc một chu kỳ phát triển của sự vật,Phủ định của phủ định mở đầu một chu kỳ phát triển mới của sự vật,Phủ định của phủ định kết thúc sự phát triển của sự vật,,C,,,Loại: Trắc nghiệm triết học; Phần: ; Câu 704: Theo quan điểm của CNDVBC luận điểm nào sau đây là sai? A. Phủ định của phủ định kết thúc một chu kỳ phát triển của sự vật B. Phủ định của phủ định mở đầu một chu kỳ phát triển mới của sự vật C. Phủ định của phủ định kết thúc sự phát triển của sự vật D.  Đáp án đúng: C. Giải thích:
mcq_triet_705,705,Vị trí của quy luật phủ định của phủ định trong phép biện chứng duy vật?,Chỉ ra nguồn gốc của sự phát triển,Chỉ ra cách thức của sự phát triển,Chỉ ra xu hướng của sự phát triển,"Cả A, B và C 138 Đáp án: C là đáp án đúng",,,,"Loại: Trắc nghiệm triết học; Phần: ; Câu 705: Vị trí của quy luật phủ định của phủ định trong phép biện chứng duy vật? A. Chỉ ra nguồn gốc của sự phát triển B. Chỉ ra cách thức của sự phát triển C. Chỉ ra xu hướng của sự phát triển D. Cả A, B và C 138 Đáp án: C là đáp án đúng Đáp án đúng: . Giải thích:"
mcq_triet_706,706,Trường phái triết học nào cho nhận thức là sự kết hợp các cảm giác của con người?,Chủ nghĩa duy tâm khách quan,Chủ nghĩa duy vật biện chứng,Chủ nghĩa duy tâm chủ quan,Chủ nghĩa duy vật siêu hình,C,,,Loại: Trắc nghiệm triết học; Phần: ; Câu 706: Trường phái triết học nào cho nhận thức là sự kết hợp các cảm giác của con người? A. Chủ nghĩa duy tâm khách quan B. Chủ nghĩa duy vật biện chứng C. Chủ nghĩa duy tâm chủ quan D. Chủ nghĩa duy vật siêu hình Đáp án đúng: C. Giải thích:
mcq_triet_707,707,"Luận điểm sau đây thuộc lập trường triết học nào: ""Chúng ta chỉ nhận thức được các cảm giác của chúng ta thôi"".",Chủ nghĩa duy tâm khách quan,Chủ nghĩa duy tâm chủ quan,Chủ nghĩa duy vật siêu hình,Chủ nghĩa duy vật biện chứng,B,,,"Loại: Trắc nghiệm triết học; Phần: ; Câu 707: Luận điểm sau đây thuộc lập trường triết học nào: ""Chúng ta chỉ nhận thức được các cảm giác của chúng ta thôi"". A. Chủ nghĩa duy tâm khách quan B. Chủ nghĩa duy tâm chủ quan C. Chủ nghĩa duy vật siêu hình D. Chủ nghĩa duy vật biện chứng Đáp án đúng: B. Giải thích:"
mcq_triet_708,708,"Trư ờng phái triết học nào cho nhận thức là ""sự hồi tưởng"" của linh hồn về thế giới ý niệm?",Chủ nghĩa duy tâm chủ quan,Chủ nghĩa duy tâm khách quan,Chủ nghĩa duy vật siêu hình,Chủ nghĩa duy vật biện chứng,B,,,"Loại: Trắc nghiệm triết học; Phần: ; Câu 708: Trư ờng phái triết học nào cho nhận thức là ""sự hồi tưởng"" của linh hồn về thế giới ý niệm? A. Chủ nghĩa duy tâm chủ quan B. Chủ nghĩa duy tâm khách quan C. Chủ nghĩa duy vật siêu hình D. Chủ nghĩa duy vật biện chứng Đáp án đúng: B. Giải thích:"
mcq_triet_709,709,Trường phái triết học nào cho nhận thức là sự tự ý thức về mình của ý niệm tuyệt đối?,Chủ nghĩa duy vật biện chứng,Chủ nghĩa duy tâm chủ quan,Chủ nghĩa duy tâm khách quan,,C,,,Loại: Trắc nghiệm triết học; Phần: ; Câu 709: Trường phái triết học nào cho nhận thức là sự tự ý thức về mình của ý niệm tuyệt đối? A. Chủ nghĩa duy vật biện chứng B. Chủ nghĩa duy tâm chủ quan C. Chủ nghĩa duy tâm khách quan D.  Đáp án đúng: C. Giải thích:
mcq_triet_710,710,Theo quan điểm của CNDVBC luận điểm nào sau đây là sai?,Chủ nghĩa duy vật đều thừa nhận nhận thức là sự phản ánh hiện thực khách quan vào đầu óc con người,CNDV đều thừa nhận nhận thức là sự phản ánh sáng tạo hiện thực khách quan vào trong đầu óc con người dựa trên cơ sở thực tiễn,CNDVBC thừa nhận nhận thức là quá trình phản ánh sáng tạo hiện thực khách quan vào trong 139 đầu óc con người trên cơ sở thực tiễn.,,B,,,Loại: Trắc nghiệm triết học; Phần: ; Câu 710: Theo quan điểm của CNDVBC luận điểm nào sau đây là sai? A. Chủ nghĩa duy vật đều thừa nhận nhận thức là sự phản ánh hiện thực khách quan vào đầu óc con người B. CNDV đều thừa nhận nhận thức là sự phản ánh sáng tạo hiện thực khách quan vào trong đầu óc con người dựa trên cơ sở thực tiễn C. CNDVBC thừa nhận nhận thức là quá trình phản ánh sáng tạo hiện thực khách quan vào trong 139 đầu óc con người trên cơ sở thực tiễn. D.  Đáp án đúng: B. Giải thích:
mcq_triet_711,711,Trường phái triết học nào cho thực tiễn là cơ sở chủ yếu và trực tiếp nhất của nhận thức?,Chủ nghĩa duy tâm khách quan,Chủ nghĩa duy vật siêu hình,Chủ nghĩa duy vật biện chứng,,C,,,Loại: Trắc nghiệm triết học; Phần: ; Câu 711: Trường phái triết học nào cho thực tiễn là cơ sở chủ yếu và trực tiếp nhất của nhận thức? A. Chủ nghĩa duy tâm khách quan B. Chủ nghĩa duy vật siêu hình C. Chủ nghĩa duy vật biện chứng D.  Đáp án đúng: C. Giải thích:
mcq_triet_712,712,"Thêm cụm từ thích hợp vào chỗ trống của câu sau để được định nghĩa phạm trù thực tiễn: ""Thực tiễn là toàn bộ những ................................ ......................... của con người nhằm cải tạo tự nhiên và xã hội"".",Hoạt động.,Hoạt động vật chất,Hoạt động có mục đích,"Hoạt động vật chất có mục đích, mang tính lịch sử - xã hội",D,,,"Loại: Trắc nghiệm triết học; Phần: ; Câu 712: Thêm cụm từ thích hợp vào chỗ trống của câu sau để được định nghĩa phạm trù thực tiễn: ""Thực tiễn là toàn bộ những ................................ ......................... của con người nhằm cải tạo tự nhiên và xã hội"". A. Hoạt động. B. Hoạt động vật chất C. Hoạt động có mục đích D. Hoạt động vật chất có mục đích, mang tính lịch sử - xã hội Đáp án đúng: D. Giải thích:"
mcq_triet_713,713,Hoạt động nào sau đây là hoạt động thực tiễn,Mọi hoạt động vật chất của con người,Hoạt động tư duy sáng tạo ra các ý tưởng,Hoạt động quan sát và thực nghiệm khoa học.,,C,,,Loại: Trắc nghiệm triết học; Phần: ; Câu 713: Hoạt động nào sau đây là hoạt động thực tiễn A. Mọi hoạt động vật chất của con người B. Hoạt động tư duy sáng tạo ra các ý tưởng C. Hoạt động quan sát và thực nghiệm khoa học. D.  Đáp án đúng: C. Giải thích:
mcq_triet_714,714,Hình thức hoạt động thực tiễn cơ bản nhất quy định đến các hình thức khác là hình thức nào?,Hoạt động sản xuất vật chất,Hoạt động chính trị xã hội,Hoạt động quan sát và thực nghiệm khoa học,,A,,,Loại: Trắc nghiệm triết học; Phần: ; Câu 714: Hình thức hoạt động thực tiễn cơ bản nhất quy định đến các hình thức khác là hình thức nào? A. Hoạt động sản xuất vật chất B. Hoạt động chính trị xã hội C. Hoạt động quan sát và thực nghiệm khoa học D.  Đáp án đúng: A. Giải thích:
mcq_triet_715,715,Theo quan điểm của CNDVBC tiêu chuẩn của chân lý là gì?,Được nhiều người thừa nhận.,Đảm bảo không mâu thuẫn trong suy luận.,Thực tiễn 140 Đáp án: C là đáp án đúng,,,,,Loại: Trắc nghiệm triết học; Phần: ; Câu 715: Theo quan điểm của CNDVBC tiêu chuẩn của chân lý là gì? A. Được nhiều người thừa nhận. B. Đảm bảo không mâu thuẫn trong suy luận. C. Thực tiễn 140 Đáp án: C là đáp án đúng D.  Đáp án đúng: . Giải thích:
mcq_triet_716,716,Đâu là quan điểm của chủ nghĩa duy vật biện chứng về tiêu chuẩn chân lý?,Thực tiễn là tiêu chuẩn của chân lý có tính chất tương đối.,Thực tiễn là tiêu chuẩn của chân lý có tính chất tuyệt đối.,Thực tiễn là tiêu chuẩn của chân lý vừa có tính chất tương đối vừa có tính chất tuyệt đối.,,C,,,Loại: Trắc nghiệm triết học; Phần: ; Câu 716: Đâu là quan điểm của chủ nghĩa duy vật biện chứng về tiêu chuẩn chân lý? A. Thực tiễn là tiêu chuẩn của chân lý có tính chất tương đối. B. Thực tiễn là tiêu chuẩn của chân lý có tính chất tuyệt đối. C. Thực tiễn là tiêu chuẩn của chân lý vừa có tính chất tương đối vừa có tính chất tuyệt đối. D.  Đáp án đúng: C. Giải thích:
mcq_triet_717,717,Giai đoạn nhận thức diễn ra trên cơ sở sự tác động trực tiếp của các sự vật lên các giác quan của con người là giai đoạn nhận thức nào?,Nhận thức lý tính,Nhận thức khoa học,Nhận thức lý luận,Nhận thức cảm tính,D,,,Loại: Trắc nghiệm triết học; Phần: ; Câu 717: Giai đoạn nhận thức diễn ra trên cơ sở sự tác động trực tiếp của các sự vật lên các giác quan của con người là giai đoạn nhận thức nào? A. Nhận thức lý tính B. Nhận thức khoa học C. Nhận thức lý luận D. Nhận thức cảm tính Đáp án đúng: D. Giải thích:
mcq_triet_718,718,Nhận thức cảm tính được thực hiện dưới các hình thức nào?,Khái niệm và phán đoán,"Cảm giác, tri giác và khái niệm","Cảm giác, tri giác và biểu tượng",,C,,,"Loại: Trắc nghiệm triết học; Phần: ; Câu 718: Nhận thức cảm tính được thực hiện dưới các hình thức nào? A. Khái niệm và phán đoán B. Cảm giác, tri giác và khái niệm C. Cảm giác, tri giác và biểu tượng D.  Đáp án đúng: C. Giải thích:"
mcq_triet_719,719,"Sự phản ánh trừu tượng, khái quát những đặc điểm chung, bản chất của các sự vật được gọi là giai đoạn nhận thức nào?",Nhận thức cảm tính,Nhận thức lý tính,Nhận thức kinh nghiệm,,B,,,"Loại: Trắc nghiệm triết học; Phần: ; Câu 719: Sự phản ánh trừu tượng, khái quát những đặc điểm chung, bản chất của các sự vật được gọi là giai đoạn nhận thức nào? A. Nhận thức cảm tính B. Nhận thức lý tính C. Nhận thức kinh nghiệm D.  Đáp án đúng: B. Giải thích:"
mcq_triet_720,720,Nhận thức lý tính được thực hiện dưới hình thức nào?,"Cảm giác, tri giác và biểu tượng","Khái niệm, phán đoán, suy luận","Tri giác, biểu tượng, khái niệm",,B,,,"Loại: Trắc nghiệm triết học; Phần: ; Câu 720: Nhận thức lý tính được thực hiện dưới hình thức nào? A. Cảm giác, tri giác và biểu tượng B. Khái niệm, phán đoán, suy luận C. Tri giác, biểu tượng, khái niệm D.  Đáp án đúng: B. Giải thích:"
mcq_triet_721,721,Khái niệm là hình thức nhận thức của giai đoạn nào?,Nhận thức cảm tính,Nhận thức lý tính 141 C. Nhận thức kinh nghiệm,,,B,,,Loại: Trắc nghiệm triết học; Phần: ; Câu 721: Khái niệm là hình thức nhận thức của giai đoạn nào? A. Nhận thức cảm tính B. Nhận thức lý tính 141 C. Nhận thức kinh nghiệm C.  D.  Đáp án đúng: B. Giải thích:
mcq_triet_722,722,Giai đoạn nhận thức nào gắn với thực tiễn?,Nhận thức lý luận,Nhận thức cảm tính,Nhận thức lý tính,,B,,,Loại: Trắc nghiệm triết học; Phần: ; Câu 722: Giai đoạn nhận thức nào gắn với thực tiễn? A. Nhận thức lý luận B. Nhận thức cảm tính C. Nhận thức lý tính D.  Đáp án đúng: B. Giải thích:
mcq_triet_723,723,"Luận điểm sau đây thuộc lập trường triết học nào: ""Cảm giác là hình ảnh chủ quan của thế giới khách quan"".",Chủ nghĩa duy vật biện chứng,Chủ nghĩa duy tâm chủ quan,Chủ nghĩa duy tâm khách quan,,A,,,"Loại: Trắc nghiệm triết học; Phần: ; Câu 723: Luận điểm sau đây thuộc lập trường triết học nào: ""Cảm giác là hình ảnh chủ quan của thế giới khách quan"". A. Chủ nghĩa duy vật biện chứng B. Chủ nghĩa duy tâm chủ quan C. Chủ nghĩa duy tâm khách quan D.  Đáp án đúng: A. Giải thích:"
mcq_triet_724,724,Theo quan điểm của chủ nghĩa duy vật biện chứng luận điểm nào sau đây là sai?,Nhận thức cảm tính gắn liền với thực tiễn,Nhận thức cảm tính chưa phân biệt được cái bản chất với cái không bản chất,Nhận thức cảm tính phản ánh sai sự vật,Nhận thức cảm tính chưa phản ánh đầy đủ và sâu sắc sự vật.,C,,,Loại: Trắc nghiệm triết học; Phần: ; Câu 724: Theo quan điểm của chủ nghĩa duy vật biện chứng luận điểm nào sau đây là sai? A. Nhận thức cảm tính gắn liền với thực tiễn B. Nhận thức cảm tính chưa phân biệt được cái bản chất với cái không bản chất C. Nhận thức cảm tính phản ánh sai sự vật D. Nhận thức cảm tính chưa phản ánh đầy đủ và sâu sắc sự vật. Đáp án đúng: C. Giải thích:
mcq_triet_725,725,Theo quan điểm của chủ nghĩa duy vật biện chứng luận điểm nào sau đây là sai?,"Nhận thức lý tính phản ánh những mối liên hệ chung, bản chất của sự vật.","Nhận thức lý tính phản ánh sự vật sâu sắc, đầy đủ và chính xác hơn nhận thức cảm tính.",Nhận thức lý tính luôn đạt đến chân lý không mắc sai lầm.,,C,,,"Loại: Trắc nghiệm triết học; Phần: ; Câu 725: Theo quan điểm của chủ nghĩa duy vật biện chứng luận điểm nào sau đây là sai? A. Nhận thức lý tính phản ánh những mối liên hệ chung, bản chất của sự vật. B. Nhận thức lý tính phản ánh sự vật sâu sắc, đầy đủ và chính xác hơn nhận thức cảm tính. C. Nhận thức lý tính luôn đạt đến chân lý không mắc sai lầm. D.  Đáp án đúng: C. Giải thích:"
mcq_triet_726,726,"Luận điểm sau đây là của ai và thuộc trường phái triết học nào: ""Từ trực quan sinh động đến tư duy trừu tượng và từ tư duy trừu tượng đến thực tiễn, đó là con đường biện chứng của sự nhận thức chân lý, nhận thức thực tại khách quan"".",Phoi -ơ-bắc; chủ nghĩa duy vật siêu hình.,Lênin; chủ nghĩa duy vật biện chứng.,Hêghen; chủ nghĩa duy tâm khách quan.,,B,,,"Loại: Trắc nghiệm triết học; Phần: ; Câu 726: Luận điểm sau đây là của ai và thuộc trường phái triết học nào: ""Từ trực quan sinh động đến tư duy trừu tượng và từ tư duy trừu tượng đến thực tiễn, đó là con đường biện chứng của sự nhận thức chân lý, nhận thức thực tại khách quan"". A. Phoi -ơ-bắc; chủ nghĩa duy vật siêu hình. B. Lênin; chủ nghĩa duy vật biện chứng. C. Hêghen; chủ nghĩa duy tâm khách quan. D.  Đáp án đúng: B. Giải thích:"
mcq_triet_727,727,"Theo quan điểm của chủ nghĩa duy vật biện chứng, luận điểm nào sau đây là sai? 142 A. Thực tiễn không có lý luận là thực tiễn mù quáng B. Lý luận không có thực tiễn là lý luận suông C. Lý luận có thể phát triển không cần thực tiễn Đáp án: C là đáp án đúng Câu 728: Thêm cụm từ thích hợp vào chỗ trống của câu sau để được khái niệm về chân lý: ""Chân lý là những ...(1) ... phù hợp với hiện thực khách quan và được ...(2) ... kiểm nghiệm"".",1- cảm giác của con người; 2- ý niệm tuyệt đối,1- Tri thức; 2 - thực tiễn,1- ý kiến; 2- nhiều người,,C,,,"Loại: Trắc nghiệm triết học; Phần: ; Câu 727: Theo quan điểm của chủ nghĩa duy vật biện chứng, luận điểm nào sau đây là sai? 142 A. Thực tiễn không có lý luận là thực tiễn mù quáng B. Lý luận không có thực tiễn là lý luận suông C. Lý luận có thể phát triển không cần thực tiễn Đáp án: C là đáp án đúng Câu 728: Thêm cụm từ thích hợp vào chỗ trống của câu sau để được khái niệm về chân lý: ""Chân lý là những ...(1) ... phù hợp với hiện thực khách quan và được ...(2) ... kiểm nghiệm"". A. 1- cảm giác của con người; 2- ý niệm tuyệt đối B. 1- Tri thức; 2 - thực tiễn C. 1- ý kiến; 2- nhiều người D.  Đáp án đúng: C. Giải thích:"
mcq_triet_729,729,Theo quan điểm của chủ nghĩa duy vật biện chứng luận điểm nào sau đây là sai?,Chân lý có tính khách quan,Chân lý có tính tương đối,Chân lý có tính trừu tượng,Chân lý có tính cụ thể,C,,,Loại: Trắc nghiệm triết học; Phần: ; Câu 729: Theo quan điểm của chủ nghĩa duy vật biện chứng luận điểm nào sau đây là sai? A. Chân lý có tính khách quan B. Chân lý có tính tương đối C. Chân lý có tính trừu tượng D. Chân lý có tính cụ thể Đáp án đúng: C. Giải thích:
mcq_triet_730,730,"Theo quan điểm của CNDVBC, luận điểm nào sau đây là sai?",Nhận thức kinh nghiệm tự nó không chứng minh được tính tất yếu,Nhận thức kinh nghiệm tự nó chứng minh được tính tất yếu,Lý luận không tự phát xuất hiện từ kinh nghiệm,,B,,,"Loại: Trắc nghiệm triết học; Phần: ; Câu 730: Theo quan điểm của CNDVBC, luận điểm nào sau đây là sai? A. Nhận thức kinh nghiệm tự nó không chứng minh được tính tất yếu B. Nhận thức kinh nghiệm tự nó chứng minh được tính tất yếu C. Lý luận không tự phát xuất hiện từ kinh nghiệm D.  Đáp án đúng: B. Giải thích:"
mcq_triet_731,731,Trong hoạt động thực tiễn không coi trọng lý luận thì sẽ thế nào?,Sẽ rơi vào chủ nghĩa kinh viện giáo điều,Sẽ rơi vào chủ nghĩa kinh nghiệm hẹp hòi.,Sẽ rơi vào ảo tưởng.,,B,,,Loại: Trắc nghiệm triết học; Phần: ; Câu 731: Trong hoạt động thực tiễn không coi trọng lý luận thì sẽ thế nào? A. Sẽ rơi vào chủ nghĩa kinh viện giáo điều B. Sẽ rơi vào chủ nghĩa kinh nghiệm hẹp hòi. C. Sẽ rơi vào ảo tưởng. D.  Đáp án đúng: B. Giải thích:
mcq_triet_732,732,Chọn phương án đúng theo quan điểm của chủ nghĩa duy vật?,"Vật chất là tính thứ nhất, ý thức là tính thứ hai.","Vật chất có trước, ý thức có sau, vật chất quyết định ý thức.",Ý thức tồn tại độc lập tách khỏi vật chất.,Đáp án a và b 143 Đáp án: D là đáp án đúng,,,,"Loại: Trắc nghiệm triết học; Phần: ; Câu 732: Chọn phương án đúng theo quan điểm của chủ nghĩa duy vật? A. Vật chất là tính thứ nhất, ý thức là tính thứ hai. B. Vật chất có trước, ý thức có sau, vật chất quyết định ý thức. C. Ý thức tồn tại độc lập tách khỏi vật chất. D. Đáp án a và b 143 Đáp án: D là đáp án đúng Đáp án đúng: . Giải thích:"
mcq_triet_733,733,Các hình thức nào dưới đây là hình thức cơ bản của chủ nghĩa duy vật?,Chủ nghĩa duy vật chất phác,Chủ nghĩa duy vật siêu hình,Chủ nghĩa duy vật biện chứng,Tất cả các ý trên,D,,,Loại: Trắc nghiệm triết học; Phần: ; Câu 733: Các hình thức nào dưới đây là hình thức cơ bản của chủ nghĩa duy vật? A. Chủ nghĩa duy vật chất phác B. Chủ nghĩa duy vật siêu hình C. Chủ nghĩa duy vật biện chứng D. Tất cả các ý trên Đáp án đúng: D. Giải thích:
mcq_triet_734,734,Ai là nhà duy vật tiêu biểu trong lịch sử triết học được kể dưới đây?,Đê mô crít,Cantơ,Ph. Bê cơn,A và C,D,,,Loại: Trắc nghiệm triết học; Phần: ; Câu 734: Ai là nhà duy vật tiêu biểu trong lịch sử triết học được kể dưới đây? A. Đê mô crít B. Cantơ C. Ph. Bê cơn D. A và C Đáp án đúng: D. Giải thích:
mcq_triet_735,735,Quan điểm nào thuộc chủ nghĩa duy tâm?,Vật chất quyết định ý thức.,"Ý thức có trước, vật chất có sau; ý thức quyết định vật chất.","Ý thức là tính thứ nhất, vật chất là tính thứ hai.",Câu B và D,D,,,"Loại: Trắc nghiệm triết học; Phần: ; Câu 735: Quan điểm nào thuộc chủ nghĩa duy tâm? A. Vật chất quyết định ý thức. B. Ý thức có trước, vật chất có sau; ý thức quyết định vật chất. C. Ý thức là tính thứ nhất, vật chất là tính thứ hai. D. Câu B và D Đáp án đúng: D. Giải thích:"
mcq_triet_736,736,Ai là đại biểu của chủ nghĩa duy tâm trong lịch sử được kể dưới đây?,Platông,Hê ra clít,Hi-um,Cả A và C,D,,,Loại: Trắc nghiệm triết học; Phần: ; Câu 736: Ai là đại biểu của chủ nghĩa duy tâm trong lịch sử được kể dưới đây? A. Platông B. Hê ra clít C. Hi-um D. Cả A và C Đáp án đúng: D. Giải thích:
mcq_triet_737,737,Thế nào là nhất nguyên luận?,Chủ nghĩa duy vật,Chủ nghĩa duy tâm,Cả A và B,,C,,,Loại: Trắc nghiệm triết học; Phần: ; Câu 737: Thế nào là nhất nguyên luận? A. Chủ nghĩa duy vật B. Chủ nghĩa duy tâm C. Cả A và B D.  Đáp án đúng: C. Giải thích:
mcq_triet_738,738,Thế nào là nhị nguyên luận?,"Vật chất có trước, ý thức có sau. 144 B. Vật chất và ý thức song song tồn tại, không cái nào phụ thuộc cái nào.",,"Ý thức có trước, vật chất có sau.",,B,,,"Loại: Trắc nghiệm triết học; Phần: ; Câu 738: Thế nào là nhị nguyên luận? A. Vật chất có trước, ý thức có sau. 144 B. Vật chất và ý thức song song tồn tại, không cái nào phụ thuộc cái nào. B.  C. Ý thức có trước, vật chất có sau. D.  Đáp án đúng: B. Giải thích:"
mcq_triet_739,739,Thế nào là phương pháp siêu hình?,"Xem xét các sự vật trong trạng thái cô lập, tách rời tuyệt đối.","Xem xét trong trạng thái tĩnh tại, không vận động, phát triển.","Xem xét phát triển thuần túy về lượng, không có thay đổi về chất.",Tất cả đáp án trên,D,,,"Loại: Trắc nghiệm triết học; Phần: ; Câu 739: Thế nào là phương pháp siêu hình? A. Xem xét các sự vật trong trạng thái cô lập, tách rời tuyệt đối. B. Xem xét trong trạng thái tĩnh tại, không vận động, phát triển. C. Xem xét phát triển thuần túy về lượng, không có thay đổi về chất. D. Tất cả đáp án trên Đáp án đúng: D. Giải thích:"
mcq_triet_740,740,Thế nào là phương pháp biện chứng?,Xem xét sự vật trong mối liên hệ tác động qua lại lẫn nhau.,"Xem xét sự vật trong quá trình vận động, phát triển.","Thừa nhận có sự đứng im tương đối của các sự vật, hiện tượng trong thế giới vật chất.",Tất cả đáp án trên,D,,,"Loại: Trắc nghiệm triết học; Phần: ; Câu 740: Thế nào là phương pháp biện chứng? A. Xem xét sự vật trong mối liên hệ tác động qua lại lẫn nhau. B. Xem xét sự vật trong quá trình vận động, phát triển. C. Thừa nhận có sự đứng im tương đối của các sự vật, hiện tượng trong thế giới vật chất. D. Tất cả đáp án trên Đáp án đúng: D. Giải thích:"
mcq_triet_741,741,"Câu ""nhân chi sơ tính bản thiện"" là của ai?",Khổng Tử,Mạnh Tử,Tuân Tử,Lão Tử,B,,,"Loại: Trắc nghiệm triết học; Phần: ; Câu 741: Câu ""nhân chi sơ tính bản thiện"" là của ai? A. Khổng Tử B. Mạnh Tử C. Tuân Tử D. Lão Tử Đáp án đúng: B. Giải thích:"
mcq_triet_742,742,Triết học Hêghen có những đặc điểm gì?,Biện chứng,"Duy tâm, bảo thủ",Cách mạng,Cả A và B,D,,,"Loại: Trắc nghiệm triết học; Phần: ; Câu 742: Triết học Hêghen có những đặc điểm gì? A. Biện chứng B. Duy tâm, bảo thủ C. Cách mạng D. Cả A và B Đáp án đúng: D. Giải thích:"
mcq_triet_743,743,Triết học Phoi ơ bắc có những đặc điểm gì?,Duy vật,Duy tâm trong xã hội,Siêu hình,"Cả A, B và C 145 Đáp án: D là đáp án đúng",,,,"Loại: Trắc nghiệm triết học; Phần: ; Câu 743: Triết học Phoi ơ bắc có những đặc điểm gì? A. Duy vật B. Duy tâm trong xã hội C. Siêu hình D. Cả A, B và C 145 Đáp án: D là đáp án đúng Đáp án đúng: . Giải thích:"
mcq_triet_744,744,"Trong lịch sử tư tưởng triết học Việt Nam, tư tưởng nào là điển hình nhất?",Chủ nghĩa duy vật,Chủ nghĩa duy tâm,Tư tưởng yêu nước,Siêu hình,C,,,"Loại: Trắc nghiệm triết học; Phần: ; Câu 744: Trong lịch sử tư tưởng triết học Việt Nam, tư tưởng nào là điển hình nhất? A. Chủ nghĩa duy vật B. Chủ nghĩa duy tâm C. Tư tưởng yêu nước D. Siêu hình Đáp án đúng: C. Giải thích:"
mcq_triet_745,745,"Tác phẩm ""Tuyên ngôn của Đảng cộng sản"" được C. Mác và Ph. Ăng ghen viết vào năm nào?",Năm 1844,Năm 1847,Năm 1848,Năm 1850,C,,,"Loại: Trắc nghiệm triết học; Phần: ; Câu 745: Tác phẩm ""Tuyên ngôn của Đảng cộng sản"" được C. Mác và Ph. Ăng ghen viết vào năm nào? A. Năm 1844 B. Năm 1847 C. Năm 1848 D. Năm 1850 Đáp án đúng: C. Giải thích:"
mcq_triet_746,746,"Tác phẩm ""Chống Đuyrinh"" được Ph. Ăng ghen viết vào thời gian nào?",Từ 1876 - 1877,Từ 1875 - 1878,Từ 1876 - 1878,,C,,,"Loại: Trắc nghiệm triết học; Phần: ; Câu 746: Tác phẩm ""Chống Đuyrinh"" được Ph. Ăng ghen viết vào thời gian nào? A. Từ 1876 - 1877 B. Từ 1875 - 1878 C. Từ 1876 - 1878 D.  Đáp án đúng: C. Giải thích:"
mcq_triet_747,747,"Trong số ba phát minh dưới đây, phát minh nào là thuộc về triết học Mác?",Phát minh ra “giai cấp”.,Phát minh ra các quy luật cơ bản của phép biện chứng.,Phát minh ra rằng: đấu tranh giai cấp là động lực phát triển trong các xã hội có giai cấp.,,C,,,"Loại: Trắc nghiệm triết học; Phần: ; Câu 747: Trong số ba phát minh dưới đây, phát minh nào là thuộc về triết học Mác? A. Phát minh ra “giai cấp”. B. Phát minh ra các quy luật cơ bản của phép biện chứng. C. Phát minh ra rằng: đấu tranh giai cấp là động lực phát triển trong các xã hội có giai cấp. D.  Đáp án đúng: C. Giải thích:"
mcq_triet_748,748,Hãy xác định mệnh đề đúng trong ba mệnh đề dưới đây:,"Triết học macxit là một học thuyết đã hoàn chỉnh, xong xuôi.","Triết học macxit chưa hoàn chỉnh, xong xuôi và cần phải bổ sung để phát triển.",Triết học macxit là “khoa học của mọi khoa học”.,,B,,,"Loại: Trắc nghiệm triết học; Phần: ; Câu 748: Hãy xác định mệnh đề đúng trong ba mệnh đề dưới đây: A. Triết học macxit là một học thuyết đã hoàn chỉnh, xong xuôi. B. Triết học macxit chưa hoàn chỉnh, xong xuôi và cần phải bổ sung để phát triển. C. Triết học macxit là “khoa học của mọi khoa học”. D.  Đáp án đúng: B. Giải thích:"
mcq_triet_749,749,"A. Bản tính của phép biện chứng là phê phán, cách mạng và không hề biết sợ. B. Bản tính của phép biện chứng là hướng đến cái tuyệt đối. 146 C. Bản tính của phép biện chứng Đáp án: A là đáp án đúng Câu 750: Hãy chỉ ra phương án đúng trong ba nhận xét dưới đây về mối quan hệ giữa sản xuất và tiêu dùng:","Sản xuất đối lập hoàn toàn với tiêu dùng, vì sản xuất là sáng tạo còn tiêu dùng là phá huỷ.",Sản xuất cũng là tiêu dùng.,Sản xuất là cái có trước và quy định tiêu dùng.,,A,,,"Loại: Trắc nghiệm triết học; Phần: ; Câu 749: A. Bản tính của phép biện chứng là phê phán, cách mạng và không hề biết sợ. B. Bản tính của phép biện chứng là hướng đến cái tuyệt đối. 146 C. Bản tính của phép biện chứng Đáp án: A là đáp án đúng Câu 750: Hãy chỉ ra phương án đúng trong ba nhận xét dưới đây về mối quan hệ giữa sản xuất và tiêu dùng: A. Sản xuất đối lập hoàn toàn với tiêu dùng, vì sản xuất là sáng tạo còn tiêu dùng là phá huỷ. B. Sản xuất cũng là tiêu dùng. C. Sản xuất là cái có trước và quy định tiêu dùng. D.  Đáp án đúng: A. Giải thích:"
mcq_triet_751,751,Vì sao C. Mác đến nước Anh để thu thập tư liệu cho bộ Tư bản nổi tiếng của mình?,"Vì chỉ đến nước Anh, C. Mác mới nhận được sự giúp đỡ tài chính của Ph. Ăngghen.",Vì các học thuyết kinh tế lớn mà C. Mác dự định phê phán đều bắt nguồn từ Anh Quốc.,"Vì vào thời điểm đó, chủ nghĩa tư bản đạt được trạng thái chín muồi nhất ở Anh.",,C,,,"Loại: Trắc nghiệm triết học; Phần: ; Câu 751: Vì sao C. Mác đến nước Anh để thu thập tư liệu cho bộ Tư bản nổi tiếng của mình? A. Vì chỉ đến nước Anh, C. Mác mới nhận được sự giúp đỡ tài chính của Ph. Ăngghen. B. Vì các học thuyết kinh tế lớn mà C. Mác dự định phê phán đều bắt nguồn từ Anh Quốc. C. Vì vào thời điểm đó, chủ nghĩa tư bản đạt được trạng thái chín muồi nhất ở Anh. D.  Đáp án đúng: C. Giải thích:"
mcq_triet_752,752,"C. Mác viết: ""Phương pháp biện chứng của tôi không những khác phương pháp của Hê ghen về căn bản, mà còn đối lập hẳn với phương pháp ấy nữa"". Câu đó C.Mác viết trong tác phẩm nào?","""Phê phát triết học pháp quyền của Hê ghen""","""Tuyên ngôn của Đảng Cộng sản""","""Tư bản""",,C,,,"Loại: Trắc nghiệm triết học; Phần: ; Câu 752: C. Mác viết: ""Phương pháp biện chứng của tôi không những khác phương pháp của Hê ghen về căn bản, mà còn đối lập hẳn với phương pháp ấy nữa"". Câu đó C.Mác viết trong tác phẩm nào? A. ""Phê phát triết học pháp quyền của Hê ghen"" B. ""Tuyên ngôn của Đảng Cộng sản"" C. ""Tư bản"" D.  Đáp án đúng: C. Giải thích:"
mcq_triet_753,753,Cống hiến vĩ đại nhất của C.Mác về triết học là gì?,Chủ nghĩa duy vật biện chứng,Chủ nghĩa duy vật lịch sử,Coi thực tiễn là trung tâm,,B,,,Loại: Trắc nghiệm triết học; Phần: ; Câu 753: Cống hiến vĩ đại nhất của C.Mác về triết học là gì? A. Chủ nghĩa duy vật biện chứng B. Chủ nghĩa duy vật lịch sử C. Coi thực tiễn là trung tâm D.  Đáp án đúng: B. Giải thích:
mcq_triet_754,754,Định nghĩa của V.I. Lênin về vật chất được nêu ra trong tác phẩm nào?,Chủ nghĩa duy vật và chủ nghĩa kinh nghiệm phê phán.,Bút ký triết học,Nhà nước và cách mạng.,,A,,,Loại: Trắc nghiệm triết học; Phần: ; Câu 754: Định nghĩa của V.I. Lênin về vật chất được nêu ra trong tác phẩm nào? A. Chủ nghĩa duy vật và chủ nghĩa kinh nghiệm phê phán. B. Bút ký triết học C. Nhà nước và cách mạng. D.  Đáp án đúng: A. Giải thích:
mcq_triet_755,755,Thuộc tính cơ bản để phân biệt vật chất với ý thức? 147 A. Thực tại khách quan B. Vận động C. Không gian và thời gian. Đáp án: A là đáp án đúng Câu 756: Các hình thức tồn tại cơ bản của vật chất.,Vận động,Tồn tại khách quan,Không gian và thời gian,Cả A và C,A,,,Loại: Trắc nghiệm triết học; Phần: ; Câu 755: Thuộc tính cơ bản để phân biệt vật chất với ý thức? 147 A. Thực tại khách quan B. Vận động C. Không gian và thời gian. Đáp án: A là đáp án đúng Câu 756: Các hình thức tồn tại cơ bản của vật chất. A. Vận động B. Tồn tại khách quan C. Không gian và thời gian D. Cả A và C Đáp án đúng: A. Giải thích:
mcq_triet_757,757,Thuộc tính chung nhất của vận động là gì?,Thay đổi vị trí trong không gian,Sự thay đổi về chất,Sự biến đổi nói chung,,C,,,Loại: Trắc nghiệm triết học; Phần: ; Câu 757: Thuộc tính chung nhất của vận động là gì? A. Thay đổi vị trí trong không gian B. Sự thay đổi về chất C. Sự biến đổi nói chung D.  Đáp án đúng: C. Giải thích:
mcq_triet_758,758,Đứng im có tách rời vận động không?,Tách rời vận động,Có quan hệ với vận động,Bao hàm vận động,,C,,,Loại: Trắc nghiệm triết học; Phần: ; Câu 758: Đứng im có tách rời vận động không? A. Tách rời vận động B. Có quan hệ với vận động C. Bao hàm vận động D.  Đáp án đúng: C. Giải thích:
mcq_triet_759,759,Bài học kinh nghiệm mà Đảng ta đã rút ra trong công cuộc đổi mới là gì?,"Đổi mới kinh tế trước, đổi mới chính trị sau.","Đổi mới chính trị trước, đổi mới kinh tế sau.",Kết hợp đổi mới kinh tế với đổi mới chính trị.,,C,,,"Loại: Trắc nghiệm triết học; Phần: ; Câu 759: Bài học kinh nghiệm mà Đảng ta đã rút ra trong công cuộc đổi mới là gì? A. Đổi mới kinh tế trước, đổi mới chính trị sau. B. Đổi mới chính trị trước, đổi mới kinh tế sau. C. Kết hợp đổi mới kinh tế với đổi mới chính trị. D.  Đáp án đúng: C. Giải thích:"
mcq_triet_760,760,Tư tưởng nào là của Đại hội Đảng toàn quốc lần thứ IX đề ra:,Chủ động hội nhập kinh tế quốc tế và khu vực.,Tích cực hội nhập kinh tế quốc tế và khu vực.,Đẩy nhanh tiến trình hội nhập kinh tế quốc tế và khu vực.,,A,,,Loại: Trắc nghiệm triết học; Phần: ; Câu 760: Tư tưởng nào là của Đại hội Đảng toàn quốc lần thứ IX đề ra: A. Chủ động hội nhập kinh tế quốc tế và khu vực. B. Tích cực hội nhập kinh tế quốc tế và khu vực. C. Đẩy nhanh tiến trình hội nhập kinh tế quốc tế và khu vực. D.  Đáp án đúng: A. Giải thích:
mcq_triet_761,761,"Câu nói sau đây của C.Mác là trong tác phẩm nào: ""Cái cối xay quay bằng tay đưa lại xã hội có lãnh chúa phong kiến, cái cối xay chạy bằng hơi nước đưa lại xã hội có nhà tư bản công 148 nghiệp"".",Lời nói đầu góp phần phê phán kinh tế chính trị.,Sự khốn cùng của triết học,Tư bản,,B,,,"Loại: Trắc nghiệm triết học; Phần: ; Câu 761: Câu nói sau đây của C.Mác là trong tác phẩm nào: ""Cái cối xay quay bằng tay đưa lại xã hội có lãnh chúa phong kiến, cái cối xay chạy bằng hơi nước đưa lại xã hội có nhà tư bản công 148 nghiệp"". A. Lời nói đầu góp phần phê phán kinh tế chính trị. B. Sự khốn cùng của triết học C. Tư bản D.  Đáp án đúng: B. Giải thích:"
mcq_triet_762,762,"Câu nói sau đây của C.Mác là trong tác phẩm nào: ""Sự phát triển của các hình thái kinh t ế - xã h ội là m ột quá trình l ịch s ử - tự nhiên"".",Tư bản,Lời nói đầu góp phần phê phán kinh tế chính trị,Hệ tư tưởng Đức,,A,,,"Loại: Trắc nghiệm triết học; Phần: ; Câu 762: Câu nói sau đây của C.Mác là trong tác phẩm nào: ""Sự phát triển của các hình thái kinh t ế - xã h ội là m ột quá trình l ịch s ử - tự nhiên"". A. Tư bản B. Lời nói đầu góp phần phê phán kinh tế chính trị C. Hệ tư tưởng Đức D.  Đáp án đúng: A. Giải thích:"
mcq_triet_763,763,"Câu nói sau đây của V.I.Lênin là trong tác phẩm nào: ""Chỉ có đem quy những quan hệ xã hội vào những quan hệ sản xuất, và đem quy những quan hệ sản xuất vào trình độ của những lực lượng sản xuất thì người ta mới có được cơ sở vững chắc để quan niệm sự phát triển của những hình thái xã hội là một quá trình lịch sử - tự nhiên"".",Những người bạn dân là thế nào và họ đấu tranh chống những người dân chủ - xã hội ra sao.,Nhà nước và cách mạng xã hội.,Bệnh ấu trĩ tả khuynh và tính tiểu tư sản.,,A,,,"Loại: Trắc nghiệm triết học; Phần: ; Câu 763: Câu nói sau đây của V.I.Lênin là trong tác phẩm nào: ""Chỉ có đem quy những quan hệ xã hội vào những quan hệ sản xuất, và đem quy những quan hệ sản xuất vào trình độ của những lực lượng sản xuất thì người ta mới có được cơ sở vững chắc để quan niệm sự phát triển của những hình thái xã hội là một quá trình lịch sử - tự nhiên"". A. Những người bạn dân là thế nào và họ đấu tranh chống những người dân chủ - xã hội ra sao. B. Nhà nước và cách mạng xã hội. C. Bệnh ấu trĩ tả khuynh và tính tiểu tư sản. D.  Đáp án đúng: A. Giải thích:"
mcq_triet_764,764,Trình độ của lực lượng sản xuất thể hiện ở?,Trình độ công cụ lao động và con người lao động,Trình độ tổ chức và phân công lao động xã hội.,Trình độ ứng dụng khoa học vào sản xuất.,Tất cả ý trên,D,,,Loại: Trắc nghiệm triết học; Phần: ; Câu 764: Trình độ của lực lượng sản xuất thể hiện ở? A. Trình độ công cụ lao động và con người lao động B. Trình độ tổ chức và phân công lao động xã hội. C. Trình độ ứng dụng khoa học vào sản xuất. D. Tất cả ý trên Đáp án đúng: D. Giải thích:
mcq_triet_765,765,Tiêu chuẩn khách quan để phân biệt các hình thái kinh tế - xã hội là:,Lực lượng sản xuất,Quan hệ sản xuất,"Chính trị, tư tưởng",,B,,,"Loại: Trắc nghiệm triết học; Phần: ; Câu 765: Tiêu chuẩn khách quan để phân biệt các hình thái kinh tế - xã hội là: A. Lực lượng sản xuất B. Quan hệ sản xuất C. Chính trị, tư tưởng D.  Đáp án đúng: B. Giải thích:"
mcq_triet_766,766,"Trong sự nghiệp xây dựng chủ nghĩa xã hội ở nước ta, chúng ta phải. 149 A. Chủ động xây dựng quan hệ sản xuất trước, sau đó xây dựng lực lượng sản xuất phù hợp. B. Chủ động xây dựng lực lượng sản xuất trước, sau đó xây dựng quan hệ sản xuất phù hợp. C. Kết hợp đồng thời xây dựng lực lượng sản xuất với xác lập quan hệ sản xuất phù hợp. Đáp án: C là đáp án đúng Câu 767: Tiến lên chủ nghĩa xã hội bỏ qua chế độ tư bản chủ nghĩa là:",Phù hợp với quá trình lịch sử - tự nhiên.,Không phù hợp với quá trình lịch sử - tự nhiên.,Vận dụng sáng tạo của Đảng ta.,Cả A và C,C,,,"Loại: Trắc nghiệm triết học; Phần: ; Câu 766: Trong sự nghiệp xây dựng chủ nghĩa xã hội ở nước ta, chúng ta phải. 149 A. Chủ động xây dựng quan hệ sản xuất trước, sau đó xây dựng lực lượng sản xuất phù hợp. B. Chủ động xây dựng lực lượng sản xuất trước, sau đó xây dựng quan hệ sản xuất phù hợp. C. Kết hợp đồng thời xây dựng lực lượng sản xuất với xác lập quan hệ sản xuất phù hợp. Đáp án: C là đáp án đúng Câu 767: Tiến lên chủ nghĩa xã hội bỏ qua chế độ tư bản chủ nghĩa là: A. Phù hợp với quá trình lịch sử - tự nhiên. B. Không phù hợp với quá trình lịch sử - tự nhiên. C. Vận dụng sáng tạo của Đảng ta. D. Cả A và C Đáp án đúng: C. Giải thích:"
mcq_triet_768,768,"Triết học ra đời từ thực tiễn, nó có các nguồn gốc:",Nguồn gốc nhận thức và nguồn gốc xã hội,"Nguồn gốc nhận thức, nguồn gốc xã hội và giai cấp","Nguồn gốc tự nhiên, xã hội và tư duy",Nguồn gốc tự nhiên và nhận thức,A,,,"Loại: Trắc nghiệm triết học; Phần: ; Câu 768: Triết học ra đời từ thực tiễn, nó có các nguồn gốc: A. Nguồn gốc nhận thức và nguồn gốc xã hội B. Nguồn gốc nhận thức, nguồn gốc xã hội và giai cấp C. Nguồn gốc tự nhiên, xã hội và tư duy D. Nguồn gốc tự nhiên và nhận thức Đáp án đúng: A. Giải thích:"
mcq_triet_769,769,Đối tượng nghiên cứu của triết học là:,Những quy luật của thế giới khách quan,"Những quy luật chung nhất của tự nhiên, xã hội và tư duy","Những vấn đề chung nhất của tự nhiên, xã hội, con người; quan hệ của con người nói chung, tư duy của con người nói riêng với thế giới xung quanh","Những vấn đề của xã hội, tự nhiên",C,,,"Loại: Trắc nghiệm triết học; Phần: ; Câu 769: Đối tượng nghiên cứu của triết học là: A. Những quy luật của thế giới khách quan B. Những quy luật chung nhất của tự nhiên, xã hội và tư duy C. Những vấn đề chung nhất của tự nhiên, xã hội, con người; quan hệ của con người nói chung, tư duy của con người nói riêng với thế giới xung quanh D. Những vấn đề của xã hội, tự nhiên Đáp án đúng: C. Giải thích:"
mcq_triet_770,770,Triết học có vai trò là:,Toàn bộ thế giới quan,"Toàn bộ thế giới quan, nhân sinh quan và phương pháp luận",Hạt nhân lý luận của thế giới quan,Toàn bộ thế giới quan và phương pháp luận,C,,,"Loại: Trắc nghiệm triết học; Phần: ; Câu 770: Triết học có vai trò là: A. Toàn bộ thế giới quan B. Toàn bộ thế giới quan, nhân sinh quan và phương pháp luận C. Hạt nhân lý luận của thế giới quan D. Toàn bộ thế giới quan và phương pháp luận Đáp án đúng: C. Giải thích:"
mcq_triet_771,771,Vấn đề cơ bản của triết học là:,Quan hệ giữa tồn tại với tư duy và khả năng nhận thức của con người.,"Quan hệ giữa vật chất và ý thức, tinh thần với tự nhiên và con người có khả năng nhận thức được 150 thế giới hay không?","Quan hệ giữa vật chất với ý thức, tinh thần với tự nhiên, tư duy với tồn tại và con người có khả năng nhận thức được thế giới hay không?",Quan hệ giữa con người và nhận thức của con người với giới tự nhiên,C,,,"Loại: Trắc nghiệm triết học; Phần: ; Câu 771: Vấn đề cơ bản của triết học là: A. Quan hệ giữa tồn tại với tư duy và khả năng nhận thức của con người. B. Quan hệ giữa vật chất và ý thức, tinh thần với tự nhiên và con người có khả năng nhận thức được 150 thế giới hay không? C. Quan hệ giữa vật chất với ý thức, tinh thần với tự nhiên, tư duy với tồn tại và con người có khả năng nhận thức được thế giới hay không? D. Quan hệ giữa con người và nhận thức của con người với giới tự nhiên Đáp án đúng: C. Giải thích:"
mcq_triet_772,772,Lập trường của chủ nghĩa duy vật khi giải quyết mặt thứ nhất của vấn đề cơ bản của triết học?,"Vật chất là tính thứ nhất, ý thức là tính thứ hai","Vật chất có trước, ý thức có sau, vật chất quyết định ý thức.","Vật chất và ý thức cùng đồng thời tồn tại, cùng quyết định lẫn nhau.",Cả a và b.,D,,,"Loại: Trắc nghiệm triết học; Phần: ; Câu 772: Lập trường của chủ nghĩa duy vật khi giải quyết mặt thứ nhất của vấn đề cơ bản của triết học? A. Vật chất là tính thứ nhất, ý thức là tính thứ hai B. Vật chất có trước, ý thức có sau, vật chất quyết định ý thức. C. Vật chất và ý thức cùng đồng thời tồn tại, cùng quyết định lẫn nhau. D. Cả a và b. Đáp án đúng: D. Giải thích:"
mcq_triet_773,773,Ý nào dưới đây không phải là hình thức cơ bản của chủ nghĩa duy vật:,Chủ nghĩa duy vật chất phác,Chủ nghĩa duy vật tầm thường,Chủ nghĩa duy vật siêu hình,Chủ nghĩa duy vật biện chứng,B,,,Loại: Trắc nghiệm triết học; Phần: ; Câu 773: Ý nào dưới đây không phải là hình thức cơ bản của chủ nghĩa duy vật: A. Chủ nghĩa duy vật chất phác B. Chủ nghĩa duy vật tầm thường C. Chủ nghĩa duy vật siêu hình D. Chủ nghĩa duy vật biện chứng Đáp án đúng: B. Giải thích:
mcq_triet_774,774,Ai là nhà triết học duy vật tiêu biểu trong lịch sử triết học Hy Lạp - La Mã cổ đại được kể dưới đây?,Đêmôcrit và Êpiquya,Arixtot và Êpiquya,Êpiquya và Xôcrat,Xôcrat và Đêmôcrit,A,,,Loại: Trắc nghiệm triết học; Phần: ; Câu 774: Ai là nhà triết học duy vật tiêu biểu trong lịch sử triết học Hy Lạp - La Mã cổ đại được kể dưới đây? A. Đêmôcrit và Êpiquya B. Arixtot và Êpiquya C. Êpiquya và Xôcrat D. Xôcrat và Đêmôcrit Đáp án đúng: A. Giải thích:
mcq_triet_775,775,"Ý thức có trước, vật chất có sau, ý thức quyết định vật chất, đây là quan điểm:",Duy vật,Duy tâm,Nhị nguyên,Duy tâm chủ quan,B,,,"Loại: Trắc nghiệm triết học; Phần: ; Câu 775: Ý thức có trước, vật chất có sau, ý thức quyết định vật chất, đây là quan điểm: A. Duy vật B. Duy tâm C. Nhị nguyên D. Duy tâm chủ quan Đáp án đúng: B. Giải thích:"
mcq_triet_776,776,"Vật chất và ý thức tồn tại độc lập, ý thức không quyết định vật chất và vật chất không 151 quyết định ý thức, đây là quan điểm của:",Duy vật,Duy tâm,Nhị nguyên,Duy vật tầm thường,C,,,"Loại: Trắc nghiệm triết học; Phần: ; Câu 776: Vật chất và ý thức tồn tại độc lập, ý thức không quyết định vật chất và vật chất không 151 quyết định ý thức, đây là quan điểm của: A. Duy vật B. Duy tâm C. Nhị nguyên D. Duy vật tầm thường Đáp án đúng: C. Giải thích:"
mcq_triet_777,777,Chủ nghĩa duy vật chất phác trong khi thừa nhận tính thứ nhất của vật chất đã:,Đồng nhất vật chất với vật thể,Đồng nhất vật chất với một hoặc một số vật thể cụ thể cảm tính.,Đồng nhất vật chất với nguyên tử và khối lượng.,Đồng nhất vật chất với nguyên tử,B,,,Loại: Trắc nghiệm triết học; Phần: ; Câu 777: Chủ nghĩa duy vật chất phác trong khi thừa nhận tính thứ nhất của vật chất đã: A. Đồng nhất vật chất với vật thể B. Đồng nhất vật chất với một hoặc một số vật thể cụ thể cảm tính. C. Đồng nhất vật chất với nguyên tử và khối lượng. D. Đồng nhất vật chất với nguyên tử Đáp án đúng: B. Giải thích:
mcq_triet_778,778,"Khi cho rằng “tồn tại là được tri giác”, đây là quan điểm:",Duy tâm khách quan,Nhị nguyên,Duy tâm chủ quan,Duy cảm,C,,,"Loại: Trắc nghiệm triết học; Phần: ; Câu 778: Khi cho rằng “tồn tại là được tri giác”, đây là quan điểm: A. Duy tâm khách quan B. Nhị nguyên C. Duy tâm chủ quan D. Duy cảm Đáp án đúng: C. Giải thích:"
mcq_triet_779,779,Khi thừa nhận trong những trường hợp cần thiết thì bên cạnh cái “hoặc là… hoặc là…” còn có cái “vừa là… vừa là…” nữa; thừa nhận một chỉnh thể trong lúc vừa là nó vừa không phải là nó… đây là:,Phương pháp siêu hình,Phương pháp biện chứng,Thuyết bất khả tri,Chủ nghĩa duy vật,B,,,Loại: Trắc nghiệm triết học; Phần: ; Câu 779: Khi thừa nhận trong những trường hợp cần thiết thì bên cạnh cái “hoặc là… hoặc là…” còn có cái “vừa là… vừa là…” nữa; thừa nhận một chỉnh thể trong lúc vừa là nó vừa không phải là nó… đây là: A. Phương pháp siêu hình B. Phương pháp biện chứng C. Thuyết bất khả tri D. Chủ nghĩa duy vật Đáp án đúng: B. Giải thích:
mcq_triet_780,780,Thế nào là phương pháp siêu hình?,"Xem xét sự vật trong trạng thái cô lập, tách rời tuyệt đối","Xem xét sự vật trong trạng thái tĩnh, không vận động phát triển","Xem xét sự phát triển chỉ là sự tăng tiến thuần tuý về lượng, không có thay đổi về chất","Cả a, b và c. 152 Đáp án: D là đáp án đúng",,,,"Loại: Trắc nghiệm triết học; Phần: ; Câu 780: Thế nào là phương pháp siêu hình? A. Xem xét sự vật trong trạng thái cô lập, tách rời tuyệt đối B. Xem xét sự vật trong trạng thái tĩnh, không vận động phát triển C. Xem xét sự phát triển chỉ là sự tăng tiến thuần tuý về lượng, không có thay đổi về chất D. Cả a, b và c. 152 Đáp án: D là đáp án đúng Đáp án đúng: . Giải thích:"
mcq_triet_781,781,"Triết học Ấn Độ cổ đại là một trong ba nền triết học tiêu biểu thời kỳ đầu của lịch sử triết học, đó là:","Triết học Ấn Độ, triết học Trung Quốc và Ả Rập","Triết học Ấn Độ, triết học Ả rập và triết học Hy lạp – La Mã","Triết học Ấn Độ, triết học Trung Quốc, triết học Hy Lạp – La Mã",Triết học Phương Tây,C,,,"Loại: Trắc nghiệm triết học; Phần: ; Câu 781: Triết học Ấn Độ cổ đại là một trong ba nền triết học tiêu biểu thời kỳ đầu của lịch sử triết học, đó là: A. Triết học Ấn Độ, triết học Trung Quốc và Ả Rập B. Triết học Ấn Độ, triết học Ả rập và triết học Hy lạp – La Mã C. Triết học Ấn Độ, triết học Trung Quốc, triết học Hy Lạp – La Mã D. Triết học Phương Tây Đáp án đúng: C. Giải thích:"
mcq_triet_782,782,Vai trò của kinh Vêda đối với triết học Ấn Độ cổ đại:,Là cội nguồn của văn hoá Ấn Độ,Là cơ sở của mọi trường phái triết học Ấn Độ,Là cơ sở của các trường phái triết học chính thống,Cả A và C,D,,,Loại: Trắc nghiệm triết học; Phần: ; Câu 782: Vai trò của kinh Vêda đối với triết học Ấn Độ cổ đại: A. Là cội nguồn của văn hoá Ấn Độ B. Là cơ sở của mọi trường phái triết học Ấn Độ C. Là cơ sở của các trường phái triết học chính thống D. Cả A và C Đáp án đúng: D. Giải thích:
mcq_triet_783,783,Hệ thống triết học không chính thống ở Ấn Độ cổ đại gồm các trường phái:,"Sàmkhuya, Đạo Jaina, Đạo Phật","Lôkayata, Đạo Jaina, Đạo Phật","Vêdanta, Đạo Jaina, Đạo Phật","Đạo Jaina, Đạo Phật, Yoga",B,,,"Loại: Trắc nghiệm triết học; Phần: ; Câu 783: Hệ thống triết học không chính thống ở Ấn Độ cổ đại gồm các trường phái: A. Sàmkhuya, Đạo Jaina, Đạo Phật B. Lôkayata, Đạo Jaina, Đạo Phật C. Vêdanta, Đạo Jaina, Đạo Phật D. Đạo Jaina, Đạo Phật, Yoga Đáp án đúng: B. Giải thích:"
mcq_triet_784,784,Hệ thống triết học chính thống ở Ấn Độ cổ đại gồm 6 trường phái:,"Sàmkhuya, Vedanta, Mimansa, Yoga, Lokayata, Vaseisika.","Sàmkhuya, Vedanta, Mimansa, Yoga, Đạo Jaina, Vaseisika.","Sàmkhuya, Vedanta, Mimansa, Yoga, Nyaya, Vaseisika.","Sàmkhuya, Yoga, Lokayata, Vaseisika, Mimansa.",C,,,"Loại: Trắc nghiệm triết học; Phần: ; Câu 784: Hệ thống triết học chính thống ở Ấn Độ cổ đại gồm 6 trường phái: A. Sàmkhuya, Vedanta, Mimansa, Yoga, Lokayata, Vaseisika. B. Sàmkhuya, Vedanta, Mimansa, Yoga, Đạo Jaina, Vaseisika. C. Sàmkhuya, Vedanta, Mimansa, Yoga, Nyaya, Vaseisika. D. Sàmkhuya, Yoga, Lokayata, Vaseisika, Mimansa. Đáp án đúng: C. Giải thích:"
mcq_triet_785,785,Quan niệm tồn tại tuyệt đối (Brahman) đồng nhất với “tôi” (Atman) là ý thức cá nhân thuần tuý. Quan niệm đó là của trường phái triết học cổ đại nào ở Ấn Độ:,Sàmkhuya,Nyaya,Vêdanta 153 D. Yoga,,C,,,Loại: Trắc nghiệm triết học; Phần: ; Câu 785: Quan niệm tồn tại tuyệt đối (Brahman) đồng nhất với “tôi” (Atman) là ý thức cá nhân thuần tuý. Quan niệm đó là của trường phái triết học cổ đại nào ở Ấn Độ: A. Sàmkhuya B. Nyaya C. Vêdanta 153 D. Yoga D.  Đáp án đúng: C. Giải thích:
mcq_triet_786,786,"Thế giới được tạo ra bởi 4 yếu tố: đất, nước, lửa, không khí là quan điểm của trường phái triết học cổ đại nào ở Ấn Độ:",Lokayata,Nyaya,Sàmkhuya,Mimansa,A,,,"Loại: Trắc nghiệm triết học; Phần: ; Câu 786: Thế giới được tạo ra bởi 4 yếu tố: đất, nước, lửa, không khí là quan điểm của trường phái triết học cổ đại nào ở Ấn Độ: A. Lokayata B. Nyaya C. Sàmkhuya D. Mimansa Đáp án đúng: A. Giải thích:"
mcq_triet_787,787,"Thế giới vật chất là thể thống nhất của 3 yếu tố: Sattva (nhẹ, sáng, tươi vui), Rajas (động, kích thích), Tamas (nặng, khó khăn) là quan điểm của trường phái triết học cổ đại nào ở Ấn Độ:",Lôkayata,Sàmkhuya,Mimansa,Nyaya,B,,,"Loại: Trắc nghiệm triết học; Phần: ; Câu 787: Thế giới vật chất là thể thống nhất của 3 yếu tố: Sattva (nhẹ, sáng, tươi vui), Rajas (động, kích thích), Tamas (nặng, khó khăn) là quan điểm của trường phái triết học cổ đại nào ở Ấn Độ: A. Lôkayata B. Sàmkhuya C. Mimansa D. Nyaya Đáp án đúng: B. Giải thích:"
mcq_triet_788,788,Quan điểm các vật thể vật chất hình thành do các nguyên tử hấp dẫn và kết hợp với nhau theo nhiều dạng khác nhau là của trường phái triết học Ấn Độ cổ đại nào:,Mimansa,Đạo Jaina,Lôkayata,Yoga,B,,,Loại: Trắc nghiệm triết học; Phần: ; Câu 788: Quan điểm các vật thể vật chất hình thành do các nguyên tử hấp dẫn và kết hợp với nhau theo nhiều dạng khác nhau là của trường phái triết học Ấn Độ cổ đại nào: A. Mimansa B. Đạo Jaina C. Lôkayata D. Yoga Đáp án đúng: B. Giải thích:
mcq_triet_789,789,Cơ sở lý luận của đạo Hindu ở Ấn Độ cổ đại là trường phái triết học nào:,Mimansa,Yôga,Vêdanta,Lôkoyata,C,,,Loại: Trắc nghiệm triết học; Phần: ; Câu 789: Cơ sở lý luận của đạo Hindu ở Ấn Độ cổ đại là trường phái triết học nào: A. Mimansa B. Yôga C. Vêdanta D. Lôkoyata Đáp án đúng: C. Giải thích:
mcq_triet_790,790,"Trong triết học cổ đại Ấn Độ, nhân sinh quan Phật giáo thể hiện tập trung trong thuyết “tứ đế”. Phương án nào sau đây phản ánh được “tứ đế” đó? 154 A. Khổ đế, Tập đế, Nhân đế, Đạo đế B. Khổ đế, Tập đế, Nhân đế, Diệt đế C. Khổ đế, Tập đế, Diệt đế, Đạo đế D. Khổ đế, Tập đế, Đạo đế, Niết bàn Đáp án: C là đáp án đúng Câu 791: Bát chính đạo của Đạo Phật nằm trong phương án nào sau đây:","Chính kiến, chính tư duy, chính ngữ, chính nghiệp, chính mệnh, chính tinh tiến, chính niệm, chính đạo.","Chính kiến, chính tư duy, chính ngữ, chính nghiệp, chính mệnh, chính tinh tiến, chính niệm, chính định.","Chính kiến, chính tư duy, chính ngữ, chính nghiệp, chính định, chính tinh tiến, chính niệm, chính đạo.","Chính kiến, chính khẩu, chính tư duy, chính nghiệp, chính mệnh, chính tinh tiến, chính niệm, chính định.",C,,,"Loại: Trắc nghiệm triết học; Phần: ; Câu 790: Trong triết học cổ đại Ấn Độ, nhân sinh quan Phật giáo thể hiện tập trung trong thuyết “tứ đế”. Phương án nào sau đây phản ánh được “tứ đế” đó? 154 A. Khổ đế, Tập đế, Nhân đế, Đạo đế B. Khổ đế, Tập đế, Nhân đế, Diệt đế C. Khổ đế, Tập đế, Diệt đế, Đạo đế D. Khổ đế, Tập đế, Đạo đế, Niết bàn Đáp án: C là đáp án đúng Câu 791: Bát chính đạo của Đạo Phật nằm trong phương án nào sau đây: A. Chính kiến, chính tư duy, chính ngữ, chính nghiệp, chính mệnh, chính tinh tiến, chính niệm, chính đạo. B. Chính kiến, chính tư duy, chính ngữ, chính nghiệp, chính mệnh, chính tinh tiến, chính niệm, chính định. C. Chính kiến, chính tư duy, chính ngữ, chính nghiệp, chính định, chính tinh tiến, chính niệm, chính đạo. D. Chính kiến, chính khẩu, chính tư duy, chính nghiệp, chính mệnh, chính tinh tiến, chính niệm, chính định. Đáp án đúng: C. Giải thích:"
mcq_triet_792,792,"Trong triết học cổ đại nào Trung Hoa, người chủ trương cải biến xã hội loạn lạc bằng “Nhân trị” là:",Khổng Tử,Tuân Tử,Hàn Phi Tử,Mạnh Tử,A,,,"Loại: Trắc nghiệm triết học; Phần: ; Câu 792: Trong triết học cổ đại nào Trung Hoa, người chủ trương cải biến xã hội loạn lạc bằng “Nhân trị” là: A. Khổng Tử B. Tuân Tử C. Hàn Phi Tử D. Mạnh Tử Đáp án đúng: A. Giải thích:"
mcq_triet_793,793,Nhà triết học Trung Quốc cổ đại nào đưa ra quan điểm “Nhân tri sơ tính bản thiện”?,Dương Hùng,Mạnh Tử,Mặc Tử,Lão Tử,B,,,Loại: Trắc nghiệm triết học; Phần: ; Câu 793: Nhà triết học Trung Quốc cổ đại nào đưa ra quan điểm “Nhân tri sơ tính bản thiện”? A. Dương Hùng B. Mạnh Tử C. Mặc Tử D. Lão Tử Đáp án đúng: B. Giải thích:
mcq_triet_794,794,"Nhà triết học Trung Quốc cổ đại nào đưa ra quan điểm: “Dân vi quý, xã tắc thứ chi, quân vi khinh” (Dân là trọng hơn cả, xã tắc đứng đằng sau, vua còn nhẹ hơn):",Khổng Tử,Tuân Tử 155 C. Mạnh Tử,,Lão Tử,C,,,"Loại: Trắc nghiệm triết học; Phần: ; Câu 794: Nhà triết học Trung Quốc cổ đại nào đưa ra quan điểm: “Dân vi quý, xã tắc thứ chi, quân vi khinh” (Dân là trọng hơn cả, xã tắc đứng đằng sau, vua còn nhẹ hơn): A. Khổng Tử B. Tuân Tử 155 C. Mạnh Tử C.  D. Lão Tử Đáp án đúng: C. Giải thích:"
mcq_triet_795,795,"Tác giả câu nói nổi tiếng: “Lưới trời lồng lộng, thưa mà không lọt”?",Lão Tử,Hàn Phi Tử,Trang Tử,Tuân Tử,A,,,"Loại: Trắc nghiệm triết học; Phần: ; Câu 795: Tác giả câu nói nổi tiếng: “Lưới trời lồng lộng, thưa mà không lọt”? A. Lão Tử B. Hàn Phi Tử C. Trang Tử D. Tuân Tử Đáp án đúng: A. Giải thích:"
mcq_triet_796,796,"Quan điểm: “Đời khác thì việc phải khác, việc khác thì pháp độ phải khác” là của nhà triết học Trung Quốc cổ đại nào?",Thương Ưởng,Hàn Phi Tử,Mặc Tử,Tuân Tử,B,,,"Loại: Trắc nghiệm triết học; Phần: ; Câu 796: Quan điểm: “Đời khác thì việc phải khác, việc khác thì pháp độ phải khác” là của nhà triết học Trung Quốc cổ đại nào? A. Thương Ưởng B. Hàn Phi Tử C. Mặc Tử D. Tuân Tử Đáp án đúng: B. Giải thích:"
mcq_triet_797,797,"Tư tưởng về sự giàu nghèo, sống chết, hoạ phúc, thành bại không phải là do số mệnh quy định mà do hành vi con người gây nên là của ai:",Lão Tử,Trang Tử,Mặc Tử,Khổng Tử,C,,,"Loại: Trắc nghiệm triết học; Phần: ; Câu 797: Tư tưởng về sự giàu nghèo, sống chết, hoạ phúc, thành bại không phải là do số mệnh quy định mà do hành vi con người gây nên là của ai: A. Lão Tử B. Trang Tử C. Mặc Tử D. Khổng Tử Đáp án đúng: C. Giải thích:"
mcq_triet_798,798,Nhà triết học Trung Quốc cổ đại nào quan niệm nguyên nhân và động lực căn bản của mọi sự biến đổi lịch sử là do dân số và của cải ít hoặc nhiều?,Hàn Phi Tử,Khổng Tử,Mạnh Tử,Tuân Tử,A,,,Loại: Trắc nghiệm triết học; Phần: ; Câu 798: Nhà triết học Trung Quốc cổ đại nào quan niệm nguyên nhân và động lực căn bản của mọi sự biến đổi lịch sử là do dân số và của cải ít hoặc nhiều? A. Hàn Phi Tử B. Khổng Tử C. Mạnh Tử D. Tuân Tử Đáp án đúng: A. Giải thích:
mcq_triet_799,799,"Ông cho rằng tự nhiên không có ý chí tối cao, ý muốn chủ quan con người không thể thay đổi được quy luật khách quan, vận mệnh của con người là do con người tự quyết định lấy. 156 Ông là ai?",Trang Tử,Mặc Tử,Hàn Phi Tử,Khổng Tử,C,,,"Loại: Trắc nghiệm triết học; Phần: ; Câu 799: Ông cho rằng tự nhiên không có ý chí tối cao, ý muốn chủ quan con người không thể thay đổi được quy luật khách quan, vận mệnh của con người là do con người tự quyết định lấy. 156 Ông là ai? A. Trang Tử B. Mặc Tử C. Hàn Phi Tử D. Khổng Tử Đáp án đúng: C. Giải thích:"
mcq_triet_800,800,"Học thuyết “Kiêm ái” kêu gọi yêu thương tất cả mọi người như nhau, không phân biệt thân sơ, trên dưới, sang hèn là của nhà triết học nào?",Dương Chu,Lão Tử,Mặc Tử,Mạnh Tử,C,,,"Loại: Trắc nghiệm triết học; Phần: ; Câu 800: Học thuyết “Kiêm ái” kêu gọi yêu thương tất cả mọi người như nhau, không phân biệt thân sơ, trên dưới, sang hèn là của nhà triết học nào? A. Dương Chu B. Lão Tử C. Mặc Tử D. Mạnh Tử Đáp án đúng: C. Giải thích:"
mcq_triet_801,801,Chủ trương chủ nghĩa “vị ngã” tức là vì mình trong triết học Trung Quốc cổ đại là của tác giả nào?,Lão Tử,Dương Chu,Trang Tử,Mạnh Tử,B,,,Loại: Trắc nghiệm triết học; Phần: ; Câu 801: Chủ trương chủ nghĩa “vị ngã” tức là vì mình trong triết học Trung Quốc cổ đại là của tác giả nào? A. Lão Tử B. Dương Chu C. Trang Tử D. Mạnh Tử Đáp án đúng: B. Giải thích:
mcq_triet_802,802,"Người đưa ra tư tưởng về sự hình thành khái niệm trước hết là dựa vào kinh nghiệm cảm quan. Con người lấy tính chất chung của sự vật khách quan do cảm giác chung đưa lại để so sánh và quy nạp thành từng loại, đặt cho nó một tên gọi chung, do đó hình thành lời và khái niệm. Ông là ai?",Tuân Tử,Mặc Tử,Trang Tử,Khổng Tử,A,,,"Loại: Trắc nghiệm triết học; Phần: ; Câu 802: Người đưa ra tư tưởng về sự hình thành khái niệm trước hết là dựa vào kinh nghiệm cảm quan. Con người lấy tính chất chung của sự vật khách quan do cảm giác chung đưa lại để so sánh và quy nạp thành từng loại, đặt cho nó một tên gọi chung, do đó hình thành lời và khái niệm. Ông là ai? A. Tuân Tử B. Mặc Tử C. Trang Tử D. Khổng Tử Đáp án đúng: A. Giải thích:"
mcq_triet_803,803,"Đề cập về nguồn gốc xã hội của con người, một triết gia Trung Quốc cổ đại cho rằng con người khác động vật ở chỗ có tổ chức xã hội và có sinh hoạt xã hội theo tập thể. Sở dĩ như vậy là để sinh tồn, người ta cần phải có sự liên hệ, trao đổi và giúp đỡ nhau một cách tự nhiên và 157 tất yếu. Ông là ai?",Lão Tử,Mạnh Tử,Tuân Tử,Khổng Tử,C,,,"Loại: Trắc nghiệm triết học; Phần: ; Câu 803: Đề cập về nguồn gốc xã hội của con người, một triết gia Trung Quốc cổ đại cho rằng con người khác động vật ở chỗ có tổ chức xã hội và có sinh hoạt xã hội theo tập thể. Sở dĩ như vậy là để sinh tồn, người ta cần phải có sự liên hệ, trao đổi và giúp đỡ nhau một cách tự nhiên và 157 tất yếu. Ông là ai? A. Lão Tử B. Mạnh Tử C. Tuân Tử D. Khổng Tử Đáp án đúng: C. Giải thích:"
mcq_triet_804,804,"Quan điểm: “Hoạ là chỗ tựa của phúc, phúc là chỗ náu của hoạ” tư tưởng về sự thống nhất của các mặt đối lập ấy là của nhà triết học nào?",Mặc Tử,Lão Tử,Tuân Tử,Hàn Phi Tử,B,,,"Loại: Trắc nghiệm triết học; Phần: ; Câu 804: Quan điểm: “Hoạ là chỗ tựa của phúc, phúc là chỗ náu của hoạ” tư tưởng về sự thống nhất của các mặt đối lập ấy là của nhà triết học nào? A. Mặc Tử B. Lão Tử C. Tuân Tử D. Hàn Phi Tử Đáp án đúng: B. Giải thích:"
mcq_triet_805,805,"Luận điểm nổi tiếng: “Trời có bốn mùa, đất có sản vật, người có văn tự” là của nhà triết học nào?",Khổng Tử,Mạnh Tử,Hàn Phi Tử,Tuân Tử,D,,,"Loại: Trắc nghiệm triết học; Phần: ; Câu 805: Luận điểm nổi tiếng: “Trời có bốn mùa, đất có sản vật, người có văn tự” là của nhà triết học nào? A. Khổng Tử B. Mạnh Tử C. Hàn Phi Tử D. Tuân Tử Đáp án đúng: D. Giải thích:"
mcq_triet_806,806,Theo Talét (~ 624 -547 TCN) bản nguyên của mọi vật trong thế giới là:,Nước,Không khí,Ête,Lửa,A,,,Loại: Trắc nghiệm triết học; Phần: ; Câu 806: Theo Talét (~ 624 -547 TCN) bản nguyên của mọi vật trong thế giới là: A. Nước B. Không khí C. Ête D. Lửa Đáp án đúng: A. Giải thích:
mcq_triet_807,807,"Ông cho rằng vũ trụ không phải do Chúa trời hay một lực lượng siêu nhiên thần bí nào tạo ra. Nó “mãi mãi đã, đang và sẽ là ngọn lửa vĩnh viễn đang không ngừng bùng cháy và tồn tại”. Ông là ai?",Đêmôcrit,Platôn,Hêraclit 158 D. Arixtốt,,C,,,"Loại: Trắc nghiệm triết học; Phần: ; Câu 807: Ông cho rằng vũ trụ không phải do Chúa trời hay một lực lượng siêu nhiên thần bí nào tạo ra. Nó “mãi mãi đã, đang và sẽ là ngọn lửa vĩnh viễn đang không ngừng bùng cháy và tồn tại”. Ông là ai? A. Đêmôcrit B. Platôn C. Hêraclit 158 D. Arixtốt D.  Đáp án đúng: C. Giải thích:"
mcq_triet_808,808,"Luận điểm “cùng một cái ở trong chúng ta – sống và chết, thức và ngủ, trẻ và già. Vì rằng cái này mà biến đổi thành cái kia, và ngược lại cái kia mà biến đổi thành cái này” là của ai?",Lơxip,Hêraclit,Arixtốt,Đêmôcrit,B,,,"Loại: Trắc nghiệm triết học; Phần: ; Câu 808: Luận điểm “cùng một cái ở trong chúng ta – sống và chết, thức và ngủ, trẻ và già. Vì rằng cái này mà biến đổi thành cái kia, và ngược lại cái kia mà biến đổi thành cái này” là của ai? A. Lơxip B. Hêraclit C. Arixtốt D. Đêmôcrit Đáp án đúng: B. Giải thích:"
mcq_triet_809,809,"Ông cho rằng linh hồn luôn vận động sinh ra nhiệt làm cho cơ thể hưng phấn và vận động, nơi cư trú của linh hồn là trái tim. Ông là ai?",Đêmôcrit,Platôn,Arixtốt,Hêraclit,A,,,"Loại: Trắc nghiệm triết học; Phần: ; Câu 809: Ông cho rằng linh hồn luôn vận động sinh ra nhiệt làm cho cơ thể hưng phấn và vận động, nơi cư trú của linh hồn là trái tim. Ông là ai? A. Đêmôcrit B. Platôn C. Arixtốt D. Hêraclit Đáp án đúng: A. Giải thích:"
mcq_triet_810,810,"Tư tưởng vê sự vận động, phát triển không ngừng của thế giới do quy luật khách quan (lôgos) quy định là của nhà triết học nào?",Arixtốt,Đêmôcrit,Hêraclit,Xênôphan,C,,,"Loại: Trắc nghiệm triết học; Phần: ; Câu 810: Tư tưởng vê sự vận động, phát triển không ngừng của thế giới do quy luật khách quan (lôgos) quy định là của nhà triết học nào? A. Arixtốt B. Đêmôcrit C. Hêraclit D. Xênôphan Đáp án đúng: C. Giải thích:"
mcq_triet_811,811,Quan điểm thế giới là một khối “duy nhất” bất sinh bất dịch. Thế giới không phải do thần thánh tạo ra là của triết gia nào?,Pitago,Xênôphan,Pacmênit,Hêraclit,B,,,Loại: Trắc nghiệm triết học; Phần: ; Câu 811: Quan điểm thế giới là một khối “duy nhất” bất sinh bất dịch. Thế giới không phải do thần thánh tạo ra là của triết gia nào? A. Pitago B. Xênôphan C. Pacmênit D. Hêraclit Đáp án đúng: B. Giải thích:
mcq_triet_812,812,"Nhà triết học Hy lạp cổ đại đầu tiên quan niệm, không phải thần thánh sáng tạo ra con 159 người, mà chính con người nghĩ ra, sáng tạo các vị thần thánh theo trí tưởng tượng và theo hình tượng của mình. Ông là ai?",Hêraclit,Đêmôcrit,Xênôphan,Pacmênit,C,,,"Loại: Trắc nghiệm triết học; Phần: ; Câu 812: Nhà triết học Hy lạp cổ đại đầu tiên quan niệm, không phải thần thánh sáng tạo ra con 159 người, mà chính con người nghĩ ra, sáng tạo các vị thần thánh theo trí tưởng tượng và theo hình tượng của mình. Ông là ai? A. Hêraclit B. Đêmôcrit C. Xênôphan D. Pacmênit Đáp án đúng: C. Giải thích:"
mcq_triet_813,813,"Ông cho rằng khởi nguyên của thế giới vật chất là 4 yếu tố vật chất: đất, nước, lửa, không khí. Ông là ai?",Dênon,Empêđoc,Anaxago,Xênôphan,B,,,"Loại: Trắc nghiệm triết học; Phần: ; Câu 813: Ông cho rằng khởi nguyên của thế giới vật chất là 4 yếu tố vật chất: đất, nước, lửa, không khí. Ông là ai? A. Dênon B. Empêđoc C. Anaxago D. Xênôphan Đáp án đúng: B. Giải thích:"
mcq_triet_814,814,"Nhà triết học đưa ra quan niệm sự sống là kết quả của quá trình biến đổi của bản thân tự nhiên; được phát sinh từ những vật thể ẩm ướt, dưới tác động của nhiệt độ. Ông là ai?",Đêmôcrit,Hêraclit,Xênôphan,Anaxago,A,,,"Loại: Trắc nghiệm triết học; Phần: ; Câu 814: Nhà triết học đưa ra quan niệm sự sống là kết quả của quá trình biến đổi của bản thân tự nhiên; được phát sinh từ những vật thể ẩm ướt, dưới tác động của nhiệt độ. Ông là ai? A. Đêmôcrit B. Hêraclit C. Xênôphan D. Anaxago Đáp án đúng: A. Giải thích:"
mcq_triet_815,815,"Người được Arixtốt coi là tiền bối của mình về lôgíc học, ông là ai?",Platôn,Hêraclit,Đêmôcrit,Pitago,C,,,"Loại: Trắc nghiệm triết học; Phần: ; Câu 815: Người được Arixtốt coi là tiền bối của mình về lôgíc học, ông là ai? A. Platôn B. Hêraclit C. Đêmôcrit D. Pitago Đáp án đúng: C. Giải thích:"
mcq_triet_816,816,"Tư tưởng về nguồn gốc tâm lý của tín ngưỡng, tôn giáo là vì con người bị ám ảnh bởi những hiện tượng khủng khiếp trong tự nhiên, là của nhà triết học Hy lạp cổ đại nào?",Hêraclit,Đêmôcrit,Arixtốt 160 D. Platôn,,B,,,"Loại: Trắc nghiệm triết học; Phần: ; Câu 816: Tư tưởng về nguồn gốc tâm lý của tín ngưỡng, tôn giáo là vì con người bị ám ảnh bởi những hiện tượng khủng khiếp trong tự nhiên, là của nhà triết học Hy lạp cổ đại nào? A. Hêraclit B. Đêmôcrit C. Arixtốt 160 D. Platôn D.  Đáp án đúng: B. Giải thích:"
mcq_triet_817,817,"Người đưa ra luận điểm “vạch ra khuyết điểm của riêng mình tốt hơn là vạch ra khuyết điểm của người khác”, ông là ai?",Đêmôcrit,Arixtốt,Hêraclit,Platôn,A,,,"Loại: Trắc nghiệm triết học; Phần: ; Câu 817: Người đưa ra luận điểm “vạch ra khuyết điểm của riêng mình tốt hơn là vạch ra khuyết điểm của người khác”, ông là ai? A. Đêmôcrit B. Arixtốt C. Hêraclit D. Platôn Đáp án đúng: A. Giải thích:"
mcq_triet_818,818,"Ông cho rằng vật chất cũng là cái có thực nhưng không phải là cái tồn tại, nó chỉ là cái bóng của cái tồn tại “ý niệm”, ông là ai?",Pitago,Xôcrat,Platôn,Arixtốt,C,,,"Loại: Trắc nghiệm triết học; Phần: ; Câu 818: Ông cho rằng vật chất cũng là cái có thực nhưng không phải là cái tồn tại, nó chỉ là cái bóng của cái tồn tại “ý niệm”, ông là ai? A. Pitago B. Xôcrat C. Platôn D. Arixtốt Đáp án đúng: C. Giải thích:"
mcq_triet_819,819,"Người đầu tiên nhấn mạnh vai trò đặc biệt của khái niệm trong nhận thức, khi ông cho rằng khám phá ra chân lý đích thực về bản chất sự vật tức là phải hiểu nó ở mức độ khái niệm. Ông là ai?",Arixtốt,Xôcrat,Platôn,Đêmôcrit,B,,,"Loại: Trắc nghiệm triết học; Phần: ; Câu 819: Người đầu tiên nhấn mạnh vai trò đặc biệt của khái niệm trong nhận thức, khi ông cho rằng khám phá ra chân lý đích thực về bản chất sự vật tức là phải hiểu nó ở mức độ khái niệm. Ông là ai? A. Arixtốt B. Xôcrat C. Platôn D. Đêmôcrit Đáp án đúng: B. Giải thích:"
mcq_triet_820,820,"Người đưa ra quan điểm rằng ý niệm là đối tượng của nhận thức chân lý bằng sự hồi tưởng của linh hồn bất tử, ông là ai?",Pitago,Pacmênit,Platôn,Arixtốt,C,,,"Loại: Trắc nghiệm triết học; Phần: ; Câu 820: Người đưa ra quan điểm rằng ý niệm là đối tượng của nhận thức chân lý bằng sự hồi tưởng của linh hồn bất tử, ông là ai? A. Pitago B. Pacmênit C. Platôn D. Arixtốt Đáp án đúng: C. Giải thích:"
mcq_triet_821,821,"Nhà triết học Hy lạp cổ đại được C.Mác suy tôn là “người khổng lồ về tư tưởng”, ông là 161 ai?",Đêmôcrit,Arixtốt,Platôn,Hêraclit,B,,,"Loại: Trắc nghiệm triết học; Phần: ; Câu 821: Nhà triết học Hy lạp cổ đại được C.Mác suy tôn là “người khổng lồ về tư tưởng”, ông là 161 ai? A. Đêmôcrit B. Arixtốt C. Platôn D. Hêraclit Đáp án đúng: B. Giải thích:"
mcq_triet_822,822,"Quá trình tư duy diễn ra qua các khâu: Cơ thể – tác động bên ngoài – cảm giác – tưởng tượng – tư duy, là khái quát của nhà triết học nào?",Arixtốt,Hêraclit,Đêmôcrit,Platôn,A,,,"Loại: Trắc nghiệm triết học; Phần: ; Câu 822: Quá trình tư duy diễn ra qua các khâu: Cơ thể – tác động bên ngoài – cảm giác – tưởng tượng – tư duy, là khái quát của nhà triết học nào? A. Arixtốt B. Hêraclit C. Đêmôcrit D. Platôn Đáp án đúng: A. Giải thích:"
mcq_triet_823,823,"Người đưa ra quan điểm trong việc xem xét nhà nước về 3 phương diện: lập pháp, hành pháp và phán xử, ông là nhà triết học nào?",Thế kỷ V đến thế kỷ XIII,Thế kỷ V đến thế kỷ XV,Thế kỷ V đến thế kỷ XVI,Thế kỷ IV đến thế kỷ XIV,C,Câu 824: Thời kỳ trung c ổ bắt đầu từ: A. Thế kỷ V đến thế kỷ XIII B. Thế kỷ V đến thế kỷ XV C. Thế kỷ V đến thế kỷ XVI D. Thế kỷ IV đến thế kỷ XIV Đáp án: B là đáp án đúng,,"Loại: Trắc nghiệm triết học; Phần: ; Câu 823: Người đưa ra quan điểm trong việc xem xét nhà nước về 3 phương diện: lập pháp, hành pháp và phán xử, ông là nhà triết học nào? A. Thế kỷ V đến thế kỷ XIII B. Thế kỷ V đến thế kỷ XV C. Thế kỷ V đến thế kỷ XVI D. Thế kỷ IV đến thế kỷ XIV Đáp án đúng: C. Giải thích: Câu 824: Thời kỳ trung c ổ bắt đầu từ: A. Thế kỷ V đến thế kỷ XIII B. Thế kỷ V đến thế kỷ XV C. Thế kỷ V đến thế kỷ XVI D. Thế kỷ IV đến thế kỷ XIV Đáp án: B là đáp án đúng"
mcq_triet_825,825,Hình thái kinh tế - xã hội nào thống trị thời kỳ trung cổ ở Tây Âu:,Chiếm hữu nô lệ,Cộng sản nguyên thuỷ,Phong kiến,Tư bản chủ nghĩa 162 Đáp án: C là đáp án đúng,,,,Loại: Trắc nghiệm triết học; Phần: ; Câu 825: Hình thái kinh tế - xã hội nào thống trị thời kỳ trung cổ ở Tây Âu: A. Chiếm hữu nô lệ B. Cộng sản nguyên thuỷ C. Phong kiến D. Tư bản chủ nghĩa 162 Đáp án: C là đáp án đúng Đáp án đúng: . Giải thích:
mcq_triet_826,826,"Người đưa ra quan niệm Thượng đế là một vật thể, ông là ai?",Tectuliêng,Ôguytxtanh,Giăngxicốt Ơrigieno,Tômát Đacanh,A,,,"Loại: Trắc nghiệm triết học; Phần: ; Câu 826: Người đưa ra quan niệm Thượng đế là một vật thể, ông là ai? A. Tectuliêng B. Ôguytxtanh C. Giăngxicốt Ơrigieno D. Tômát Đacanh Đáp án đúng: A. Giải thích:"
mcq_triet_827,827,"Ông cho rằng quá trình nhận thức của con người là quá trình nhận thức Thượng đế, nhận thức Thượng đế chỉ để đạt được bởi niềm tin tôn giáo và Thượng đế là chân lý tối cao?",TômátĐacanh,Ôguytxtanh,Đơnxcốt,Tectuliêng,B,,,"Loại: Trắc nghiệm triết học; Phần: ; Câu 827: Ông cho rằng quá trình nhận thức của con người là quá trình nhận thức Thượng đế, nhận thức Thượng đế chỉ để đạt được bởi niềm tin tôn giáo và Thượng đế là chân lý tối cao? A. TômátĐacanh B. Ôguytxtanh C. Đơnxcốt D. Tectuliêng Đáp án đúng: B. Giải thích:"
mcq_triet_828,828,Thời kỳ hưng thịnh của chủ nghĩa Kinh viện ở Tây Âu thời kỳ trung cổ:,Thế kỷ X,Thế kỷ X đến thế kỷ XII,Thế kỷ XIII,Thế kỷ X đến Thế kỷ XIII,C,,,Loại: Trắc nghiệm triết học; Phần: ; Câu 828: Thời kỳ hưng thịnh của chủ nghĩa Kinh viện ở Tây Âu thời kỳ trung cổ: A. Thế kỷ X B. Thế kỷ X đến thế kỷ XII C. Thế kỷ XIII D. Thế kỷ X đến Thế kỷ XIII Đáp án đúng: C. Giải thích:
mcq_triet_829,829,"Người đưa ra tư tưởng đồng nhất tôn giáo với triết học rằng: “triết học chân chính và tôn giáo chân chính là một”, ông là ai?",Giăngxicốt Ơrigieno,Tectuliêng,TômatĐacanh,Đơnxcốt,A,,,"Loại: Trắc nghiệm triết học; Phần: ; Câu 829: Người đưa ra tư tưởng đồng nhất tôn giáo với triết học rằng: “triết học chân chính và tôn giáo chân chính là một”, ông là ai? A. Giăngxicốt Ơrigieno B. Tectuliêng C. TômatĐacanh D. Đơnxcốt Đáp án đúng: A. Giải thích:"
mcq_triet_830,830,"Khi giải quyết quan hệ giữa lý trí và lòng tin, ông quan niệm rằng niềm tin phải lấy lý trí làm cho cơ sở “hiểu để mà tin”, ông là ai?",Đơnxcốt,Pie Abơla,Rôgiê Bêcơn 163 D. Ôguytxtanh,,B,,,"Loại: Trắc nghiệm triết học; Phần: ; Câu 830: Khi giải quyết quan hệ giữa lý trí và lòng tin, ông quan niệm rằng niềm tin phải lấy lý trí làm cho cơ sở “hiểu để mà tin”, ông là ai? A. Đơnxcốt B. Pie Abơla C. Rôgiê Bêcơn 163 D. Ôguytxtanh D.  Đáp án đúng: B. Giải thích:"
mcq_triet_831,831,"Quan niệm đối tượng của triết học là nghiên cứu “chân lý và lý trí”, còn đối tượng của thần học là “chân lý của lòng tin tôn giáo” là của ai?",Pie Abơla,Ôguytxtanh,Tômat Đacanh,Rôgiê Bêcơn,C,,,"Loại: Trắc nghiệm triết học; Phần: ; Câu 831: Quan niệm đối tượng của triết học là nghiên cứu “chân lý và lý trí”, còn đối tượng của thần học là “chân lý của lòng tin tôn giáo” là của ai? A. Pie Abơla B. Ôguytxtanh C. Tômat Đacanh D. Rôgiê Bêcơn Đáp án đúng: C. Giải thích:"
mcq_triet_832,832,"Người theo chủ nghĩa Duy thực triệt để, ông là ai?",Tômát Đacanh,Giăngxicốt Ơrigieno,Đơnxcốt,Pie Abơla,B,,,"Loại: Trắc nghiệm triết học; Phần: ; Câu 832: Người theo chủ nghĩa Duy thực triệt để, ông là ai? A. Tômát Đacanh B. Giăngxicốt Ơrigieno C. Đơnxcốt D. Pie Abơla Đáp án đúng: B. Giải thích:"
mcq_triet_833,833,"Người coi khoa học thực nghiệm là chúa tể của khoa học, ông là ai?",Rôgiê Bêcơn,Pie Abơla,Guyôm Ôccam,Đơnxcốt,A,,,"Loại: Trắc nghiệm triết học; Phần: ; Câu 833: Người coi khoa học thực nghiệm là chúa tể của khoa học, ông là ai? A. Rôgiê Bêcơn B. Pie Abơla C. Guyôm Ôccam D. Đơnxcốt Đáp án đúng: A. Giải thích:"
mcq_triet_834,834,"Người được coi là nhà triết học duy tâm chủ quan triệt để nhất trong lịch sử triết học Trung Quốc, ông là ai?",Lý Chí (1527 -1602),Lục Cửu Uyên,Vương Thủ Nhân (1472 -1528),Thiệu Ung,C,,,"Loại: Trắc nghiệm triết học; Phần: ; Câu 834: Người được coi là nhà triết học duy tâm chủ quan triệt để nhất trong lịch sử triết học Trung Quốc, ông là ai? A. Lý Chí (1527 -1602) B. Lục Cửu Uyên C. Vương Thủ Nhân (1472 -1528) D. Thiệu Ung Đáp án đúng: C. Giải thích:"
mcq_triet_835,835,"Ông được coi là người tiên phong trong việc kết hợp Nho – Phật – Lão, ông là ai?",Chu Đôn Di (1017 -1073),Thiệu Ung (1011 -1077),Chu Hy (1130 -1200) 164 D. Vương Thủ Nhân (1472 -1528),,B,,,"Loại: Trắc nghiệm triết học; Phần: ; Câu 835: Ông được coi là người tiên phong trong việc kết hợp Nho – Phật – Lão, ông là ai? A. Chu Đôn Di (1017 -1073) B. Thiệu Ung (1011 -1077) C. Chu Hy (1130 -1200) 164 D. Vương Thủ Nhân (1472 -1528) D.  Đáp án đúng: B. Giải thích:"
mcq_triet_836,836,"Quan niệm: “Hình (thể xác) là cái chất của tinh thần, tinh thần là tác dụng của (hình) thể xác” là của nhà triết học hoặc trường phái triết học nào ở Trung Quốc?",Bùi Nguỵ (265 -299),Phạm Chẩn (450 -515),"Phái Hàn Dũ, Liễu Tôn Nguyên, Âu Dương Tu, Tô Đông Pha.",Chu Hy (1130 -1200),B,,,"Loại: Trắc nghiệm triết học; Phần: ; Câu 836: Quan niệm: “Hình (thể xác) là cái chất của tinh thần, tinh thần là tác dụng của (hình) thể xác” là của nhà triết học hoặc trường phái triết học nào ở Trung Quốc? A. Bùi Nguỵ (265 -299) B. Phạm Chẩn (450 -515) C. Phái Hàn Dũ, Liễu Tôn Nguyên, Âu Dương Tu, Tô Đông Pha. D. Chu Hy (1130 -1200) Đáp án đúng: B. Giải thích:"
mcq_triet_837,837,Quan niệm: “Không có hai mặt đối lập không thể thấy được sự thống nhất thì tác dụng của hai mặt đối lập cũng không có” là của nhà triết học nào?,Trình Hạo (1032 -1085),Trình Di (1033 -1107),Trương Tải (1020 -1077),Thiệu Ung (1011 -1077),C,,,Loại: Trắc nghiệm triết học; Phần: ; Câu 837: Quan niệm: “Không có hai mặt đối lập không thể thấy được sự thống nhất thì tác dụng của hai mặt đối lập cũng không có” là của nhà triết học nào? A. Trình Hạo (1032 -1085) B. Trình Di (1033 -1107) C. Trương Tải (1020 -1077) D. Thiệu Ung (1011 -1077) Đáp án đúng: C. Giải thích:
mcq_triet_838,838,"Tư tưởng thế giới là một chỉnh thể không thể phân chia trong đó có các sự vật, hiện tượng đều có mối liên hệ với nhau, ví như cơ thể con người, đó là tư tưởng của ai?",Trần Lượng (1143 -1194),Lục Cửu Uyên (1139 -1192),Chu Hy(1130 -1200),Trình Di (1033 -1107),A,,,"Loại: Trắc nghiệm triết học; Phần: ; Câu 838: Tư tưởng thế giới là một chỉnh thể không thể phân chia trong đó có các sự vật, hiện tượng đều có mối liên hệ với nhau, ví như cơ thể con người, đó là tư tưởng của ai? A. Trần Lượng (1143 -1194) B. Lục Cửu Uyên (1139 -1192) C. Chu Hy(1130 -1200) D. Trình Di (1033 -1107) Đáp án đúng: A. Giải thích:"
mcq_triet_839,839,"Ông cho rằng chỉ có nghiên cứu sự vật cụ thể, tìm hiểu đời sống con người mới có thể tìm ra quy luật khách quan, tìm ra chân lý. Ông là ai?",Trương Tải (1020 - 1077),Thiệu Ung (1011 - 1077),Trần Lượng (1143 - 1194),Lục Cửu Uyên (1139 -1192) 165 Đáp án: C là đáp án đúng,,,,"Loại: Trắc nghiệm triết học; Phần: ; Câu 839: Ông cho rằng chỉ có nghiên cứu sự vật cụ thể, tìm hiểu đời sống con người mới có thể tìm ra quy luật khách quan, tìm ra chân lý. Ông là ai? A. Trương Tải (1020 - 1077) B. Thiệu Ung (1011 - 1077) C. Trần Lượng (1143 - 1194) D. Lục Cửu Uyên (1139 -1192) 165 Đáp án: C là đáp án đúng Đáp án đúng: . Giải thích:"
mcq_triet_840,840,"Ông nói: “Trời đất sinh ở Thái cực. Thái cực là cái Tâm của ta; muôn vật biến hoá là do Thái c ực sinh ra, t ức là Tâm c ủa ta sinh ra v ậy. Bởi vậy, m ới nói Đ ạo của trời đất có đ ủ ở ngư ời”. Ông là nhà tri ết học nào?",Chu Đôn Di (1017 - 1073),Thiệu Ung (1011 - 1077),Trình Di (1033 - 1107),Chu Hy(1130 -1200),B,,,"Loại: Trắc nghiệm triết học; Phần: ; Câu 840: Ông nói: “Trời đất sinh ở Thái cực. Thái cực là cái Tâm của ta; muôn vật biến hoá là do Thái c ực sinh ra, t ức là Tâm c ủa ta sinh ra v ậy. Bởi vậy, m ới nói Đ ạo của trời đất có đ ủ ở ngư ời”. Ông là nhà tri ết học nào? A. Chu Đôn Di (1017 - 1073) B. Thiệu Ung (1011 - 1077) C. Trình Di (1033 - 1107) D. Chu Hy(1130 -1200) Đáp án đúng: B. Giải thích:"
mcq_triet_841,841,Tác phẩm nào được coi là đánh dấu sự chín muồi của thế giới quan mới (chủ nghĩa duy vật về lịch sử)?,Hệ tư tưởng Đức,Bản thảo kinh tế triết học 1844,Sự khốn cùng của triết học,Luận cương về Phoiơbắc,A,,,Loại: Trắc nghiệm triết học; Phần: ; Câu 841: Tác phẩm nào được coi là đánh dấu sự chín muồi của thế giới quan mới (chủ nghĩa duy vật về lịch sử)? A. Hệ tư tưởng Đức B. Bản thảo kinh tế triết học 1844 C. Sự khốn cùng của triết học D. Luận cương về Phoiơbắc Đáp án đúng: A. Giải thích:
mcq_triet_842,842,Yếu tố nào giữ vai trò quyết định trong tồn tại xã hội?,Môi trường tự nhiên,Điều kiện dân số,Phương thức sản xuất,Lực lượng sản xuất,C,,,Loại: Trắc nghiệm triết học; Phần: ; Câu 842: Yếu tố nào giữ vai trò quyết định trong tồn tại xã hội? A. Môi trường tự nhiên B. Điều kiện dân số C. Phương thức sản xuất D. Lực lượng sản xuất Đáp án đúng: C. Giải thích:
mcq_triet_843,843,Sản xuất vật chất là gì?,"Sản xuất xã hội, sản xuất tinh thần",Sản xuất của cải vật chất,Sản xuất vật chất và sản xuất tinh thần,Sản xuất ra đời sống xã hội,B,,,"Loại: Trắc nghiệm triết học; Phần: ; Câu 843: Sản xuất vật chất là gì? A. Sản xuất xã hội, sản xuất tinh thần B. Sản xuất của cải vật chất C. Sản xuất vật chất và sản xuất tinh thần D. Sản xuất ra đời sống xã hội Đáp án đúng: B. Giải thích:"
mcq_triet_844,844,Tư liệu sản xuất bao gồm:,Con người và công cụ lao động,"Con người lao động, công cụ lao động và đối tượng lao động",Đối tượng lao động và tư liệu lao động 166 D. Công cụ lao động và tư liệu lao động,,C,,,"Loại: Trắc nghiệm triết học; Phần: ; Câu 844: Tư liệu sản xuất bao gồm: A. Con người và công cụ lao động B. Con người lao động, công cụ lao động và đối tượng lao động C. Đối tượng lao động và tư liệu lao động 166 D. Công cụ lao động và tư liệu lao động D.  Đáp án đúng: C. Giải thích:"
mcq_triet_845,845,Trình độ của lực lượng sản xuất thể hiện ở:,Trình độ công cụ lao động và người lao động,"Trình độ tổ chức, phân công lao động xã hội",Trình độ ứng dụng khoa học vào sản xuất,Tất cả ý trên,D,,,"Loại: Trắc nghiệm triết học; Phần: ; Câu 845: Trình độ của lực lượng sản xuất thể hiện ở: A. Trình độ công cụ lao động và người lao động B. Trình độ tổ chức, phân công lao động xã hội C. Trình độ ứng dụng khoa học vào sản xuất D. Tất cả ý trên Đáp án đúng: D. Giải thích:"
mcq_triet_846,846,Tiêu chuẩn khách quan để phân biệt các chế độ xã hội trong lịch sử?,Quan hệ sản xuất đặc trưng,Chính trị tư tưởng,Lực lượng sản xuất,Phương thức sản xuất,A,,,Loại: Trắc nghiệm triết học; Phần: ; Câu 846: Tiêu chuẩn khách quan để phân biệt các chế độ xã hội trong lịch sử? A. Quan hệ sản xuất đặc trưng B. Chính trị tư tưởng C. Lực lượng sản xuất D. Phương thức sản xuất Đáp án đúng: A. Giải thích:
mcq_triet_847,847,Yếu tố cách mạng nhất trong lực lượng sản xuất:,Người lao động,Công cụ lao động,Phương tiện lao động,Tư liệu lao động,B,,,Loại: Trắc nghiệm triết học; Phần: ; Câu 847: Yếu tố cách mạng nhất trong lực lượng sản xuất: A. Người lao động B. Công cụ lao động C. Phương tiện lao động D. Tư liệu lao động Đáp án đúng: B. Giải thích:
mcq_triet_848,848,"Trong quan hệ sản xuất, quan hệ nào giữ vai trò quyết định:",Quan hệ sở hữu tư liệu sản xuất,"Quan hệ tổ chức, quản lý quá trình sản xuất",Quan hệ phân phối sản phẩm.,Quan hệ sở hữu tư nhân về tư liệu sản xuất,A,,,"Loại: Trắc nghiệm triết học; Phần: ; Câu 848: Trong quan hệ sản xuất, quan hệ nào giữ vai trò quyết định: A. Quan hệ sở hữu tư liệu sản xuất B. Quan hệ tổ chức, quản lý quá trình sản xuất C. Quan hệ phân phối sản phẩm. D. Quan hệ sở hữu tư nhân về tư liệu sản xuất Đáp án đúng: A. Giải thích:"
mcq_triet_849,849,Thời đại đồ đồng tương ứng với hình thái kinh tế – xã hội:,Hình thái kinh tế – xã hội cộng sản nguyên thuỷ,Hình thái kinh tế – xã hội phong kiến,Hình thái kinh tế – xã hội chiếm hữu nô lệ,Hình thái kinh tế – xã hội tư bản chủ nghĩa 167 Đáp án: C là đáp án đúng,,,,Loại: Trắc nghiệm triết học; Phần: ; Câu 849: Thời đại đồ đồng tương ứng với hình thái kinh tế – xã hội: A. Hình thái kinh tế – xã hội cộng sản nguyên thuỷ B. Hình thái kinh tế – xã hội phong kiến C. Hình thái kinh tế – xã hội chiếm hữu nô lệ D. Hình thái kinh tế – xã hội tư bản chủ nghĩa 167 Đáp án: C là đáp án đúng Đáp án đúng: . Giải thích:
mcq_triet_850,850,Nội dung của quá trình sản xuất vật chất là:,Tư liệu sản xuất và quan hệ giữa người với người đối với tư liệu sản xuất,Tư liệu sản xuất và người lao động với kỹ năng lao động tương ứng với công cụ lao động,"Tư liệu sản xuất và tổ chức, quản lý quá trình sản xuất",Tư liệu sản xuất và con người,B,,,"Loại: Trắc nghiệm triết học; Phần: ; Câu 850: Nội dung của quá trình sản xuất vật chất là: A. Tư liệu sản xuất và quan hệ giữa người với người đối với tư liệu sản xuất B. Tư liệu sản xuất và người lao động với kỹ năng lao động tương ứng với công cụ lao động C. Tư liệu sản xuất và tổ chức, quản lý quá trình sản xuất D. Tư liệu sản xuất và con người Đáp án đúng: B. Giải thích:"
mcq_triet_851,851,Nền tảng vật chất của toàn bộ lịch sử nhân loại là:,Lực lượng sản xuất,Quan hệ sản xuất,Của cải vật chất,Phương thức sản xuất,A,,,Loại: Trắc nghiệm triết học; Phần: ; Câu 851: Nền tảng vật chất của toàn bộ lịch sử nhân loại là: A. Lực lượng sản xuất B. Quan hệ sản xuất C. Của cải vật chất D. Phương thức sản xuất Đáp án đúng: A. Giải thích:
mcq_triet_852,852,Hoạt động tự giác trên quy mô toàn xã hội là đặc trưng cơ bản của nhân tố chủ quan trong xã hội?,Cộng sản nguyên thuỷ,Tư bản chủ nghĩa,Xã hội chủ nghĩa,Phong kiến,C,,,Loại: Trắc nghiệm triết học; Phần: ; Câu 852: Hoạt động tự giác trên quy mô toàn xã hội là đặc trưng cơ bản của nhân tố chủ quan trong xã hội? A. Cộng sản nguyên thuỷ B. Tư bản chủ nghĩa C. Xã hội chủ nghĩa D. Phong kiến Đáp án đúng: C. Giải thích:
mcq_triet_853,853,Khuynh hướng của sản xuất là không ngừng biến đổi phát triển. Sự biến đổi đó bao giờ cũng bắt đầu từ:,"Sự biến đổi, phát triển của cách thức sản xuất","Sự biến đổi, phát triển của lực lượng sản xuất","Sự biến đổi, phát triển của kỹ thuật sản xuất",Sự phát triển của khoa học kỹ thuật,B,,,"Loại: Trắc nghiệm triết học; Phần: ; Câu 853: Khuynh hướng của sản xuất là không ngừng biến đổi phát triển. Sự biến đổi đó bao giờ cũng bắt đầu từ: A. Sự biến đổi, phát triển của cách thức sản xuất B. Sự biến đổi, phát triển của lực lượng sản xuất C. Sự biến đổi, phát triển của kỹ thuật sản xuất D. Sự phát triển của khoa học kỹ thuật Đáp án đúng: B. Giải thích:"
mcq_triet_854,854,Tính chất xã hội của lực lượng sản xuất được bắt đầu từ:,Xã hội tư bản chủ nghĩa,Xã hội xã hội chủ nghĩa,Xã hội phong kiến,Xã hội chiếm hữu nô lệ. 168 Đáp án: A là đáp án đúng,,,,Loại: Trắc nghiệm triết học; Phần: ; Câu 854: Tính chất xã hội của lực lượng sản xuất được bắt đầu từ: A. Xã hội tư bản chủ nghĩa B. Xã hội xã hội chủ nghĩa C. Xã hội phong kiến D. Xã hội chiếm hữu nô lệ. 168 Đáp án: A là đáp án đúng Đáp án đúng: . Giải thích:
mcq_triet_855,855,"Quy luật xã hội nào giữ vai trò quyết định đối với sự vận động, phát triển của xã hội?",Quy luật về sự phù hợp của quan hệ sản xuất với trình độ phát triển của lực lượng sản xuất.,Quy luật tồn tại xã hội quyết định ý thức xã hội,Quy luật cơ sở hạ tầng quyết định kiến trúc thượng tầng,Quy luật đấu tranh giai cấp,A,,,"Loại: Trắc nghiệm triết học; Phần: ; Câu 855: Quy luật xã hội nào giữ vai trò quyết định đối với sự vận động, phát triển của xã hội? A. Quy luật về sự phù hợp của quan hệ sản xuất với trình độ phát triển của lực lượng sản xuất. B. Quy luật tồn tại xã hội quyết định ý thức xã hội C. Quy luật cơ sở hạ tầng quyết định kiến trúc thượng tầng D. Quy luật đấu tranh giai cấp Đáp án đúng: A. Giải thích:"
mcq_triet_856,856,"Trong sự nghiệp xây dựng CNXH ở nước ta, chúng ta cần phải tiến hành:",Phát triển lực lượng sản xuất đạt trình độ tiên tiến để tạo cơ sở cho việc xây dựng quan hệ sản xuất mới.,Chủ động xây dựng quan hệ sản xuất mới để tạo cơ sở thúc đẩy lực lượng sản xuất phát triển,Kết hợp đồng thời phát triển lực lượng sản xuất với từng bước xây dựng quan hệ sản xuất mới phù hợp.,Củng cố xây dựng kiến trúc thượng tầng mới cho phù hợp với cơ sở hạ tầng,C,,,"Loại: Trắc nghiệm triết học; Phần: ; Câu 856: Trong sự nghiệp xây dựng CNXH ở nước ta, chúng ta cần phải tiến hành: A. Phát triển lực lượng sản xuất đạt trình độ tiên tiến để tạo cơ sở cho việc xây dựng quan hệ sản xuất mới. B. Chủ động xây dựng quan hệ sản xuất mới để tạo cơ sở thúc đẩy lực lượng sản xuất phát triển C. Kết hợp đồng thời phát triển lực lượng sản xuất với từng bước xây dựng quan hệ sản xuất mới phù hợp. D. Củng cố xây dựng kiến trúc thượng tầng mới cho phù hợp với cơ sở hạ tầng Đáp án đúng: C. Giải thích:"
mcq_triet_857,857,Thực chất của quan hệ biện chứng giữa cơ sở hạ tầng và kiến trúc thượng tầng:,Quan hệ giữa đời sống vật chất và đời sống tinh thần của xã hội,Quan hệ giữa kinh tế và chính trị,Quan hệ giữa vật chất và tinh thần.,Quan hệ giữa tồn tại xã hội với ý thức xã hội,B,,,Loại: Trắc nghiệm triết học; Phần: ; Câu 857: Thực chất của quan hệ biện chứng giữa cơ sở hạ tầng và kiến trúc thượng tầng: A. Quan hệ giữa đời sống vật chất và đời sống tinh thần của xã hội B. Quan hệ giữa kinh tế và chính trị C. Quan hệ giữa vật chất và tinh thần. D. Quan hệ giữa tồn tại xã hội với ý thức xã hội Đáp án đúng: B. Giải thích:
mcq_triet_858,858,Phạm trù hình thái kinh tế – xã hội là phạm trù được áp dụng:,Cho mọi xã hội trong lịch sử,Cho một xã hội cụ thể,Cho xã hội tư bản chủ nghĩa,Cho xã hội cộng sản chủ nghĩa,A,,,Loại: Trắc nghiệm triết học; Phần: ; Câu 858: Phạm trù hình thái kinh tế – xã hội là phạm trù được áp dụng: A. Cho mọi xã hội trong lịch sử B. Cho một xã hội cụ thể C. Cho xã hội tư bản chủ nghĩa D. Cho xã hội cộng sản chủ nghĩa Đáp án đúng: A. Giải thích:
mcq_triet_859,859,"C.Mác viết: “Tôi coi sự phát triển của những hình thái kinh tế – xã hội là một quá trình lịch sử – tự nhiên”, theo nghĩa:",Sự phát triển của các hình thái kinh tế – xã hội cũng giống như sự phát triển của tự nhiên không phụ thuộc chủ quan của con người.,Sự phát triển của các hình thái kinh tế – xã hội tuân theo quy luật khách quan của xã hội. 169 C. Sự phát triển của các hình thái kinh tế – xã hội ngoài tuân theo các quy luật chung còn bị chi phối bởi điều kiện lịch sử cụ thể của mỗi quốc gia dân tộc.,,Tất cả ý trên,D,,,"Loại: Trắc nghiệm triết học; Phần: ; Câu 859: C.Mác viết: “Tôi coi sự phát triển của những hình thái kinh tế – xã hội là một quá trình lịch sử – tự nhiên”, theo nghĩa: A. Sự phát triển của các hình thái kinh tế – xã hội cũng giống như sự phát triển của tự nhiên không phụ thuộc chủ quan của con người. B. Sự phát triển của các hình thái kinh tế – xã hội tuân theo quy luật khách quan của xã hội. 169 C. Sự phát triển của các hình thái kinh tế – xã hội ngoài tuân theo các quy luật chung còn bị chi phối bởi điều kiện lịch sử cụ thể của mỗi quốc gia dân tộc. C.  D. Tất cả ý trên Đáp án đúng: D. Giải thích:"
mcq_triet_860,860,Chủ trương thực hiện nhất quán cơ cấu kinh tế nhiều thành phần ở nước ta hiện nay là:,Sự vận dụng đúng đắn quy luật về sự phù hợp của quan hệ sản xuất với trình độ của lực lượng sản xuất.,Nhằm đáp ứng yêu cầu hội nhập kinh tế thế giới,Nhằm thúc đẩy sự phát triển kinh tế,Cả A và C,D,,,Loại: Trắc nghiệm triết học; Phần: ; Câu 860: Chủ trương thực hiện nhất quán cơ cấu kinh tế nhiều thành phần ở nước ta hiện nay là: A. Sự vận dụng đúng đắn quy luật về sự phù hợp của quan hệ sản xuất với trình độ của lực lượng sản xuất. B. Nhằm đáp ứng yêu cầu hội nhập kinh tế thế giới C. Nhằm thúc đẩy sự phát triển kinh tế D. Cả A và C Đáp án đúng: D. Giải thích:
mcq_triet_861,861,Cấu trúc của một hình thái kinh tế – xã hội gồm các yếu tố cơ bản hợp thành:,Lĩnh vực vật chất và lĩnh vực tinh thần,Cơ sở hạ tầng và kiến trúc thượng tầng,"Quan hệ sản xuất, lực lượng sản xuất và kiến trúc thượng tầng","Quan hệ sản xuất, cơ sở hạ tầng và kiến trúc thượng tầng",C,,,"Loại: Trắc nghiệm triết học; Phần: ; Câu 861: Cấu trúc của một hình thái kinh tế – xã hội gồm các yếu tố cơ bản hợp thành: A. Lĩnh vực vật chất và lĩnh vực tinh thần B. Cơ sở hạ tầng và kiến trúc thượng tầng C. Quan hệ sản xuất, lực lượng sản xuất và kiến trúc thượng tầng D. Quan hệ sản xuất, cơ sở hạ tầng và kiến trúc thượng tầng Đáp án đúng: C. Giải thích:"
mcq_triet_862,862,Tiến lên chủ nghĩa xã hội ở nước ta hiện nay là:,Trái với tiến trình lịch sử tự nhiên,Phù hợp với quá trình lịch sử tự nhiên,Vận dụng sáng tạo của Đảng ta,Không phù hợp với quy luật khách quan,D,,,Loại: Trắc nghiệm triết học; Phần: ; Câu 862: Tiến lên chủ nghĩa xã hội ở nước ta hiện nay là: A. Trái với tiến trình lịch sử tự nhiên B. Phù hợp với quá trình lịch sử tự nhiên C. Vận dụng sáng tạo của Đảng ta D. Không phù hợp với quy luật khách quan Đáp án đúng: D. Giải thích:
mcq_triet_863,863,Luận điểm: “Tôi coi sự phát triển của các hình thái kinh tế – xã hội là một quá trình lịch sử – tự nhiên” được C.Mác nêu trong tác phẩm nào?,Tư bản,Hệ tư tưởng Đức,Lời nói đầu góp phần phê phán khoa kinh tế chính trị,Tuyên ngôn Đảng cộng sản,A,,,Loại: Trắc nghiệm triết học; Phần: ; Câu 863: Luận điểm: “Tôi coi sự phát triển của các hình thái kinh tế – xã hội là một quá trình lịch sử – tự nhiên” được C.Mác nêu trong tác phẩm nào? A. Tư bản B. Hệ tư tưởng Đức C. Lời nói đầu góp phần phê phán khoa kinh tế chính trị D. Tuyên ngôn Đảng cộng sản Đáp án đúng: A. Giải thích:
mcq_triet_864,864,Câu nói sau của V.I.Lênin là trong tác phẩm nào: “Chỉ có đem qui những quan hệ xã 170 hội vào những quan hệ sản xuất và đem quy những quan hệ sản xuất vào trình độ của những lực lượng sản xuất thì người ta mới có được cơ sở vững chắc để quan niệm sự phát triển của những hình thái kinh tế – xã hội là một quá trình lịch sử – tự nhiên”.,Nhà nước và cách mạng,Chủ nghĩa tư bản ở Nga,Những người bạn dân là thế nào và họ đấu tranh chống những người dân chủ xã hội ra sao.,Làm gì?,C,,,Loại: Trắc nghiệm triết học; Phần: ; Câu 864: Câu nói sau của V.I.Lênin là trong tác phẩm nào: “Chỉ có đem qui những quan hệ xã 170 hội vào những quan hệ sản xuất và đem quy những quan hệ sản xuất vào trình độ của những lực lượng sản xuất thì người ta mới có được cơ sở vững chắc để quan niệm sự phát triển của những hình thái kinh tế – xã hội là một quá trình lịch sử – tự nhiên”. A. Nhà nước và cách mạng B. Chủ nghĩa tư bản ở Nga C. Những người bạn dân là thế nào và họ đấu tranh chống những người dân chủ xã hội ra sao. D. Làm gì? Đáp án đúng: C. Giải thích:
mcq_triet_865,865,Quan hệ sản xuất bao gồm:,Quan hệ giữa con người với tự nhiên và con người với con người,"Quan hệ giữa con người với con người trong quá trình sản xuất, lưu thông, tiêu dùng hàng hoá",Các quan hệ giữa người với người trong quá trình sản xuất,Quan hệ giữa người với người trong đời sống xã hội,C,,,"Loại: Trắc nghiệm triết học; Phần: ; Câu 865: Quan hệ sản xuất bao gồm: A. Quan hệ giữa con người với tự nhiên và con người với con người B. Quan hệ giữa con người với con người trong quá trình sản xuất, lưu thông, tiêu dùng hàng hoá C. Các quan hệ giữa người với người trong quá trình sản xuất D. Quan hệ giữa người với người trong đời sống xã hội Đáp án đúng: C. Giải thích:"
mcq_triet_866,866,Cách viết nào sau đây là đúng:,Hình thái kinh tế – xã hội,Hình thái kinh tế của xã hội,Hình thái xã hội,"Hình thái kinh tế, xã hội",A,,,"Loại: Trắc nghiệm triết học; Phần: ; Câu 866: Cách viết nào sau đây là đúng: A. Hình thái kinh tế – xã hội B. Hình thái kinh tế của xã hội C. Hình thái xã hội D. Hình thái kinh tế, xã hội Đáp án đúng: A. Giải thích:"
mcq_triet_867,867,Cơ sở hạ tầng của xã hội là:,"Đường xá, cầu tàu, bến cảng, bưu điện…",Tổng hợp các quan hệ sản xuất hợp thành cơ cấu kinh tế của xã hội,Toàn bộ cơ sở vật chất – kỹ thuật của xã hội,Đời sống vật chất,B,,,"Loại: Trắc nghiệm triết học; Phần: ; Câu 867: Cơ sở hạ tầng của xã hội là: A. Đường xá, cầu tàu, bến cảng, bưu điện… B. Tổng hợp các quan hệ sản xuất hợp thành cơ cấu kinh tế của xã hội C. Toàn bộ cơ sở vật chất – kỹ thuật của xã hội D. Đời sống vật chất Đáp án đúng: B. Giải thích:"
mcq_triet_868,868,Kiến trúc thượng tầng của xã hội bao gồm:,Toàn bộ các quan hệ xã hội,Toàn bộ các tư tưởng xã hội và các tổ chức tương ứng,"Toàn bộ những quan điểm chính trị, pháp quyền,… và những thiết chế xã hội tương ứng như nhà nước, đảng phái chính trị, … được hình thành trên cơ sở hạ tầng nhất định. 171 D. Toàn bộ ý thức xã hội",,C,,,"Loại: Trắc nghiệm triết học; Phần: ; Câu 868: Kiến trúc thượng tầng của xã hội bao gồm: A. Toàn bộ các quan hệ xã hội B. Toàn bộ các tư tưởng xã hội và các tổ chức tương ứng C. Toàn bộ những quan điểm chính trị, pháp quyền,… và những thiết chế xã hội tương ứng như nhà nước, đảng phái chính trị, … được hình thành trên cơ sở hạ tầng nhất định. 171 D. Toàn bộ ý thức xã hội D.  Đáp án đúng: C. Giải thích:"
mcq_triet_869,869,"Xét đến cùng, nhân tố có ý nghĩa quyết định sự thắng lợi của một trật tự xã hội mới là:",Năng suất lao động,Sức mạnh của luật pháp,Hiệu quả hoạt động của hệ thống chính trị,Sự điều hành và quản lý xã hội của Nhà nước,A,,,"Loại: Trắc nghiệm triết học; Phần: ; Câu 869: Xét đến cùng, nhân tố có ý nghĩa quyết định sự thắng lợi của một trật tự xã hội mới là: A. Năng suất lao động B. Sức mạnh của luật pháp C. Hiệu quả hoạt động của hệ thống chính trị D. Sự điều hành và quản lý xã hội của Nhà nước Đáp án đúng: A. Giải thích:"
mcq_triet_870,870,Trong 3 đặc trưng của giai cấp thì đặc trưng nào giữ vai trò chi phối các đặc trưng khác:,Tập đoàn này có thể chiếm đoạt lao động của tập đoàn khác,Khác nhau về quan hệ sở hữu tư liệu sản xuất xã hội,Khác nhau về vai trò trong tổ chức lao động xã hội,Khác nhau về địa vị trong hệ thống tổ chức xã hội,B,,,Loại: Trắc nghiệm triết học; Phần: ; Câu 870: Trong 3 đặc trưng của giai cấp thì đặc trưng nào giữ vai trò chi phối các đặc trưng khác: A. Tập đoàn này có thể chiếm đoạt lao động của tập đoàn khác B. Khác nhau về quan hệ sở hữu tư liệu sản xuất xã hội C. Khác nhau về vai trò trong tổ chức lao động xã hội D. Khác nhau về địa vị trong hệ thống tổ chức xã hội Đáp án đúng: B. Giải thích:
mcq_triet_871,871,Sự phân chia giai cấp trong xã hội bắt đầu từ hình thái kinh tế – xã hội nào?,Cộng sản nguyên thuỷ,Chiếm hữu nô lệ,Phong kiến.,Tư bản chủ nghĩa,B,,,Loại: Trắc nghiệm triết học; Phần: ; Câu 871: Sự phân chia giai cấp trong xã hội bắt đầu từ hình thái kinh tế – xã hội nào? A. Cộng sản nguyên thuỷ B. Chiếm hữu nô lệ C. Phong kiến. D. Tư bản chủ nghĩa Đáp án đúng: B. Giải thích:
mcq_triet_872,872,Nguyên nhân trực tiếp của sự ra đời giai cấp trong xã hội?,Do sự phát triển lực lượng sản xuất làm xuất hiện “của dư” tương đối,Do sự chênh lệch về khả năng giữa các tập đoàn người,Do sự xuất hiện chế độ tư hữu về tư liệu sản xuất,Do sự phân hoá giữa giàu và nghèo trong xã hội,C,,,Loại: Trắc nghiệm triết học; Phần: ; Câu 872: Nguyên nhân trực tiếp của sự ra đời giai cấp trong xã hội? A. Do sự phát triển lực lượng sản xuất làm xuất hiện “của dư” tương đối B. Do sự chênh lệch về khả năng giữa các tập đoàn người C. Do sự xuất hiện chế độ tư hữu về tư liệu sản xuất D. Do sự phân hoá giữa giàu và nghèo trong xã hội Đáp án đúng: C. Giải thích:
mcq_triet_873,873,"Đấu tranh giai cấp, xét đến cùng là nhằm:",Phát triển sản xuất,Giải quyết mâu thuẫn giai cấp,Lật đổ sự áp bức của giai cấp thống trị bóc lột.,Giành lấy chính quyền Nhà nước 172 Đáp án: A là đáp án đúng,,,,"Loại: Trắc nghiệm triết học; Phần: ; Câu 873: Đấu tranh giai cấp, xét đến cùng là nhằm: A. Phát triển sản xuất B. Giải quyết mâu thuẫn giai cấp C. Lật đổ sự áp bức của giai cấp thống trị bóc lột. D. Giành lấy chính quyền Nhà nước 172 Đáp án: A là đáp án đúng Đáp án đúng: . Giải thích:"
mcq_triet_874,874,Mâu thuẫn đối kháng giữa các giai cấp là do:,"Sự khác nhau về tư tưởng, lối sống",Sự đối lập về lợi ích cơ bản – lợi ích kinh tế,Sự khác nhau giữa giàu và nghèo,Sự khác nhau về mức thu nhập,B,,,"Loại: Trắc nghiệm triết học; Phần: ; Câu 874: Mâu thuẫn đối kháng giữa các giai cấp là do: A. Sự khác nhau về tư tưởng, lối sống B. Sự đối lập về lợi ích cơ bản – lợi ích kinh tế C. Sự khác nhau giữa giàu và nghèo D. Sự khác nhau về mức thu nhập Đáp án đúng: B. Giải thích:"
mcq_triet_875,875,"Trong các hình thức đấu tranh sau của giai cấp vô sản, hình thức nào là hình thức đấu tranh cao nhất?",Đấu tranh chính trị,Đấu tranh kinh tế,Đấu tranh tư tưởng,Đấu tranh quân sự,A,,,"Loại: Trắc nghiệm triết học; Phần: ; Câu 875: Trong các hình thức đấu tranh sau của giai cấp vô sản, hình thức nào là hình thức đấu tranh cao nhất? A. Đấu tranh chính trị B. Đấu tranh kinh tế C. Đấu tranh tư tưởng D. Đấu tranh quân sự Đáp án đúng: A. Giải thích:"
mcq_triet_876,876,Vai trò của đấu tranh giai cấp trong lịch sử nhân loại?,Là động lực cơ bản của sự phát triển xã hội.,Là một động lực quan trọng của sự phát triển xã hội trong các xã hội có giai cấp,Thay thế các hình thái kinh tế – xã hội từ thấp đến cao.,Lật đổ ách thống trị của giai cấp thống trị,B,,,Loại: Trắc nghiệm triết học; Phần: ; Câu 876: Vai trò của đấu tranh giai cấp trong lịch sử nhân loại? A. Là động lực cơ bản của sự phát triển xã hội. B. Là một động lực quan trọng của sự phát triển xã hội trong các xã hội có giai cấp C. Thay thế các hình thái kinh tế – xã hội từ thấp đến cao. D. Lật đổ ách thống trị của giai cấp thống trị Đáp án đúng: B. Giải thích:
mcq_triet_877,877,Cuộc đấu tranh giai cấp của giai cấp vô sản là:,Nhằm mục đích cuối cùng thiết lập quyền thống trị của giai cấp vô sản,"Cuộc đấu tranh giai cấp gay go, quyết liệt nhất",Cuộc đấu tranh giai cấp cuối cùng trong lịch sử,Cả B và C,D,,,"Loại: Trắc nghiệm triết học; Phần: ; Câu 877: Cuộc đấu tranh giai cấp của giai cấp vô sản là: A. Nhằm mục đích cuối cùng thiết lập quyền thống trị của giai cấp vô sản B. Cuộc đấu tranh giai cấp gay go, quyết liệt nhất C. Cuộc đấu tranh giai cấp cuối cùng trong lịch sử D. Cả B và C Đáp án đúng: D. Giải thích:"
mcq_triet_878,878,Điều kiện thuận lợi cơ bản nhất của cuộc đấu tranh giai cấp của giai cấp vô sản trong thời kỳ quá độ:,Giai cấp thống trị phản động bị lật đổ,Giai cấp vô sản đã giành được chính quyền,Sự ủng hộ giúp đỡ của giai cấp vô sản quốc tế,Có sự lãnh đạo của Đảng cộng sản 173 Đáp án: B là đáp án đúng,,,,Loại: Trắc nghiệm triết học; Phần: ; Câu 878: Điều kiện thuận lợi cơ bản nhất của cuộc đấu tranh giai cấp của giai cấp vô sản trong thời kỳ quá độ: A. Giai cấp thống trị phản động bị lật đổ B. Giai cấp vô sản đã giành được chính quyền C. Sự ủng hộ giúp đỡ của giai cấp vô sản quốc tế D. Có sự lãnh đạo của Đảng cộng sản 173 Đáp án: B là đáp án đúng Đáp án đúng: . Giải thích:
mcq_triet_879,879,"Trong hai nhiệm vụ của đấu tranh giai cấp trong thời kỳ quá độ lên chủ nghĩa xã hội sau đây, nhiệm vụ nào là cơ bản quyết định?","Cải tạo xã hội cũ, xây dựng xã hội mới",Bảo vệ thành quả cách mạng đã giành được,"Củng cố, bảo vệ chính quyền",Phát triển lực lượng sản xuất,A,,,"Loại: Trắc nghiệm triết học; Phần: ; Câu 879: Trong hai nhiệm vụ của đấu tranh giai cấp trong thời kỳ quá độ lên chủ nghĩa xã hội sau đây, nhiệm vụ nào là cơ bản quyết định? A. Cải tạo xã hội cũ, xây dựng xã hội mới B. Bảo vệ thành quả cách mạng đã giành được C. Củng cố, bảo vệ chính quyền D. Phát triển lực lượng sản xuất Đáp án đúng: A. Giải thích:"
mcq_triet_880,880,"Trong các nội dung chủ yếu sau của đấu tranh giai cấp ở nước ta hiện nay theo quan điểm Đại hội IX của Đảng, nội dung nào là chủ yếu nhất?",Làm thất bại âm mưu chống phá của các thế lực thù địch,"Chống áp bức bất công, thực hiện công bằng xã hội","Thực hiện thắng lợi sự nghiệp công nghiệp hoá, hiện đại hoá đất nước","Đấu tranh chống lại các tệ nạn xã hội, trong đó có tệ tham nhũng, lãng phí.",C,,,"Loại: Trắc nghiệm triết học; Phần: ; Câu 880: Trong các nội dung chủ yếu sau của đấu tranh giai cấp ở nước ta hiện nay theo quan điểm Đại hội IX của Đảng, nội dung nào là chủ yếu nhất? A. Làm thất bại âm mưu chống phá của các thế lực thù địch B. Chống áp bức bất công, thực hiện công bằng xã hội C. Thực hiện thắng lợi sự nghiệp công nghiệp hoá, hiện đại hoá đất nước D. Đấu tranh chống lại các tệ nạn xã hội, trong đó có tệ tham nhũng, lãng phí. Đáp án đúng: C. Giải thích:"
mcq_triet_881,881,Luận điểm sau của C.Mác: “Sự tồn tại của các giai cấp chỉ gắn liền với những giai đoạn phát triển lịch sử nhất định của sản xuất” được hiểu theo nghĩa:,Giai cấp chỉ là một phạm trù lịch sử,Sự tồn tại của giai cấp gắn liền với lịch sử của sản xuất,Sự tồn tại giai cấp chỉ gắn liền với các giai đoạn phát triển nhất định của sản xuất,Cả A và C,D,,,Loại: Trắc nghiệm triết học; Phần: ; Câu 881: Luận điểm sau của C.Mác: “Sự tồn tại của các giai cấp chỉ gắn liền với những giai đoạn phát triển lịch sử nhất định của sản xuất” được hiểu theo nghĩa: A. Giai cấp chỉ là một phạm trù lịch sử B. Sự tồn tại của giai cấp gắn liền với lịch sử của sản xuất C. Sự tồn tại giai cấp chỉ gắn liền với các giai đoạn phát triển nhất định của sản xuất D. Cả A và C Đáp án đúng: D. Giải thích:
mcq_triet_882,882,Cơ sở của liên minh công – nông trong cuộc đấu tranh giai cấp của giai cấp công nhân chống giai cấp tư sản là gì?,Mục tiêu lý tưởng,Cùng địa vị,Thống nhất về lợi ích cơ bản,Mang bản chất cách mạng,C,,,Loại: Trắc nghiệm triết học; Phần: ; Câu 882: Cơ sở của liên minh công – nông trong cuộc đấu tranh giai cấp của giai cấp công nhân chống giai cấp tư sản là gì? A. Mục tiêu lý tưởng B. Cùng địa vị C. Thống nhất về lợi ích cơ bản D. Mang bản chất cách mạng Đáp án đúng: C. Giải thích:
mcq_triet_883,883,Hình thức đấu tranh đầu tiên của giai cấp vô sản chống giai cấp tư sản là hình thức nào?,Đấu tranh tư tưởng 174 B. Đấu tranh kinh tế,,Đấu tranh chính trị,Đấu tranh vũ trang,B,,,Loại: Trắc nghiệm triết học; Phần: ; Câu 883: Hình thức đấu tranh đầu tiên của giai cấp vô sản chống giai cấp tư sản là hình thức nào? A. Đấu tranh tư tưởng 174 B. Đấu tranh kinh tế B.  C. Đấu tranh chính trị D. Đấu tranh vũ trang Đáp án đúng: B. Giải thích:
mcq_triet_884,884,Cách hiểu nào sau đây về mục đích cuối cùng đấu tranh giai cấp trong lịch sử là đúng?,Đấu tranh giai cấp nhằm thay đổi địa vị lẫn nhau giữa các giai cấp,Đấu tranh giai cấp xét đến cùng là nhằm chiếm lấy quyền lực nhà nước,Đấu tranh giai cấp nhằm mục đích cuối cùng là xoá bỏ giai cấp,Đấu tranh giai cấp nhằm thay đổi hiện thực xã hội,C,,,Loại: Trắc nghiệm triết học; Phần: ; Câu 884: Cách hiểu nào sau đây về mục đích cuối cùng đấu tranh giai cấp trong lịch sử là đúng? A. Đấu tranh giai cấp nhằm thay đổi địa vị lẫn nhau giữa các giai cấp B. Đấu tranh giai cấp xét đến cùng là nhằm chiếm lấy quyền lực nhà nước C. Đấu tranh giai cấp nhằm mục đích cuối cùng là xoá bỏ giai cấp D. Đấu tranh giai cấp nhằm thay đổi hiện thực xã hội Đáp án đúng: C. Giải thích:
mcq_triet_885,885,"Theo sự phát triển của lịch sử xã hội, thứ tự sự phát triển các hình thức cộng đồng người là:",Bộ lạc – Bộ tộc – Thị tộc – Dân tộc,Bộ tộc – Thị tộc – Bộ lạc - Dân tộc,Thị tộc – Bộ lạc – Bộ tộc - Dân tộc,Thị tộc – Bộ lạc – Liên minh thị tộc - Bộ tộc - Dân tộc,C,,,"Loại: Trắc nghiệm triết học; Phần: ; Câu 885: Theo sự phát triển của lịch sử xã hội, thứ tự sự phát triển các hình thức cộng đồng người là: A. Bộ lạc – Bộ tộc – Thị tộc – Dân tộc B. Bộ tộc – Thị tộc – Bộ lạc - Dân tộc C. Thị tộc – Bộ lạc – Bộ tộc - Dân tộc D. Thị tộc – Bộ lạc – Liên minh thị tộc - Bộ tộc - Dân tộc Đáp án đúng: C. Giải thích:"
mcq_triet_886,886,Hình thức cộng đồng người nào hình thành khi xã hội loài người đã bắt đầu có sự phân chia thành giai cấp?,Bộ lạc,Thị tộc,Bộ tộc,Dân tộc,C,,,Loại: Trắc nghiệm triết học; Phần: ; Câu 886: Hình thức cộng đồng người nào hình thành khi xã hội loài người đã bắt đầu có sự phân chia thành giai cấp? A. Bộ lạc B. Thị tộc C. Bộ tộc D. Dân tộc Đáp án đúng: C. Giải thích:
mcq_triet_887,887,Sự hình thành dân tộc phổ biến là gắn với:,Xã hội phong kiến,Sự hình thành chủ nghĩa tư bản,Phong trào công nhân và cách mạng vô sản,Xã hội cổ đại,B,,,Loại: Trắc nghiệm triết học; Phần: ; Câu 887: Sự hình thành dân tộc phổ biến là gắn với: A. Xã hội phong kiến B. Sự hình thành chủ nghĩa tư bản C. Phong trào công nhân và cách mạng vô sản D. Xã hội cổ đại Đáp án đúng: B. Giải thích:
mcq_triet_888,888,Đặc điểm nào sau đây thuộc về chủng tộc:,Cùng cư trú trên một khu vực địa lý 175 B. Cùng một sở thích nhất định,,Cùng một tính chất về mặt sinh học,"Cùng một quốc gia, dân tộc",C,,,"Loại: Trắc nghiệm triết học; Phần: ; Câu 888: Đặc điểm nào sau đây thuộc về chủng tộc: A. Cùng cư trú trên một khu vực địa lý 175 B. Cùng một sở thích nhất định B.  C. Cùng một tính chất về mặt sinh học D. Cùng một quốc gia, dân tộc Đáp án đúng: C. Giải thích:"
mcq_triet_889,889,Tính chất của dân tộc được quy định bởi:,Phương thức sản xuất thống trị trong dân tộc,Giai cấp lãnh đạo xã hội và dân tộc,Xu thế của thời đại,Cả A và B,D,,,Loại: Trắc nghiệm triết học; Phần: ; Câu 889: Tính chất của dân tộc được quy định bởi: A. Phương thức sản xuất thống trị trong dân tộc B. Giai cấp lãnh đạo xã hội và dân tộc C. Xu thế của thời đại D. Cả A và B Đáp án đúng: D. Giải thích:
mcq_triet_890,890,"Trong các mối liên hệ cộng đồng sau đây, hình thức liên hệ nào là quan trong nhất quy định đặc trưng của cộng đồng dân tộc?",Cộng đồng lãnh thổ,Cộng đồng kinh tế,Cộng đồng văn hóa,Cả B và C,D,,,"Loại: Trắc nghiệm triết học; Phần: ; Câu 890: Trong các mối liên hệ cộng đồng sau đây, hình thức liên hệ nào là quan trong nhất quy định đặc trưng của cộng đồng dân tộc? A. Cộng đồng lãnh thổ B. Cộng đồng kinh tế C. Cộng đồng văn hóa D. Cả B và C Đáp án đúng: D. Giải thích:"
mcq_triet_891,891,"Trong các hình thức nhà nước dưới đây, hình thức nào thuộc về kiểu nhà nước phong kiến?","Quân chủ lập hiến, cộng hoà đại nghị","Quân chủ tập quyền, quân chủ phân quyền","Chính thể quân chủ, chính thể cộng hoà",Quân chủ chuyên chế,B,,,"Loại: Trắc nghiệm triết học; Phần: ; Câu 891: Trong các hình thức nhà nước dưới đây, hình thức nào thuộc về kiểu nhà nước phong kiến? A. Quân chủ lập hiến, cộng hoà đại nghị B. Quân chủ tập quyền, quân chủ phân quyền C. Chính thể quân chủ, chính thể cộng hoà D. Quân chủ chuyên chế Đáp án đúng: B. Giải thích:"
mcq_triet_892,892,Chức năng nào là cơ bản nhất trong 3 chức năng sau đây của các nhà nước trong lịch sử:,Chức năng đối nội và chức năng đối ngoại,Chức năng xã hội,Chức năng thống trị giai cấp,Chức năng đối nội,C,,,Loại: Trắc nghiệm triết học; Phần: ; Câu 892: Chức năng nào là cơ bản nhất trong 3 chức năng sau đây của các nhà nước trong lịch sử: A. Chức năng đối nội và chức năng đối ngoại B. Chức năng xã hội C. Chức năng thống trị giai cấp D. Chức năng đối nội Đáp án đúng: C. Giải thích:
mcq_triet_893,893,"Vấn đề cơ bản nhất của chính trị là: 176 A. Đảng phái chính trị B. Chính quyền nhà nước, quyền lực nhà nước C. Quan hệ giai cấp. D. Lợi ích kinh tế của giai cấp Đáp án: B là đáp án đúng Câu 894: Nguyên nhân xét đến cùng của những hành động chính trị trong xã hội?",Kinh tế,Chính trị,Tư tưởng,Lợi ích,B,,,"Loại: Trắc nghiệm triết học; Phần: ; Câu 893: Vấn đề cơ bản nhất của chính trị là: 176 A. Đảng phái chính trị B. Chính quyền nhà nước, quyền lực nhà nước C. Quan hệ giai cấp. D. Lợi ích kinh tế của giai cấp Đáp án: B là đáp án đúng Câu 894: Nguyên nhân xét đến cùng của những hành động chính trị trong xã hội? A. Kinh tế B. Chính trị C. Tư tưởng D. Lợi ích Đáp án đúng: B. Giải thích:"
mcq_triet_895,895,Sự ra đời và tồn tại của nhà nước:,Là nguyện vọng của giai cấp thống trị,Là nguyện vọng của mỗi quốc gia dân tộc,Là một tất yếu khách quan do nguyên nhân kinh tế,Là do sự phát triển của xã hội,C,,,Loại: Trắc nghiệm triết học; Phần: ; Câu 895: Sự ra đời và tồn tại của nhà nước: A. Là nguyện vọng của giai cấp thống trị B. Là nguyện vọng của mỗi quốc gia dân tộc C. Là một tất yếu khách quan do nguyên nhân kinh tế D. Là do sự phát triển của xã hội Đáp án đúng: C. Giải thích:
mcq_triet_896,896,Đáp án nào sau đây nêu đúng nhất bản chất của Nhà nước:,Cơ quan phúc lợi chung của toàn xã hội,"Công cụ thống trị áp bức của giai cấp thống trị đối với toàn xã hội, cơ quan trọng tài phân xử, hoà giải các xung đột xã hội.",Là cơ quan quyền lực của giai cấp,Là bộ máy quản lý xã hội,B,,,"Loại: Trắc nghiệm triết học; Phần: ; Câu 896: Đáp án nào sau đây nêu đúng nhất bản chất của Nhà nước: A. Cơ quan phúc lợi chung của toàn xã hội B. Công cụ thống trị áp bức của giai cấp thống trị đối với toàn xã hội, cơ quan trọng tài phân xử, hoà giải các xung đột xã hội. C. Là cơ quan quyền lực của giai cấp D. Là bộ máy quản lý xã hội Đáp án đúng: B. Giải thích:"
mcq_triet_897,897,Đặc trưng chủ yếu của cách mạng xã hội là gì:,Sự thay đổi về hệ tư tưởng nói riêng và toàn bộ đời sống tinh thần xã hội nói chung.,Sự thay đổi về toàn bộ đời sống tinh thần của xã hội nói chung,Sự thay đổi chính quyền nhà nước từ tay giai cấp thống trị phản động sang tay giai cấp cách mạng.,Sự thay đổi đời sống vật chất và đời sống tinh thần của xã hội nói chung.,C,,,Loại: Trắc nghiệm triết học; Phần: ; Câu 897: Đặc trưng chủ yếu của cách mạng xã hội là gì: A. Sự thay đổi về hệ tư tưởng nói riêng và toàn bộ đời sống tinh thần xã hội nói chung. B. Sự thay đổi về toàn bộ đời sống tinh thần của xã hội nói chung C. Sự thay đổi chính quyền nhà nước từ tay giai cấp thống trị phản động sang tay giai cấp cách mạng. D. Sự thay đổi đời sống vật chất và đời sống tinh thần của xã hội nói chung. Đáp án đúng: C. Giải thích:
mcq_triet_898,898,Nguyên nhân sâu xa nhất của cách mạng xã hội là: 177 A. Nguyên nhân chính trị B. Nguyên nhân kinh tế C. Nguyên nhân tư tưởng D. Nguyên nhân tâm lý Đáp án: B là đáp án đúng Câu 899: Điều kiện khách quan c ủa cách m ạng xã h ội là:,Phương pháp cách mạng,Thời cơ cách mạng,Tình thế cách mạng,Cả B và C,B,Câu 899: Điều kiện khách quan c ủa cách m ạng xã h ội là: A. Phương pháp cách mạng B. Thời cơ cách mạng C. Tình thế cách mạng D. Cả B và C Đáp án: D là đáp án đúng,,Loại: Trắc nghiệm triết học; Phần: ; Câu 898: Nguyên nhân sâu xa nhất của cách mạng xã hội là: 177 A. Nguyên nhân chính trị B. Nguyên nhân kinh tế C. Nguyên nhân tư tưởng D. Nguyên nhân tâm lý Đáp án: B là đáp án đúng Câu 899: Điều kiện khách quan c ủa cách m ạng xã h ội là: A. Phương pháp cách mạng B. Thời cơ cách mạng C. Tình thế cách mạng D. Cả B và C Đáp án đúng: B. Giải thích: Câu 899: Điều kiện khách quan c ủa cách m ạng xã h ội là: A. Phương pháp cách mạng B. Thời cơ cách mạng C. Tình thế cách mạng D. Cả B và C Đáp án: D là đáp án đúng
mcq_triet_900,900,Vai trò của cải cách xã hội đối với cách mạng xã hội:,Cải cách xã hội không có quan hệ với cách mạng xã hội,"Cải cách xã hội thúc đẩy quá trình tiến hóa xã hội, từ đó tạo tiền đề cho cách mạng xã hội",Cải cách xã hội của lực lượng xã hội tiến bộ và trong hoàn cảnh nhất định trở thành bộ phận hợp thành của cách mạng xã hội.,Cả B và C,D,,,"Loại: Trắc nghiệm triết học; Phần: ; Câu 900: Vai trò của cải cách xã hội đối với cách mạng xã hội: A. Cải cách xã hội không có quan hệ với cách mạng xã hội B. Cải cách xã hội thúc đẩy quá trình tiến hóa xã hội, từ đó tạo tiền đề cho cách mạng xã hội C. Cải cách xã hội của lực lượng xã hội tiến bộ và trong hoàn cảnh nhất định trở thành bộ phận hợp thành của cách mạng xã hội. D. Cả B và C Đáp án đúng: D. Giải thích:"
mcq_triet_901,901,"Quan điểm của chủ nghĩa cải lương đối với cách mạng xã hội, đó là:",Chủ trương cải cách riêng lẻ trong khuôn khổ chủ nghĩa tư bản,Chủ trương thay đổi chủ nghĩa tư bản bằng phương pháp hoà bình,Từ bỏ đấu tranh giai cấp và cách mạng xã hội,Cả A và C,D,,,"Loại: Trắc nghiệm triết học; Phần: ; Câu 901: Quan điểm của chủ nghĩa cải lương đối với cách mạng xã hội, đó là: A. Chủ trương cải cách riêng lẻ trong khuôn khổ chủ nghĩa tư bản B. Chủ trương thay đổi chủ nghĩa tư bản bằng phương pháp hoà bình C. Từ bỏ đấu tranh giai cấp và cách mạng xã hội D. Cả A và C Đáp án đúng: D. Giải thích:"
mcq_triet_902,902,Cuộc cách mạng tháng 8/1945 ở nước ta do Đảng cộng sản Đông Dương lãnh đạo:,Là cuộc cách mạng vô sản,Là cách mạng dân tộc dân chủ nhân dân,Là cuộc đấu tranh giải phóng giai cấp,Là cuộc chiến tranh giải phóng dân tộc,B,,,Loại: Trắc nghiệm triết học; Phần: ; Câu 902: Cuộc cách mạng tháng 8/1945 ở nước ta do Đảng cộng sản Đông Dương lãnh đạo: A. Là cuộc cách mạng vô sản B. Là cách mạng dân tộc dân chủ nhân dân C. Là cuộc đấu tranh giải phóng giai cấp D. Là cuộc chiến tranh giải phóng dân tộc Đáp án đúng: B. Giải thích:
mcq_triet_903,903,Yếu tố giữ vai trò quan trọng nhất của nhân tố chủ quan trong cách mạng vô sản là:,Đảng của giai cấp công nhân có đường lối cách mạng đúng đắn 178 B. Tính tích cực chính trị của quần chúng,,Lực lượng tham gia cách mạng,Khối đoàn kết công – nông – trí thức.,B,,,Loại: Trắc nghiệm triết học; Phần: ; Câu 903: Yếu tố giữ vai trò quan trọng nhất của nhân tố chủ quan trong cách mạng vô sản là: A. Đảng của giai cấp công nhân có đường lối cách mạng đúng đắn 178 B. Tính tích cực chính trị của quần chúng B.  C. Lực lượng tham gia cách mạng D. Khối đoàn kết công – nông – trí thức. Đáp án đúng: B. Giải thích:
mcq_triet_904,904,Điều kiện không thể thiếu để cuộc cách mạng xã hội đạt tới thành công theo quan điểm của chủ nghĩa Mác -Lênin:,Bạo lực cách mạng,Sự giúp đỡ quốc tế,Giai cấp thống trị phản động tự nó không duy trì được địa vị thống trị,Sự khủng hoảng của chế độ xã hội cũ,A,,,Loại: Trắc nghiệm triết học; Phần: ; Câu 904: Điều kiện không thể thiếu để cuộc cách mạng xã hội đạt tới thành công theo quan điểm của chủ nghĩa Mác -Lênin: A. Bạo lực cách mạng B. Sự giúp đỡ quốc tế C. Giai cấp thống trị phản động tự nó không duy trì được địa vị thống trị D. Sự khủng hoảng của chế độ xã hội cũ Đáp án đúng: A. Giải thích:
mcq_triet_905,905,"Theo Ph. Ăngghen, vai trò quyết định của lao động đối với quá trình biến vượn thành người là:",Lao động làm cho bàn tay con người hoàn thiện hơn,Lao động làm cho não người phát triển hơn,Lao động là nguồn gốc hình thành ngôn ngữ,Tất cả các ý trên,D,,,"Loại: Trắc nghiệm triết học; Phần: ; Câu 905: Theo Ph. Ăngghen, vai trò quyết định của lao động đối với quá trình biến vượn thành người là: A. Lao động làm cho bàn tay con người hoàn thiện hơn B. Lao động làm cho não người phát triển hơn C. Lao động là nguồn gốc hình thành ngôn ngữ D. Tất cả các ý trên Đáp án đúng: D. Giải thích:"
mcq_triet_906,906,Kết luận của Ph. Ăngghen về vai trò quyết định của lao động trong việc hình thành con người và là điều kiện cho sự tồn tại và phát triển của xã hội là nhờ:,Áp dụng quan điểm của Đac-uyn trong tác phẩm “Nguồn gốc loài người” của ông.,Áp dụng quan điểm duy vật lịch sử vào nghiên cứu vấn đề nguồn gốc loài người,Áp dụng quan điểm của các nhà kinh tế chính trị học Anh “lao động là nguồn gốc của mọi của cải.,Suy luận chủ quan của Ph. Ăngghen,B,,,Loại: Trắc nghiệm triết học; Phần: ; Câu 906: Kết luận của Ph. Ăngghen về vai trò quyết định của lao động trong việc hình thành con người và là điều kiện cho sự tồn tại và phát triển của xã hội là nhờ: A. Áp dụng quan điểm của Đac-uyn trong tác phẩm “Nguồn gốc loài người” của ông. B. Áp dụng quan điểm duy vật lịch sử vào nghiên cứu vấn đề nguồn gốc loài người C. Áp dụng quan điểm của các nhà kinh tế chính trị học Anh “lao động là nguồn gốc của mọi của cải. D. Suy luận chủ quan của Ph. Ăngghen Đáp án đúng: B. Giải thích:
mcq_triet_907,907,Tiêu chuẩn cơ bản nhất của tiến bộ xã hội là:,Trình độ phát triển của khoa học kỹ thuật,Trình độ dân trí và mức sống cao của xã hội,Trình độ phát triển của lực lượng sản xuất,"Trình độ phát triển của đạo đức, luật pháp, tôn giáo 179 Đáp án: C là đáp án đúng",,,,"Loại: Trắc nghiệm triết học; Phần: ; Câu 907: Tiêu chuẩn cơ bản nhất của tiến bộ xã hội là: A. Trình độ phát triển của khoa học kỹ thuật B. Trình độ dân trí và mức sống cao của xã hội C. Trình độ phát triển của lực lượng sản xuất D. Trình độ phát triển của đạo đức, luật pháp, tôn giáo 179 Đáp án: C là đáp án đúng Đáp án đúng: . Giải thích:"
mcq_triet_908,908,Những đặc trưng cơ bản của nhà nước:,Nhà nước quản lý dân cư trên một vùng lãnh thổ nhất định,Là bộ máy quyền lực đặc biệt mang tính cưỡng chế đối với mọi thành viên trong xã hội,Nhà nước hình thành hệ thống thuế khoá để duy trì và tăng cường bộ máy cai trị,Tất cả các ý trên,D,,,Loại: Trắc nghiệm triết học; Phần: ; Câu 908: Những đặc trưng cơ bản của nhà nước: A. Nhà nước quản lý dân cư trên một vùng lãnh thổ nhất định B. Là bộ máy quyền lực đặc biệt mang tính cưỡng chế đối với mọi thành viên trong xã hội C. Nhà nước hình thành hệ thống thuế khoá để duy trì và tăng cường bộ máy cai trị D. Tất cả các ý trên Đáp án đúng: D. Giải thích:
mcq_triet_909,909,Lý luận hình thái kinh tế – xã hội của C.Mác được V.I.Lênin trình bày khái quát trong tác phẩm nào sau đây:,Nhà nước và cách mạng,Những người bạn dân là thế nào và họ đấu tranh chống những người dân chủ xã hội ra sao.,Chủ nghĩa tư bản ở Nga,Bút ký triết học,B,,,Loại: Trắc nghiệm triết học; Phần: ; Câu 909: Lý luận hình thái kinh tế – xã hội của C.Mác được V.I.Lênin trình bày khái quát trong tác phẩm nào sau đây: A. Nhà nước và cách mạng B. Những người bạn dân là thế nào và họ đấu tranh chống những người dân chủ xã hội ra sao. C. Chủ nghĩa tư bản ở Nga D. Bút ký triết học Đáp án đúng: B. Giải thích:
mcq_triet_910,910,Thực chất của cách mạng xã hội là:,Thay đổi thể chế chính trị này bằng thể chế chính trị khác,Thay đổi thể chế kinh tế này bằng thể chế kinh tế khác,Thay đổi hình thái kinh tế – xã hội thấp lên hình thái kinh tế – xã hội cao hơn.,Thay đổi chế độ xã hội,C,,,Loại: Trắc nghiệm triết học; Phần: ; Câu 910: Thực chất của cách mạng xã hội là: A. Thay đổi thể chế chính trị này bằng thể chế chính trị khác B. Thay đổi thể chế kinh tế này bằng thể chế kinh tế khác C. Thay đổi hình thái kinh tế – xã hội thấp lên hình thái kinh tế – xã hội cao hơn. D. Thay đổi chế độ xã hội Đáp án đúng: C. Giải thích:
mcq_triet_911,911,C.Mác viết: “Các học thuyết duy vật chủ nghĩa cho rằng con người là sản phẩm của những hoàn cảnh giáo dục… Các học thuyết ấy quên rằng chính những con người làm thay đổi hoàn cảnh và bản thân nhà giáo dục cũng cần phải được giáo dục”. Câu nói này trong tác phẩm nào sau đây:,Luận cương về Phoiơbắc,Hệ tư tưởng Đức,Bản thảo kinh tế – triết học năm 1844,Góp phần phê phán triết học pháp quyền của Hêgen,A,,,Loại: Trắc nghiệm triết học; Phần: ; Câu 911: C.Mác viết: “Các học thuyết duy vật chủ nghĩa cho rằng con người là sản phẩm của những hoàn cảnh giáo dục… Các học thuyết ấy quên rằng chính những con người làm thay đổi hoàn cảnh và bản thân nhà giáo dục cũng cần phải được giáo dục”. Câu nói này trong tác phẩm nào sau đây: A. Luận cương về Phoiơbắc B. Hệ tư tưởng Đức C. Bản thảo kinh tế – triết học năm 1844 D. Góp phần phê phán triết học pháp quyền của Hêgen Đáp án đúng: A. Giải thích:
mcq_triet_912,912,"Điểm xuất phát để nghiên cứu xã hội và lịch sử của C.Mác, Ph.Ăngghen là:",Con người hiện thực 180 B. Sản xuất vật chất,,Các quan hệ xã hội,Đời sống xã hội,B,,,"Loại: Trắc nghiệm triết học; Phần: ; Câu 912: Điểm xuất phát để nghiên cứu xã hội và lịch sử của C.Mác, Ph.Ăngghen là: A. Con người hiện thực 180 B. Sản xuất vật chất B.  C. Các quan hệ xã hội D. Đời sống xã hội Đáp án đúng: B. Giải thích:"
mcq_triet_913,913,Tư tưởng về vai trò cách mạng của bạo lực như là phương thức để thay thế xã hội cũ bằng xã hội mới của F.Ăngghen được trình bày trong tác phẩm:,Những bức thư duy vật lịch sử,"Nguồn gốc của gia đình, của chế độ tư hữu và của nhà nước.",Chống Đuyrinh,Biện chứng của tự nhiên,C,,,"Loại: Trắc nghiệm triết học; Phần: ; Câu 913: Tư tưởng về vai trò cách mạng của bạo lực như là phương thức để thay thế xã hội cũ bằng xã hội mới của F.Ăngghen được trình bày trong tác phẩm: A. Những bức thư duy vật lịch sử B. Nguồn gốc của gia đình, của chế độ tư hữu và của nhà nước. C. Chống Đuyrinh D. Biện chứng của tự nhiên Đáp án đúng: C. Giải thích:"
mcq_triet_914,914,Đặc trưng nào dễ biến động nhất trong các đặc trưng của dân tộc:,Sinh hoạt kinh tế,Lãnh thổ,Ngôn ngữ,Văn hóa và cấu tạo tâm lý,A,,,Loại: Trắc nghiệm triết học; Phần: ; Câu 914: Đặc trưng nào dễ biến động nhất trong các đặc trưng của dân tộc: A. Sinh hoạt kinh tế B. Lãnh thổ C. Ngôn ngữ D. Văn hóa và cấu tạo tâm lý Đáp án đúng: A. Giải thích:
mcq_triet_915,915,Chức năng xã hội của nhà nước với tư cách là:,Một tổ chức xã hội,Một cơ quan công quyền,Một bộ máy trấn áp,Một cơ quan pháp chế,B,,,Loại: Trắc nghiệm triết học; Phần: ; Câu 915: Chức năng xã hội của nhà nước với tư cách là: A. Một tổ chức xã hội B. Một cơ quan công quyền C. Một bộ máy trấn áp D. Một cơ quan pháp chế Đáp án đúng: B. Giải thích:
mcq_triet_916,916,Chức năng giai cấp của nhà nước bao gồm:,"Tổ chức, kiến tạo trật tự xã hội",Thực hành chuyên chính trấn áp các giai cấp đối lập,"Củng cố, mở rộng cơ sở chính trị xã hội cho sự thống trị của giai cấp cầm quyền.",Cả B và C,D,,,"Loại: Trắc nghiệm triết học; Phần: ; Câu 916: Chức năng giai cấp của nhà nước bao gồm: A. Tổ chức, kiến tạo trật tự xã hội B. Thực hành chuyên chính trấn áp các giai cấp đối lập C. Củng cố, mở rộng cơ sở chính trị xã hội cho sự thống trị của giai cấp cầm quyền. D. Cả B và C Đáp án đúng: D. Giải thích:"
mcq_triet_917,917,Nhận xét của V.I.Lênin về một tác phẩm của C.Mác và Ph.Ăngghen: “Tác phẩm này trình bày một cách hết sức sáng tạo và rõ ràng thế giới quan mới chủ nghĩa duy vật triệt để” (tức chủ nghĩa duy vật lịch sử). Đó là tác phẩm: 181 A. Tư bản B. Lutvích Phoiơbắc và sự cáo chung của triết học cổ điển Đức C. Tuyên ngôn của Đảng cộng sản D. Luận cương về Phoiơbắc Đáp án: C là đáp án đúng Câu 918: Lịch sử diễn ra một cách phức tạp là do:,Bị tác động bởi quy luật lợi ích,Bị chi phối với quy luật chung của xã hội,Bị chi phối bởi đặc thù truyền thống văn hoá của mỗi quốc gia dân tộc.,Cả A và C,C,,,Loại: Trắc nghiệm triết học; Phần: ; Câu 917: Nhận xét của V.I.Lênin về một tác phẩm của C.Mác và Ph.Ăngghen: “Tác phẩm này trình bày một cách hết sức sáng tạo và rõ ràng thế giới quan mới chủ nghĩa duy vật triệt để” (tức chủ nghĩa duy vật lịch sử). Đó là tác phẩm: 181 A. Tư bản B. Lutvích Phoiơbắc và sự cáo chung của triết học cổ điển Đức C. Tuyên ngôn của Đảng cộng sản D. Luận cương về Phoiơbắc Đáp án: C là đáp án đúng Câu 918: Lịch sử diễn ra một cách phức tạp là do: A. Bị tác động bởi quy luật lợi ích B. Bị chi phối với quy luật chung của xã hội C. Bị chi phối bởi đặc thù truyền thống văn hoá của mỗi quốc gia dân tộc. D. Cả A và C Đáp án đúng: C. Giải thích:
mcq_triet_919,919,Chọn câu của C.Mác định nghĩa bản chất con người trong các phương án sau:,"Trong tính hiện thực, bản chất con người là tổng hoà các mối quan hệ xã hội.","Trong tính hiện thực của nó, bản chất con người là tổng hoà tất cả các mối quan hệ xã hội.","Bản chất con người không phải là cái trừu tượng cố hữu của cá nhân riêng biệt. Trong tính hiện thực của nó, bản chất con người là tổng hoà những mối quan hệ xã hội.",Con người là động vật xã hội,C,,,"Loại: Trắc nghiệm triết học; Phần: ; Câu 919: Chọn câu của C.Mác định nghĩa bản chất con người trong các phương án sau: A. Trong tính hiện thực, bản chất con người là tổng hoà các mối quan hệ xã hội. B. Trong tính hiện thực của nó, bản chất con người là tổng hoà tất cả các mối quan hệ xã hội. C. Bản chất con người không phải là cái trừu tượng cố hữu của cá nhân riêng biệt. Trong tính hiện thực của nó, bản chất con người là tổng hoà những mối quan hệ xã hội. D. Con người là động vật xã hội Đáp án đúng: C. Giải thích:"
mcq_triet_920,920,Biểu hiện vĩ đại nhất trong bước ngoặt cách mạng do C.Mác và Ph.Ăngghen thực hiện:,Làm thay đổi tính chất của triết học,Sáng tạo ra chủ nghĩa duy vật về lịch sử,"Thống nhất chủ nghĩa duy vật với phép biện chứng sau khi cải tạo, phát triển cho ra đời chủ nghĩa duy vật biện chứng.",Phát hiện ra quy luật kinh tế của chủ nghĩa tư bản,B,,,"Loại: Trắc nghiệm triết học; Phần: ; Câu 920: Biểu hiện vĩ đại nhất trong bước ngoặt cách mạng do C.Mác và Ph.Ăngghen thực hiện: A. Làm thay đổi tính chất của triết học B. Sáng tạo ra chủ nghĩa duy vật về lịch sử C. Thống nhất chủ nghĩa duy vật với phép biện chứng sau khi cải tạo, phát triển cho ra đời chủ nghĩa duy vật biện chứng. D. Phát hiện ra quy luật kinh tế của chủ nghĩa tư bản Đáp án đúng: B. Giải thích:"
mcq_triet_921,921,Bản chất của con người được quyết định bởi:,Các mối quan hệ xã hội,Nỗ lực của mỗi cá nhân,Giáo dục của gia đình và nhà trường,Hoàn cảnh xã hội,D,,,Loại: Trắc nghiệm triết học; Phần: ; Câu 921: Bản chất của con người được quyết định bởi: A. Các mối quan hệ xã hội B. Nỗ lực của mỗi cá nhân C. Giáo dục của gia đình và nhà trường D. Hoàn cảnh xã hội Đáp án đúng: D. Giải thích:
mcq_triet_922,922,"Con người là thể thống nhất của các mặt cơ bản: 182 A. Sinh học B. Tâm lý C. Xã hội D. Cả A và C Đáp án: D là đáp án đúng Câu 923: Câu nói sau của Ph.Ăngghen: “Nhà nước là yếu tố tuỳ thuộc, còn xã hội công dân tức là lĩnh vực những quan hệ kinh tế, là yếu tố quyết định”, được nêu trong tác phẩm:",Lutvich Phoiơbắc và sự cáo chung của triết học cổ điển Đức,"Nguồn gốc của gia đình, của chế độ tư hữu và của nhà nước",Chống Đuyrinh,Biện chứng của tự nhiên,D,,,"Loại: Trắc nghiệm triết học; Phần: ; Câu 922: Con người là thể thống nhất của các mặt cơ bản: 182 A. Sinh học B. Tâm lý C. Xã hội D. Cả A và C Đáp án: D là đáp án đúng Câu 923: Câu nói sau của Ph.Ăngghen: “Nhà nước là yếu tố tuỳ thuộc, còn xã hội công dân tức là lĩnh vực những quan hệ kinh tế, là yếu tố quyết định”, được nêu trong tác phẩm: A. Lutvich Phoiơbắc và sự cáo chung của triết học cổ điển Đức B. Nguồn gốc của gia đình, của chế độ tư hữu và của nhà nước C. Chống Đuyrinh D. Biện chứng của tự nhiên Đáp án đúng: D. Giải thích:"
mcq_triet_924,924,Lực lượng quyết định sự phát triển của lịch sử là:,Nhân dân,Quần chúng nhân dân,"Vĩ nhân, lãnh tụ",Các nhà khoa học,B,,,"Loại: Trắc nghiệm triết học; Phần: ; Câu 924: Lực lượng quyết định sự phát triển của lịch sử là: A. Nhân dân B. Quần chúng nhân dân C. Vĩ nhân, lãnh tụ D. Các nhà khoa học Đáp án đúng: B. Giải thích:"
mcq_triet_925,925,Hạt nhân cơ bản của quần chúng nhân dân là:,"Các giai cấp, tầng lớp thúc đẩy sự tiến bộ xã hội.",Những người lao động sản xuất ra của cải vật chất,Những người chống lại giai cấp thống trị phản động,Những người nghèo khổ,B,,,"Loại: Trắc nghiệm triết học; Phần: ; Câu 925: Hạt nhân cơ bản của quần chúng nhân dân là: A. Các giai cấp, tầng lớp thúc đẩy sự tiến bộ xã hội. B. Những người lao động sản xuất ra của cải vật chất C. Những người chống lại giai cấp thống trị phản động D. Những người nghèo khổ Đáp án đúng: B. Giải thích:"
mcq_triet_926,926,Cơ sở lý luận nền tảng của đường lối xây dựng chủ nghĩa xã hội của Đảng ta là:,Học thuyết về giai cấp và đấu tranh giai cấp của triết học Mác -Lênin,Phép biện chứng duy vật,Học thuyết về hình thái kinh tế – xã hội,Chủ nghĩa duy vật lịch sử,C,,,Loại: Trắc nghiệm triết học; Phần: ; Câu 926: Cơ sở lý luận nền tảng của đường lối xây dựng chủ nghĩa xã hội của Đảng ta là: A. Học thuyết về giai cấp và đấu tranh giai cấp của triết học Mác -Lênin B. Phép biện chứng duy vật C. Học thuyết về hình thái kinh tế – xã hội D. Chủ nghĩa duy vật lịch sử Đáp án đúng: C. Giải thích:
mcq_triet_927,927,Nền tảng của quan hệ giữa cá nhân và xã hội:,Quan hệ chính trị 183 B. Quan hệ lợi ích,,Quan hệ pháp quyền,Quan hệ đạo đức,B,,,Loại: Trắc nghiệm triết học; Phần: ; Câu 927: Nền tảng của quan hệ giữa cá nhân và xã hội: A. Quan hệ chính trị 183 B. Quan hệ lợi ích B.  C. Quan hệ pháp quyền D. Quan hệ đạo đức Đáp án đúng: B. Giải thích:
mcq_triet_928,928,Các yếu tố cơ bản tạo thành cấu trúc của một hình thái kinh tế – xã hội:,Lực lượng sản xuất.,Quan hệ sản xuất,Kiến trúc thượng tầng,Tất cả các ý trên,D,,,Loại: Trắc nghiệm triết học; Phần: ; Câu 928: Các yếu tố cơ bản tạo thành cấu trúc của một hình thái kinh tế – xã hội: A. Lực lượng sản xuất. B. Quan hệ sản xuất C. Kiến trúc thượng tầng D. Tất cả các ý trên Đáp án đúng: D. Giải thích:
mcq_triet_929,929,Vai trò của mặt xã hội trong con người:,Cải tạo nâng cao mặt sinh vật,Quyết định bản chất con người,Phân biệt sự khác nhau căn bản giữa người với động vật,Tất cả các ý trên,D,,,Loại: Trắc nghiệm triết học; Phần: ; Câu 929: Vai trò của mặt xã hội trong con người: A. Cải tạo nâng cao mặt sinh vật B. Quyết định bản chất con người C. Phân biệt sự khác nhau căn bản giữa người với động vật D. Tất cả các ý trên Đáp án đúng: D. Giải thích:
mcq_triet_930,930,Kiến trúc thượng tầng chịu sự quyết định của cơ sở hạ tầng theo cách:,Chủ động,Thụ động,,,A,,,Loại: Trắc nghiệm triết học; Phần: ; Câu 930: Kiến trúc thượng tầng chịu sự quyết định của cơ sở hạ tầng theo cách: A. Chủ động B. Thụ động C.  D.  Đáp án đúng: A. Giải thích:
mcq_triet_931,931,"Xây dựng Nhà nước pháp quyền xã hội chủ nghĩa của dân, do dân, vì dân ở nước ta hiện nay cần:",Tăng cường sự lãnh đạo của Đảng,Dân chủ hoá tổ chức và hoạt động của bộ máy nhà nước,"Xây dựng hệ thống luật pháp hoàn chỉnh và phân lập rõ các quyền lập pháp, hành pháp và tư pháp.",Cả A và B,D,,,"Loại: Trắc nghiệm triết học; Phần: ; Câu 931: Xây dựng Nhà nước pháp quyền xã hội chủ nghĩa của dân, do dân, vì dân ở nước ta hiện nay cần: A. Tăng cường sự lãnh đạo của Đảng B. Dân chủ hoá tổ chức và hoạt động của bộ máy nhà nước C. Xây dựng hệ thống luật pháp hoàn chỉnh và phân lập rõ các quyền lập pháp, hành pháp và tư pháp. D. Cả A và B Đáp án đúng: D. Giải thích:"
mcq_triet_932,932,Tư tưởng về hai giai đoạn của hình thái kinh tế – xã hội cộng sản chủ nghĩa được C.Mác và Ph.Ăngghen trình bày rõ ràng trong tác phẩm nào:,Tuyên ngôn của Đảng cộng sản,Hệ tư tưởng Đức 184 C. Phê phán cương lĩnh Gôta,Mác và Ph.Ăngghen trình bày rõ ràng trong tác phẩm nào:,Luận cương về Phoiơbắc,C,,,Loại: Trắc nghiệm triết học; Phần: ; Câu 932: Tư tưởng về hai giai đoạn của hình thái kinh tế – xã hội cộng sản chủ nghĩa được C.Mác và Ph.Ăngghen trình bày rõ ràng trong tác phẩm nào: A. Tuyên ngôn của Đảng cộng sản B. Hệ tư tưởng Đức 184 C. Phê phán cương lĩnh Gôta C. Mác và Ph.Ăngghen trình bày rõ ràng trong tác phẩm nào: D. Luận cương về Phoiơbắc Đáp án đúng: C. Giải thích:
mcq_triet_933,933,Theo quan điểm mácxit thì mọi xung đột trong lịch sử xét đến cùng đều bắt nguồn từ:,"Mâu thuẫn về lợi ích giữa những tập đoàn người, giữa các cá nhân",Mâu thuẫn giữa lực lượng sản xuất và quan hệ sản xuất,Mâu thuẫn về hệ tư tưởng,Mâu thuẫn giai cấp,B,,,"Loại: Trắc nghiệm triết học; Phần: ; Câu 933: Theo quan điểm mácxit thì mọi xung đột trong lịch sử xét đến cùng đều bắt nguồn từ: A. Mâu thuẫn về lợi ích giữa những tập đoàn người, giữa các cá nhân B. Mâu thuẫn giữa lực lượng sản xuất và quan hệ sản xuất C. Mâu thuẫn về hệ tư tưởng D. Mâu thuẫn giai cấp Đáp án đúng: B. Giải thích:"
mcq_triet_934,934,Theo C.Mác và Ph.Ăngghen thì quá trình thay thế các hình thức sở hữu tư liệu sản xuất phụ thuộc vào:,Trình độ của công cụ sản xuất,Trình độ kỹ thuật sản xuất,Trình độ phân công lao động xã hội,Trình độ phát triển của lực lượng sản xuất,C,,,Loại: Trắc nghiệm triết học; Phần: ; Câu 934: Theo C.Mác và Ph.Ăngghen thì quá trình thay thế các hình thức sở hữu tư liệu sản xuất phụ thuộc vào: A. Trình độ của công cụ sản xuất B. Trình độ kỹ thuật sản xuất C. Trình độ phân công lao động xã hội D. Trình độ phát triển của lực lượng sản xuất Đáp án đúng: C. Giải thích:
mcq_triet_935,935,"Trong cách mạng vô sản, nội dung nào xét đến cùng đóng vai trò quyết định:",Kinh tế,Chính trị,Văn hoá,Tư tưởng,A,,,"Loại: Trắc nghiệm triết học; Phần: ; Câu 935: Trong cách mạng vô sản, nội dung nào xét đến cùng đóng vai trò quyết định: A. Kinh tế B. Chính trị C. Văn hoá D. Tư tưởng Đáp án đúng: A. Giải thích:"
mcq_triet_936,936,Quan niệm nào về sản xuất vật chất sau đây là đúng:,Sản xuất vật chất là quá trình con người tác động vào tự nhiên làm biến đổi tự nhiên,Sản xuất vật chất là quá trình tạo ra của cải vật chất,Sản xuất vật chất là quá trình sản xuất xã hội,Sản xuất vật chất là quá trình tạo ra tư liệu sản xuất,B,,,Loại: Trắc nghiệm triết học; Phần: ; Câu 936: Quan niệm nào về sản xuất vật chất sau đây là đúng: A. Sản xuất vật chất là quá trình con người tác động vào tự nhiên làm biến đổi tự nhiên B. Sản xuất vật chất là quá trình tạo ra của cải vật chất C. Sản xuất vật chất là quá trình sản xuất xã hội D. Sản xuất vật chất là quá trình tạo ra tư liệu sản xuất Đáp án đúng: B. Giải thích:
mcq_triet_937,937,Hiểu vấn đề “bỏ qua” chế độ tư bản chủ nghĩa ở nước ta như thế nào là đúng:,Là sự “phát triển rút ngắn” và “bỏ qua” việc xác lập địa vị thống trị của quan hệ sản xuất tư bản chủ nghĩa 185 B. Là “bỏ qua” sự phát triển lực lượng sản xuất,,Là sự phát triển tuần tự,"Cả A, B và C",A,,,"Loại: Trắc nghiệm triết học; Phần: ; Câu 937: Hiểu vấn đề “bỏ qua” chế độ tư bản chủ nghĩa ở nước ta như thế nào là đúng: A. Là sự “phát triển rút ngắn” và “bỏ qua” việc xác lập địa vị thống trị của quan hệ sản xuất tư bản chủ nghĩa 185 B. Là “bỏ qua” sự phát triển lực lượng sản xuất B.  C. Là sự phát triển tuần tự D. Cả A, B và C Đáp án đúng: A. Giải thích:"
mcq_triet_938,938,"Cuộc cách mạng vô sản, về cơ bản khác các cuộc cách mạng trước đó trong lịch sử",Thủ tiêu sự thống trị của giai cấp thống trị phản động,Thủ tiêu sở hữu tư nhân nói chung,Thủ tiêu chế độ tư hữu về tư liệu sản xuất,Thủ tiêu nhà nước tư sản,C,,,"Loại: Trắc nghiệm triết học; Phần: ; Câu 938: Cuộc cách mạng vô sản, về cơ bản khác các cuộc cách mạng trước đó trong lịch sử A. Thủ tiêu sự thống trị của giai cấp thống trị phản động B. Thủ tiêu sở hữu tư nhân nói chung C. Thủ tiêu chế độ tư hữu về tư liệu sản xuất D. Thủ tiêu nhà nước tư sản Đáp án đúng: C. Giải thích:"
mcq_triet_939,939,"Tư tưởng về giải phóng nhân loại được C.Mác đề xuất vào năm nào, trong tác phẩm nào?",Năm 1844 trong tác phẩm “Bản thảo kinh tế - triết học 1844”,Năm 1843 trong tác phẩm “Bản thảo góp phần phê phán kinh tế -chính trị học”,Năm 1843 trong tác phẩm: ”Góp phần phê phán triết học pháp quyền của Hêghen”,Luận cương về Phoiơbắc,A,,,"Loại: Trắc nghiệm triết học; Phần: ; Câu 939: Tư tưởng về giải phóng nhân loại được C.Mác đề xuất vào năm nào, trong tác phẩm nào? A. Năm 1844 trong tác phẩm “Bản thảo kinh tế - triết học 1844” B. Năm 1843 trong tác phẩm “Bản thảo góp phần phê phán kinh tế -chính trị học” C. Năm 1843 trong tác phẩm: ”Góp phần phê phán triết học pháp quyền của Hêghen” D. Luận cương về Phoiơbắc Đáp án đúng: A. Giải thích:"
mcq_triet_940,940,Cá nhân là sản phẩm của xã hội theo nghĩa:,"Mỗi cá nhân ra đời, tồn tại trong những mối quan hệ xã hội nhất định","Xã hội là môi trường, điều kiện, phương tiện để phát triển cá nhân","Xã hội quy định nhu cầu, phương hướng phát triển của cá nhân",Tất cả các ý trên,D,,,"Loại: Trắc nghiệm triết học; Phần: ; Câu 940: Cá nhân là sản phẩm của xã hội theo nghĩa: A. Mỗi cá nhân ra đời, tồn tại trong những mối quan hệ xã hội nhất định B. Xã hội là môi trường, điều kiện, phương tiện để phát triển cá nhân C. Xã hội quy định nhu cầu, phương hướng phát triển của cá nhân D. Tất cả các ý trên Đáp án đúng: D. Giải thích:"
mcq_triet_941,941,Chế độ dân chủ xã hội chủ nghĩa là:,Kiểu tổ chức tự quản của nhân dân lao động,Một hình thức nhà nước,Cơ quan quyền lực công cộng,Kiểu tổ chức tự quản của giai cấp vô sản,B,,,Loại: Trắc nghiệm triết học; Phần: ; Câu 941: Chế độ dân chủ xã hội chủ nghĩa là: A. Kiểu tổ chức tự quản của nhân dân lao động B. Một hình thức nhà nước C. Cơ quan quyền lực công cộng D. Kiểu tổ chức tự quản của giai cấp vô sản Đáp án đúng: B. Giải thích:
mcq_triet_942,942,Đặc điểm lớn nhất của thời kỳ quá độ lên chủ nghĩa xã hội ở nước ta là:,Nhiều thành phần xã hội đan xen tồn tại,Lực lượng sản xuất chưa phát triển 186 C. Năng xuất lao động thấp,,Từ một nền sản xuất nhỏ là phổ biến quá độ lên CNXH không qua chế độ tư bản chủ nghĩa,D,,,Loại: Trắc nghiệm triết học; Phần: ; Câu 942: Đặc điểm lớn nhất của thời kỳ quá độ lên chủ nghĩa xã hội ở nước ta là: A. Nhiều thành phần xã hội đan xen tồn tại B. Lực lượng sản xuất chưa phát triển 186 C. Năng xuất lao động thấp C.  D. Từ một nền sản xuất nhỏ là phổ biến quá độ lên CNXH không qua chế độ tư bản chủ nghĩa Đáp án đúng: D. Giải thích:
mcq_triet_943,943,"A. Sự phát triển đồng bộ của kinh tế chính trị, văn hoá và xã hội B. Sự phát triển của sản xuất vật chất và sản xuất tinh thần C. Sự phát triển toàn diện con người D. Sự phát triển của lực lượng sản xuất Đáp án: C là đáp án đúng Câu 944: Điều kiện dân số- một yếu tố của tồn tại xã hội được xem xét trên các mặt nào?",Số lượng và chất lượng dân số,"Mật độ phân bố, tốc độ tăng dân số",Đặc điểm dân số,Cả a và c,C,,,"Loại: Trắc nghiệm triết học; Phần: ; Câu 943: A. Sự phát triển đồng bộ của kinh tế chính trị, văn hoá và xã hội B. Sự phát triển của sản xuất vật chất và sản xuất tinh thần C. Sự phát triển toàn diện con người D. Sự phát triển của lực lượng sản xuất Đáp án: C là đáp án đúng Câu 944: Điều kiện dân số- một yếu tố của tồn tại xã hội được xem xét trên các mặt nào? A. Số lượng và chất lượng dân số B. Mật độ phân bố, tốc độ tăng dân số C. Đặc điểm dân số D. Cả a và c Đáp án đúng: C. Giải thích:"
mcq_triet_945,945,Quốc gia nào sau đây trong lịch sử đã từng phát triển bỏ qua một vài hình thái kinh tế - xã hội?,Nga và Ucraina,"Hoa Kỳ, Ôtxtrâylia và Việt Nam",Việt Nam và Nga,Đức và Italia,B,,,"Loại: Trắc nghiệm triết học; Phần: ; Câu 945: Quốc gia nào sau đây trong lịch sử đã từng phát triển bỏ qua một vài hình thái kinh tế - xã hội? A. Nga và Ucraina B. Hoa Kỳ, Ôtxtrâylia và Việt Nam C. Việt Nam và Nga D. Đức và Italia Đáp án đúng: B. Giải thích:"
mcq_triet_946,946,Vai trò của ý thức cá nhân đối với ý thức xã hội:,"Quan điểm của (cá nhân, tầng lớp, giai cấp) với tư cách là chủ thể của hiện tượng ý thức ấy",Tồn tại xã hội cụ thể làm nảy sinh hiện tượng ý thức cụ thể cần lý giải 187 C. Hệ ý thức của giai cấp,Ý thức cá nhân độc lập với ý thức xã hội,Cả a và b.,A,"Câu 947: Căn c ứ để lý gi ải một hiện tư ợng ý th ức cụ thể: A. Quan điểm của (cá nhân, tầng lớp, giai cấp) với tư cách là chủ thể của hiện tượng ý thức ấy B. Tồn tại xã hội cụ thể làm nảy sinh hiện tượng ý thức cụ thể cần lý giải 187 C. Hệ ý thức của giai cấp D. Cả a và b. Đáp án: D là đáp án đúng",,"Loại: Trắc nghiệm triết học; Phần: ; Câu 946: Vai trò của ý thức cá nhân đối với ý thức xã hội: A. Quan điểm của (cá nhân, tầng lớp, giai cấp) với tư cách là chủ thể của hiện tượng ý thức ấy B. Tồn tại xã hội cụ thể làm nảy sinh hiện tượng ý thức cụ thể cần lý giải 187 C. Hệ ý thức của giai cấp C. Ý thức cá nhân độc lập với ý thức xã hội D. Cả a và b. Đáp án đúng: A. Giải thích: Câu 947: Căn c ứ để lý gi ải một hiện tư ợng ý th ức cụ thể: A. Quan điểm của (cá nhân, tầng lớp, giai cấp) với tư cách là chủ thể của hiện tượng ý thức ấy B. Tồn tại xã hội cụ thể làm nảy sinh hiện tượng ý thức cụ thể cần lý giải 187 C. Hệ ý thức của giai cấp D. Cả a và b. Đáp án: D là đáp án đúng"
mcq_triet_948,948,"Theo quy luật, nhà nước là công cụ của giai cấp mạnh nhất, đó là:",Giai cấp đông đảo nhất trong xã hội,Giai cấp thống trị về kinh tế,Giai cấp tiến bộ đại diện cho xã hội tương lai,Giai cấp thống trị về chính trị,B,,,"Loại: Trắc nghiệm triết học; Phần: ; Câu 948: Theo quy luật, nhà nước là công cụ của giai cấp mạnh nhất, đó là: A. Giai cấp đông đảo nhất trong xã hội B. Giai cấp thống trị về kinh tế C. Giai cấp tiến bộ đại diện cho xã hội tương lai D. Giai cấp thống trị về chính trị Đáp án đúng: B. Giải thích:"
mcq_triet_949,949,"Để có chủ nghĩa xã hội thì: “Phải phát triển dân chủ đến cùng, tìm ra những hình thức của sự phát triển ấy, đem thí nghiệm những hình thức ấy trong thực tiễn”. Luận điểm đó của Lênin được viết trong tác phẩm:",Sáng kiến vĩ đại,Nhà nước và cách mạng,Những nhiệm vụ trước mắt của chính quyền Xô viết,Bút ký triết học,B,,,"Loại: Trắc nghiệm triết học; Phần: ; Câu 949: Để có chủ nghĩa xã hội thì: “Phải phát triển dân chủ đến cùng, tìm ra những hình thức của sự phát triển ấy, đem thí nghiệm những hình thức ấy trong thực tiễn”. Luận điểm đó của Lênin được viết trong tác phẩm: A. Sáng kiến vĩ đại B. Nhà nước và cách mạng C. Những nhiệm vụ trước mắt của chính quyền Xô viết D. Bút ký triết học Đáp án đúng: B. Giải thích:"
mcq_triet_950,950,"Vấn đề xét đến cùng chi phối sự vận động, phát triển của một giai cấp là:",Hệ tư tưởng,Đường lối tổ chức,Lợi ích cơ bản,Đường lối chính trị của giai cấp thống trị,C,,,"Loại: Trắc nghiệm triết học; Phần: ; Câu 950: Vấn đề xét đến cùng chi phối sự vận động, phát triển của một giai cấp là: A. Hệ tư tưởng B. Đường lối tổ chức C. Lợi ích cơ bản D. Đường lối chính trị của giai cấp thống trị Đáp án đúng: C. Giải thích:"
mcq_triet_951,951,"Một giai cấp không phải bao giờ cũng là một tập đoàn người đồng nhất về mọi phương diện, mà trong đó thường phân ra các nhóm, là do:","Những lợi ích cụ thể khác nhau, ngành nghề điều kiện làm việc khác nhau, sinh hoạt khác nhau.","Ngành nghề điều kiện làm việc khác nhau, sinh hoạt khác nhau, sở thích khác nhau","Sinh hoạt khác nhau, lợi ích và sở thích khác nhau","Sở thích khác nhau, điều kiện làm việc khác nhau",A,,,"Loại: Trắc nghiệm triết học; Phần: ; Câu 951: Một giai cấp không phải bao giờ cũng là một tập đoàn người đồng nhất về mọi phương diện, mà trong đó thường phân ra các nhóm, là do: A. Những lợi ích cụ thể khác nhau, ngành nghề điều kiện làm việc khác nhau, sinh hoạt khác nhau. B. Ngành nghề điều kiện làm việc khác nhau, sinh hoạt khác nhau, sở thích khác nhau C. Sinh hoạt khác nhau, lợi ích và sở thích khác nhau D. Sở thích khác nhau, điều kiện làm việc khác nhau Đáp án đúng: A. Giải thích:"
mcq_triet_952,952,"Thực chất của lịch sử xã hội loài người là: 188 A. Lịch sử đấu tranh giai cấp B. Lịch sử của văn hoá C. Lịch sử của sản xuất vật chất D. Lịch sử của tôn giáo Đáp án: C là đáp án đúng Câu 953: Giai cấp thống trị về kinh tế trong xã hội trở thành giai cấp thống trị về chính trị, là nhờ:",Hệ thống luật pháp,Nhà nước,Hệ tư tưởng,Vị thế chính trị,C,,,"Loại: Trắc nghiệm triết học; Phần: ; Câu 952: Thực chất của lịch sử xã hội loài người là: 188 A. Lịch sử đấu tranh giai cấp B. Lịch sử của văn hoá C. Lịch sử của sản xuất vật chất D. Lịch sử của tôn giáo Đáp án: C là đáp án đúng Câu 953: Giai cấp thống trị về kinh tế trong xã hội trở thành giai cấp thống trị về chính trị, là nhờ: A. Hệ thống luật pháp B. Nhà nước C. Hệ tư tưởng D. Vị thế chính trị Đáp án đúng: C. Giải thích:"
mcq_triet_954,954,Ý thức lý luận ra đời từ:,Sự phát triển cao của ý thức xã hội thông thường,"Sản phẩm tư duy của các nhà lý luận, các nhà khoa học",Sự khái quát tổng kết từ kinh nghiệm của ý thức xã hội thông thường,Thực tế xã hội,C,,,"Loại: Trắc nghiệm triết học; Phần: ; Câu 954: Ý thức lý luận ra đời từ: A. Sự phát triển cao của ý thức xã hội thông thường B. Sản phẩm tư duy của các nhà lý luận, các nhà khoa học C. Sự khái quát tổng kết từ kinh nghiệm của ý thức xã hội thông thường D. Thực tế xã hội Đáp án đúng: C. Giải thích:"
mcq_triet_955,955,Bộ máy cai trị của nhà nước bao gồm:,Lực lượng vũ trang chuyên nghiệp và hệ thống luật pháp,Bộ máy hành chính và hệ thống pháp luật của nó,Lực lượng vũ trang chuyên nghiệp và bộ máy hành chính,"Quân đội, cảnh sát, toà án",C,,,"Loại: Trắc nghiệm triết học; Phần: ; Câu 955: Bộ máy cai trị của nhà nước bao gồm: A. Lực lượng vũ trang chuyên nghiệp và hệ thống luật pháp B. Bộ máy hành chính và hệ thống pháp luật của nó C. Lực lượng vũ trang chuyên nghiệp và bộ máy hành chính D. Quân đội, cảnh sát, toà án Đáp án đúng: C. Giải thích:"
mcq_triet_956,956,Tính chất không đều của tiến bộ xã hội thể hiện:,"Giữa các bộ phận cấu thành xã hội, giữa các quốc gia dân tộc, giữa các vùng trên thế giới.","Giữa các quốc gia dân tộc, giữa các giai cấp trong xã hội, giữa các vùng trên thế giới","Giữa các vùng trên thế giới, giữa các giai cấp trong xã hội, giữa các quốc gia dân tộc","Giữa các giai cấp trong xã hội, giữa các vùng trên thế giới, giữa các bộ phận cấu thành xã hội",A,,,"Loại: Trắc nghiệm triết học; Phần: ; Câu 956: Tính chất không đều của tiến bộ xã hội thể hiện: A. Giữa các bộ phận cấu thành xã hội, giữa các quốc gia dân tộc, giữa các vùng trên thế giới. B. Giữa các quốc gia dân tộc, giữa các giai cấp trong xã hội, giữa các vùng trên thế giới C. Giữa các vùng trên thế giới, giữa các giai cấp trong xã hội, giữa các quốc gia dân tộc D. Giữa các giai cấp trong xã hội, giữa các vùng trên thế giới, giữa các bộ phận cấu thành xã hội Đáp án đúng: A. Giải thích:"
mcq_triet_957,957,"Ý thức xã hội không phụ thuộc vào tồn tại xã hội một cách thụ động mà có tác động tích cực trở lại tồn tại xã hội, đó là sự thể hiện: 189 A. Tính độc lập tương đối của ý thức xã hội. B. Tính hướng định của ý thức xã hội. C. Tính vượt trước của ý thức xã hội. D. Cả a và b. Đáp án: A là đáp án đúng Câu 958: Để đi đến diệt vong hoàn toàn thì Nhà nước vô sản phải hoàn thành nhiệm vụ lịch sử vĩ đại của mình là:",Hoàn thiện chế độ dân chủ.,Xoá bỏ hoàn toàn giai cấp.,Xây dựng thành công xã hội cộng sản chủ nghĩa.,Thiết lập chế độ công hữu về tư liệu sản xuất,A,,,"Loại: Trắc nghiệm triết học; Phần: ; Câu 957: Ý thức xã hội không phụ thuộc vào tồn tại xã hội một cách thụ động mà có tác động tích cực trở lại tồn tại xã hội, đó là sự thể hiện: 189 A. Tính độc lập tương đối của ý thức xã hội. B. Tính hướng định của ý thức xã hội. C. Tính vượt trước của ý thức xã hội. D. Cả a và b. Đáp án: A là đáp án đúng Câu 958: Để đi đến diệt vong hoàn toàn thì Nhà nước vô sản phải hoàn thành nhiệm vụ lịch sử vĩ đại của mình là: A. Hoàn thiện chế độ dân chủ. B. Xoá bỏ hoàn toàn giai cấp. C. Xây dựng thành công xã hội cộng sản chủ nghĩa. D. Thiết lập chế độ công hữu về tư liệu sản xuất Đáp án đúng: A. Giải thích:"
mcq_triet_959,959,Yếu tố nào sau đây tác động đến cơ sở hạ tầng một cách gián tiếp:,"Đảng chính trị, viện triết học","Viện triết học, tổ chức tôn giáo","Chính phủ, tổ chức tôn giáo","Tổ chức tôn giáo, Đảng chính trị",B,,,"Loại: Trắc nghiệm triết học; Phần: ; Câu 959: Yếu tố nào sau đây tác động đến cơ sở hạ tầng một cách gián tiếp: A. Đảng chính trị, viện triết học B. Viện triết học, tổ chức tôn giáo C. Chính phủ, tổ chức tôn giáo D. Tổ chức tôn giáo, Đảng chính trị Đáp án đúng: B. Giải thích:"
mcq_triet_960,960,Lợi ích cơ bản của một giai cấp được biểu hiện rõ nét ở mặt nào sau đây:,Chính trị.,Đạo đức.,Lối sống.,Văn hoá.,A,,,Loại: Trắc nghiệm triết học; Phần: ; Câu 960: Lợi ích cơ bản của một giai cấp được biểu hiện rõ nét ở mặt nào sau đây: A. Chính trị. B. Đạo đức. C. Lối sống. D. Văn hoá. Đáp án đúng: A. Giải thích:
mcq_triet_961,961,Đặc điểm của ý thức xã hội thông thường.,"Có tính chỉnh thể, hệ thống và rất phong phú sinh động.",Phản ánh trực tiếp đời sống hàng ngày và rất phong phú sinh động.,"Rất phong phú sinh động và có tính chỉnh thể, hệ thống.",Phản ánh gián tiếp hiện thực và rất phong phú sinh động.,B,,,"Loại: Trắc nghiệm triết học; Phần: ; Câu 961: Đặc điểm của ý thức xã hội thông thường. A. Có tính chỉnh thể, hệ thống và rất phong phú sinh động. B. Phản ánh trực tiếp đời sống hàng ngày và rất phong phú sinh động. C. Rất phong phú sinh động và có tính chỉnh thể, hệ thống. D. Phản ánh gián tiếp hiện thực và rất phong phú sinh động. Đáp án đúng: B. Giải thích:"
mcq_triet_962,962,Đặc điểm của quy luật xã hội:,Đấu tranh giai cấp là đấu tranh của các tập đoàn người có quan điểm trái ngược nhau.,Đấu tranh giai cấp là đấu tranh của những tập đoàn người có lợi ích căn bản đối lập nhau.,Đấu tranh giai cấp là động lực trực tiếp của lịch sử các xã hội có giai cấp,Cả b và c,C,Câu 963: Chỉ rõ quan đi ểm sai v ề đấu tranh giai c ấp sau đây: A. Đấu tranh giai cấp là đấu tranh của các tập đoàn người có quan điểm trái ngược nhau. B. Đấu tranh giai cấp là đấu tranh của những tập đoàn người có lợi ích căn bản đối lập nhau. C. Đấu tranh giai cấp là động lực trực tiếp của lịch sử các xã hội có giai cấp D. Cả b và c Đáp án: A là đáp án đúng,,Loại: Trắc nghiệm triết học; Phần: ; Câu 962: Đặc điểm của quy luật xã hội: A. Đấu tranh giai cấp là đấu tranh của các tập đoàn người có quan điểm trái ngược nhau. B. Đấu tranh giai cấp là đấu tranh của những tập đoàn người có lợi ích căn bản đối lập nhau. C. Đấu tranh giai cấp là động lực trực tiếp của lịch sử các xã hội có giai cấp D. Cả b và c Đáp án đúng: C. Giải thích: Câu 963: Chỉ rõ quan đi ểm sai v ề đấu tranh giai c ấp sau đây: A. Đấu tranh giai cấp là đấu tranh của các tập đoàn người có quan điểm trái ngược nhau. B. Đấu tranh giai cấp là đấu tranh của những tập đoàn người có lợi ích căn bản đối lập nhau. C. Đấu tranh giai cấp là động lực trực tiếp của lịch sử các xã hội có giai cấp D. Cả b và c Đáp án: A là đáp án đúng
mcq_triet_964,964,Tiêu chí cơ bản để đánh giá giai cấp cách mạng:,Nghèo nhất trong xã hội.,Bị thống trị bóc lột.,Có khả năng giải phóng lực lượng sản xuất bị kìm hãm trong phương thức sản xuất cũ lạc hậu.,Có tinh thần cách mạng,C,,,Loại: Trắc nghiệm triết học; Phần: ; Câu 964: Tiêu chí cơ bản để đánh giá giai cấp cách mạng: A. Nghèo nhất trong xã hội. B. Bị thống trị bóc lột. C. Có khả năng giải phóng lực lượng sản xuất bị kìm hãm trong phương thức sản xuất cũ lạc hậu. D. Có tinh thần cách mạng Đáp án đúng: C. Giải thích:
mcq_triet_965,965,Vai trò của yếu tố dân tộc trong cuộc đấu tranh giai cấp:,Dân tộc là địa bàn diễn ra cuộc đấu tranh giai cấp.,Đấu tranh dân tộc quyết định xu hướng của đấu tranh giai cấp.,"Dân tộc là cơ sở, là nguồn tạo nên sức mạnh giai cấp.",Cả a và c.,D,,,"Loại: Trắc nghiệm triết học; Phần: ; Câu 965: Vai trò của yếu tố dân tộc trong cuộc đấu tranh giai cấp: A. Dân tộc là địa bàn diễn ra cuộc đấu tranh giai cấp. B. Đấu tranh dân tộc quyết định xu hướng của đấu tranh giai cấp. C. Dân tộc là cơ sở, là nguồn tạo nên sức mạnh giai cấp. D. Cả a và c. Đáp án đúng: D. Giải thích:"
mcq_triet_966,966,"C.Mác nói về việc phê phán tôn giáo là dể loài người vứt bỏ “ những xiềng xích, những bông hoa tưởng tượng” trong tác phẩm nào sau đây.",Tư bản.,Góp phần phê phán triết học pháp quyền của Hê ghen( lời nói đầu),Luận cương về Phoiơbắc,Hệ tư tưởng Đức,B,,,"Loại: Trắc nghiệm triết học; Phần: ; Câu 966: C.Mác nói về việc phê phán tôn giáo là dể loài người vứt bỏ “ những xiềng xích, những bông hoa tưởng tượng” trong tác phẩm nào sau đây. A. Tư bản. B. Góp phần phê phán triết học pháp quyền của Hê ghen( lời nói đầu) C. Luận cương về Phoiơbắc D. Hệ tư tưởng Đức Đáp án đúng: B. Giải thích:"
mcq_triet_967,967,Đặc trưng phản ánh của nghệ thuật:,Nghệ thuật phản ánh hiện thực bằng ngôn ngữ nghệ thuật. 191 B. Nghệ thuật phản ánh hiện thực một cách chỉnh thể.,,Nghệ thuật phản ánh hiện thực bằng hình tượng nghệ thuật.,Nghệ thuật phản ánh hiện thực một cách trực tiếp,C,,,Loại: Trắc nghiệm triết học; Phần: ; Câu 967: Đặc trưng phản ánh của nghệ thuật: A. Nghệ thuật phản ánh hiện thực bằng ngôn ngữ nghệ thuật. 191 B. Nghệ thuật phản ánh hiện thực một cách chỉnh thể. B.  C. Nghệ thuật phản ánh hiện thực bằng hình tượng nghệ thuật. D. Nghệ thuật phản ánh hiện thực một cách trực tiếp Đáp án đúng: C. Giải thích:
mcq_triet_968,968,"Để có thể làm chủ đối với hoàn cảnh, con người cần có các khả năng:","Tự ý thức, tự giáo dục, tự điều chỉnh.","Tự giáo dục, tự điều chỉnh, tự hoàn chỉnh mình","Tự điều chỉnh, tự ý thức, tự hoàn chỉnh mình.","Tự hoàn chỉnh mình, tự ý thức, tự giáo dục",A,,,"Loại: Trắc nghiệm triết học; Phần: ; Câu 968: Để có thể làm chủ đối với hoàn cảnh, con người cần có các khả năng: A. Tự ý thức, tự giáo dục, tự điều chỉnh. B. Tự giáo dục, tự điều chỉnh, tự hoàn chỉnh mình C. Tự điều chỉnh, tự ý thức, tự hoàn chỉnh mình. D. Tự hoàn chỉnh mình, tự ý thức, tự giáo dục Đáp án đúng: A. Giải thích:"
mcq_triet_969,969,Đặc trưng phản ánh của khoa học?,"Khoa học phản ánh hiện thực bằng hệ thống phạm trù, quy luật của mình.",Khoa học phản ánh hiện thực bằng tư duy trừu tượng.,Khoa học phản ánh hiện thực bằng tổng kết kinh nghiệm.,"Khoa học phản ánh hiện thực bằng tư duy trừu tượng, khái quát.",A,,,"Loại: Trắc nghiệm triết học; Phần: ; Câu 969: Đặc trưng phản ánh của khoa học? A. Khoa học phản ánh hiện thực bằng hệ thống phạm trù, quy luật của mình. B. Khoa học phản ánh hiện thực bằng tư duy trừu tượng. C. Khoa học phản ánh hiện thực bằng tổng kết kinh nghiệm. D. Khoa học phản ánh hiện thực bằng tư duy trừu tượng, khái quát. Đáp án đúng: A. Giải thích:"
mcq_triet_970,970,Tính chất chung của khoa học?,"Tính hệ thống, tính có căn cứ và tính quy luật","Tính chính trị, giai cấp, tính hệ thống và tính có căn cứ.","Tính đối tượng và tính khách quan, tính hệ thống và tính có căn cứ.","Tính quy luật, tính chính trị, giai cấp",C,,,"Loại: Trắc nghiệm triết học; Phần: ; Câu 970: Tính chất chung của khoa học? A. Tính hệ thống, tính có căn cứ và tính quy luật B. Tính chính trị, giai cấp, tính hệ thống và tính có căn cứ. C. Tính đối tượng và tính khách quan, tính hệ thống và tính có căn cứ. D. Tính quy luật, tính chính trị, giai cấp Đáp án đúng: C. Giải thích:"
mcq_triet_971,971,Bản chất của cách mạng khoa học kỹ thuật hiện đại là gì?,Tạo ra bước nhảy vọt về chất trong quá trình sản xuất vật chất.,Cải biến về chất các lực lượng sản xuất hiện có trên cơ sở biến khoa học thành lực lượng sản xuất trực tiếp.,Tạo ra nền kinh tế tri thức.,Tạo ra năng suất lao động cao,B,,,Loại: Trắc nghiệm triết học; Phần: ; Câu 971: Bản chất của cách mạng khoa học kỹ thuật hiện đại là gì? A. Tạo ra bước nhảy vọt về chất trong quá trình sản xuất vật chất. B. Cải biến về chất các lực lượng sản xuất hiện có trên cơ sở biến khoa học thành lực lượng sản xuất trực tiếp. C. Tạo ra nền kinh tế tri thức. D. Tạo ra năng suất lao động cao Đáp án đúng: B. Giải thích:
mcq_triet_972,972,Ngu ồn gốc của ngôn ngữ:,Tự nhiên,"Lao động 192 C. Nhu cầu trao đổi, gián tiếp.",,"Đấng siêu nhiên, thần thánh",B,,,"Loại: Trắc nghiệm triết học; Phần: ; Câu 972: Ngu ồn gốc của ngôn ngữ: A. Tự nhiên B. Lao động 192 C. Nhu cầu trao đổi, gián tiếp. C.  D. Đấng siêu nhiên, thần thánh Đáp án đúng: B. Giải thích:"
mcq_triet_973,973,Tác phẩm Lút vích Phoi - ơ - bắc và sự cáo chung của triết học cổ điển Đức được Ph. Ăng ghen viết vào năm:,1886.,1885.,1887.,1884,A,,,Loại: Trắc nghiệm triết học; Phần: ; Câu 973: Tác phẩm Lút vích Phoi - ơ - bắc và sự cáo chung của triết học cổ điển Đức được Ph. Ăng ghen viết vào năm: A. 1886. B. 1885. C. 1887. D. 1884 Đáp án đúng: A. Giải thích:
mcq_triet_974,974,Thời đại” Đồ sắt” tương ứng với hình thái kinh tế – xã hội:,Cộng sản nguyên thuỷ.,Chiếm hữu nô lệ.,Phong kiến.,Tư bản chủ nghĩa,C,,,Loại: Trắc nghiệm triết học; Phần: ; Câu 974: Thời đại” Đồ sắt” tương ứng với hình thái kinh tế – xã hội: A. Cộng sản nguyên thuỷ. B. Chiếm hữu nô lệ. C. Phong kiến. D. Tư bản chủ nghĩa Đáp án đúng: C. Giải thích:
mcq_triet_975,975,Những quan điểm tư tưởng mà không gắn với các thiết chế tương ứng thì thuộc phạm trù nào dưới đây:,Ý thức giai cấp.,Ý thức xã hội.,Ý thức cá nhân.,Ý thức tập thể,C,,,Loại: Trắc nghiệm triết học; Phần: ; Câu 975: Những quan điểm tư tưởng mà không gắn với các thiết chế tương ứng thì thuộc phạm trù nào dưới đây: A. Ý thức giai cấp. B. Ý thức xã hội. C. Ý thức cá nhân. D. Ý thức tập thể Đáp án đúng: C. Giải thích:
mcq_triet_976,976,Các phạm trù nào sau đây thuộc lĩnh vực chính trị của đời sống xã hội?,"Giai cấp, đấu tranh giai cấp, cách mạng xã hội, Nhà nước.","Đạo đức, nghệ thuật, tôn giáo, triết học.","Quan hệ xã hội, quan hệ sản xuất, quan hệ thẩm mỹ.",Quan hệ kinh tế,A,,,"Loại: Trắc nghiệm triết học; Phần: ; Câu 976: Các phạm trù nào sau đây thuộc lĩnh vực chính trị của đời sống xã hội? A. Giai cấp, đấu tranh giai cấp, cách mạng xã hội, Nhà nước. B. Đạo đức, nghệ thuật, tôn giáo, triết học. C. Quan hệ xã hội, quan hệ sản xuất, quan hệ thẩm mỹ. D. Quan hệ kinh tế Đáp án đúng: A. Giải thích:"
mcq_triet_977,977,Quan hệ sản xuất là:,Quan hệ giữa người và người về kinh tế – kỹ thuật.,"Quan hệ giữa người và người trong sản xuất, trao đổi sản phẩm. 193 C. Quan hệ sản xuất là hình thức xã hội của quá trình sản xuất vật chất.",,Quan hệ giữa người và người trong tổ chức quản lý sản xuất,C,,,"Loại: Trắc nghiệm triết học; Phần: ; Câu 977: Quan hệ sản xuất là: A. Quan hệ giữa người và người về kinh tế – kỹ thuật. B. Quan hệ giữa người và người trong sản xuất, trao đổi sản phẩm. 193 C. Quan hệ sản xuất là hình thức xã hội của quá trình sản xuất vật chất. C.  D. Quan hệ giữa người và người trong tổ chức quản lý sản xuất Đáp án đúng: C. Giải thích:"
mcq_triet_978,978,"Xét đến cùng, vai trò của cách mạng xã hội là:",Phá bỏ xã hội cũ lạc hậu.,Giải phóng lực lượng sản xuất.,Đưa giai cấp tiến bộ lên địa vị thống trị.,Lật đổ chính quyền của giai cấp thống trị,B,,,"Loại: Trắc nghiệm triết học; Phần: ; Câu 978: Xét đến cùng, vai trò của cách mạng xã hội là: A. Phá bỏ xã hội cũ lạc hậu. B. Giải phóng lực lượng sản xuất. C. Đưa giai cấp tiến bộ lên địa vị thống trị. D. Lật đổ chính quyền của giai cấp thống trị Đáp án đúng: B. Giải thích:"
mcq_triet_979,979,Cá nhân theo C. Mác là “ thực thể xã hội” theo nghĩa:,Từ hoạt động thực tiễn trong môi trường chính trị - xã hội trực tiếp.,Từ hoạt động đấu tranh giai cấp.,Từ hoạt động Nhà nước.,Từ hoạt động kinh tế – chính trị,C,Câu 980: Ý th ức chính tr ị thực tiễn thông thư ờng đư ợc nẩy sinh: A. Từ hoạt động thực tiễn trong môi trường chính trị - xã hội trực tiếp. B. Từ hoạt động đấu tranh giai cấp. C. Từ hoạt động Nhà nước. D. Từ hoạt động kinh tế – chính trị Đáp án: A là đáp án đúng,,Loại: Trắc nghiệm triết học; Phần: ; Câu 979: Cá nhân theo C. Mác là “ thực thể xã hội” theo nghĩa: A. Từ hoạt động thực tiễn trong môi trường chính trị - xã hội trực tiếp. B. Từ hoạt động đấu tranh giai cấp. C. Từ hoạt động Nhà nước. D. Từ hoạt động kinh tế – chính trị Đáp án đúng: C. Giải thích: Câu 980: Ý th ức chính tr ị thực tiễn thông thư ờng đư ợc nẩy sinh: A. Từ hoạt động thực tiễn trong môi trường chính trị - xã hội trực tiếp. B. Từ hoạt động đấu tranh giai cấp. C. Từ hoạt động Nhà nước. D. Từ hoạt động kinh tế – chính trị Đáp án: A là đáp án đúng
mcq_triet_981,981,Đặc trưng của ý thức chính trị:,Thái độ đối với đấu tranh giai cấp.,Thể hiện lợi ích giai cấp một cách trực tiếp.,Thể hiện quan điểm về quyền lực.,"Thái độ chính trị của các đảng phái, tổ chức chính trị",B,,,"Loại: Trắc nghiệm triết học; Phần: ; Câu 981: Đặc trưng của ý thức chính trị: A. Thái độ đối với đấu tranh giai cấp. B. Thể hiện lợi ích giai cấp một cách trực tiếp. C. Thể hiện quan điểm về quyền lực. D. Thái độ chính trị của các đảng phái, tổ chức chính trị Đáp án đúng: B. Giải thích:"
mcq_triet_982,982,Bản chất hệ tư tưởng chính trị xã hội chủ nghĩa?,Là ý thức chính trị của toàn xã hội.,Là ý thức chính trị của nhân dân lao động.,Là ý thức chính trị của giai cấp công nhân.,Là ý thức chính trị của dân tộc 194 Đáp án: C là đáp án đúng,,,,Loại: Trắc nghiệm triết học; Phần: ; Câu 982: Bản chất hệ tư tưởng chính trị xã hội chủ nghĩa? A. Là ý thức chính trị của toàn xã hội. B. Là ý thức chính trị của nhân dân lao động. C. Là ý thức chính trị của giai cấp công nhân. D. Là ý thức chính trị của dân tộc 194 Đáp án: C là đáp án đúng Đáp án đúng: . Giải thích:
mcq_triet_983,983,Ngu ồn gốc của đạo đức:,Bắt nguồn từ tôn giáo.,Bắt nguồn từ thực tiễn xã hội.,Bắt nguồn từ bản năng sinh tồn.,Bắt nguồn từ đời sống tinh thần,B,,,Loại: Trắc nghiệm triết học; Phần: ; Câu 983: Ngu ồn gốc của đạo đức: A. Bắt nguồn từ tôn giáo. B. Bắt nguồn từ thực tiễn xã hội. C. Bắt nguồn từ bản năng sinh tồn. D. Bắt nguồn từ đời sống tinh thần Đáp án đúng: B. Giải thích:
mcq_triet_984,984,Các yếu tố cơ bản cấu thành đạo đức?,Ý thức đạo đức.,Quan hệ đạo đức và thực hiện đạo đức.,Tri thức đạo đức.,Cả A và B,D,,,Loại: Trắc nghiệm triết học; Phần: ; Câu 984: Các yếu tố cơ bản cấu thành đạo đức? A. Ý thức đạo đức. B. Quan hệ đạo đức và thực hiện đạo đức. C. Tri thức đạo đức. D. Cả A và B Đáp án đúng: D. Giải thích:
mcq_triet_985,985,Cống hiến quan trọng nhất của triết học Mác về bản chất con người:,Vạch ra bản chất con người là chủ thể sáng tạo lịch sử.,Vạch ra vai trò của quan hệ xã hội trong việc hình thành bản chất con người.,Vạch ra hai mặt cơ bản tạo thành bản chất con người là cái sinh vật và cái xã hội.,"Vạch ra bản chất con người vừa là sản phẩm của hoàn cảnh, vừa là chủ thể của hoàn cảnh",B,,,"Loại: Trắc nghiệm triết học; Phần: ; Câu 985: Cống hiến quan trọng nhất của triết học Mác về bản chất con người: A. Vạch ra bản chất con người là chủ thể sáng tạo lịch sử. B. Vạch ra vai trò của quan hệ xã hội trong việc hình thành bản chất con người. C. Vạch ra hai mặt cơ bản tạo thành bản chất con người là cái sinh vật và cái xã hội. D. Vạch ra bản chất con người vừa là sản phẩm của hoàn cảnh, vừa là chủ thể của hoàn cảnh Đáp án đúng: B. Giải thích:"
mcq_triet_986,986,Hạt nhân của nhân cách là gì?,“Cái tôi” cá nhân,Cá tính.,Thế giới quan cá nhân.,Tự ý thức,C,,,Loại: Trắc nghiệm triết học; Phần: ; Câu 986: Hạt nhân của nhân cách là gì? A. “Cái tôi” cá nhân B. Cá tính. C. Thế giới quan cá nhân. D. Tự ý thức Đáp án đúng: C. Giải thích:
mcq_triet_987,987,"Trong tư tưởng truyền thống Việt Nam, vấn đề nào về con người được quan tâm nhiều nhất?",Quan hệ lao động.,Quan hệ xã hội.,Quan hệ giao tiếp.,Hình thức giao tiếp.,B,195 Câu 988: Thuật ngữ “Quan hệ sản xuất” lúc đầu được C.Mác gọi là: A. Quan hệ lao động. B. Quan hệ xã hội. C. Quan hệ giao tiếp. D. Hình thức giao tiếp. Đáp án: C là đáp án đúng,,"Loại: Trắc nghiệm triết học; Phần: ; Câu 987: Trong tư tưởng truyền thống Việt Nam, vấn đề nào về con người được quan tâm nhiều nhất? A. Quan hệ lao động. B. Quan hệ xã hội. C. Quan hệ giao tiếp. D. Hình thức giao tiếp. Đáp án đúng: B. Giải thích: 195 Câu 988: Thuật ngữ “Quan hệ sản xuất” lúc đầu được C.Mác gọi là: A. Quan hệ lao động. B. Quan hệ xã hội. C. Quan hệ giao tiếp. D. Hình thức giao tiếp. Đáp án: C là đáp án đúng"
mcq_triet_989,989,Các quan hệ cơ bản quy định địa vị của giai cấp thường là do:,“Cha truyền con nối”.,Pháp luật quy định và thừa nhận.,Thành một cách tự nhiên.,Định mệnh,B,,,Loại: Trắc nghiệm triết học; Phần: ; Câu 989: Các quan hệ cơ bản quy định địa vị của giai cấp thường là do: A. “Cha truyền con nối”. B. Pháp luật quy định và thừa nhận. C. Thành một cách tự nhiên. D. Định mệnh Đáp án đúng: B. Giải thích:
mcq_triet_990,990,“Sợi dây xuyên suốt toàn bộ lịch sử nhân loại” theo C Mác là:,Lực lượng sản xuất.,Quan hệ sản xuất.,Đấu tranh giai cấp,Phương thức sản xuất,A,,,Loại: Trắc nghiệm triết học; Phần: ; Câu 990: “Sợi dây xuyên suốt toàn bộ lịch sử nhân loại” theo C Mác là: A. Lực lượng sản xuất. B. Quan hệ sản xuất. C. Đấu tranh giai cấp D. Phương thức sản xuất Đáp án đúng: A. Giải thích:
mcq_triet_991,991,"Việc phát hiện ra chủ nghĩa duy vật và lịch sử, C.Mác đã bước đầu đặt cơ sở lý luận cho:",Kinh tế chính trị học.,Chủ nghĩa cộng sản khoa học.,Đạo đức học.,Chủ nghĩa xã hội khoa học,B,,,"Loại: Trắc nghiệm triết học; Phần: ; Câu 991: Việc phát hiện ra chủ nghĩa duy vật và lịch sử, C.Mác đã bước đầu đặt cơ sở lý luận cho: A. Kinh tế chính trị học. B. Chủ nghĩa cộng sản khoa học. C. Đạo đức học. D. Chủ nghĩa xã hội khoa học Đáp án đúng: B. Giải thích:"
mcq_triet_992,992,Cái quy định hành vi lịch sử đầu tiên và cũng là động lực thúc đẩy con người hoạt động trong suốt lịch sử của mình là:,"Mục tiêu, lý tưởng.","Khát vọng quyền lực về kinh tế, chính trị.",Nhu cầu và lợi ích.,Lý tưởng sống,C,,,"Loại: Trắc nghiệm triết học; Phần: ; Câu 992: Cái quy định hành vi lịch sử đầu tiên và cũng là động lực thúc đẩy con người hoạt động trong suốt lịch sử của mình là: A. Mục tiêu, lý tưởng. B. Khát vọng quyền lực về kinh tế, chính trị. C. Nhu cầu và lợi ích. D. Lý tưởng sống Đáp án đúng: C. Giải thích:"
mcq_triet_993,993,Điểm xuất phát để con người đặt ra mục đích của mình là gì? 196 A. Nhu cầu và lợi ích. B. Điều kiện khách quan. C. Năng lực của họ. D. Hoàn cảnh sống Đáp án: B là đáp án đúng Câu 994: Ý nghĩa của phạm trù hình thái kinh tế – xã hội?,Đem lại sự hiểu biết toàn diện về mọi xã hội trong lịch sử.,Đem lại sự hiểu biết đầy đủ về một xã hội cụ thể.,Đem lại những nguyên tắc phương pháp luận xuất phát để nghiên cứu xã hội.,Đem lại một phương pháp tiếp cận xã hội mới.,B,,,Loại: Trắc nghiệm triết học; Phần: ; Câu 993: Điểm xuất phát để con người đặt ra mục đích của mình là gì? 196 A. Nhu cầu và lợi ích. B. Điều kiện khách quan. C. Năng lực của họ. D. Hoàn cảnh sống Đáp án: B là đáp án đúng Câu 994: Ý nghĩa của phạm trù hình thái kinh tế – xã hội? A. Đem lại sự hiểu biết toàn diện về mọi xã hội trong lịch sử. B. Đem lại sự hiểu biết đầy đủ về một xã hội cụ thể. C. Đem lại những nguyên tắc phương pháp luận xuất phát để nghiên cứu xã hội. D. Đem lại một phương pháp tiếp cận xã hội mới. Đáp án đúng: B. Giải thích:
mcq_triet_995,995,Công lao phát hiện ra vấn đề giai cấp và đấu tranh giai cấp gắn với tên tuổi:,Các nhà sử học Pháp.,Các nhà kinh tế chính trị học Anh.,C Mác và Ph. Ăng ghen.,Các nhà tư tưởng tư sản,A,,,Loại: Trắc nghiệm triết học; Phần: ; Câu 995: Công lao phát hiện ra vấn đề giai cấp và đấu tranh giai cấp gắn với tên tuổi: A. Các nhà sử học Pháp. B. Các nhà kinh tế chính trị học Anh. C. C Mác và Ph. Ăng ghen. D. Các nhà tư tưởng tư sản Đáp án đúng: A. Giải thích:
mcq_triet_996,996,Cơ sở để xác định các giai cấp theo quan điểm của triết học Mác – Lênin?,Do ý thức xã hội không phản ánh kịp sự phát triển của cuộc sống.,Do sức ỳ của tâm lý xã hội.,Do đấu tranh tư tưởng giữa các giai cấp.,Cả A và B,C,Câu 997: Nguyên nhân tính l ạc hậu của ý th ức xã h ội? A. Do ý thức xã hội không phản ánh kịp sự phát triển của cuộc sống. B. Do sức ỳ của tâm lý xã hội. C. Do đấu tranh tư tưởng giữa các giai cấp. D. Cả A và B Đáp án: D là đáp án đúng,,Loại: Trắc nghiệm triết học; Phần: ; Câu 996: Cơ sở để xác định các giai cấp theo quan điểm của triết học Mác – Lênin? A. Do ý thức xã hội không phản ánh kịp sự phát triển của cuộc sống. B. Do sức ỳ của tâm lý xã hội. C. Do đấu tranh tư tưởng giữa các giai cấp. D. Cả A và B Đáp án đúng: C. Giải thích: Câu 997: Nguyên nhân tính l ạc hậu của ý th ức xã h ội? A. Do ý thức xã hội không phản ánh kịp sự phát triển của cuộc sống. B. Do sức ỳ của tâm lý xã hội. C. Do đấu tranh tư tưởng giữa các giai cấp. D. Cả A và B Đáp án: D là đáp án đúng
mcq_triet_998,998,Tôn giáo có các nguồn gốc là:,Nguồn gốc xã hội.,Nguồn gốc tâm lý 197 C. Nguồn gốc giai cấp,,Nguồn gốc nhận thức.,B,,,Loại: Trắc nghiệm triết học; Phần: ; Câu 998: Tôn giáo có các nguồn gốc là: A. Nguồn gốc xã hội. B. Nguồn gốc tâm lý 197 C. Nguồn gốc giai cấp C.  D. Nguồn gốc nhận thức. Đáp án đúng: B. Giải thích:
mcq_triet_999,999,Cách mạng khoa học kỹ thuật đã và đang trải qua:,2 giai đoạn,3 giai đoạn,4 giai đoạn,Nhiều giai đoạn,B,,,Loại: Trắc nghiệm triết học; Phần: ; Câu 999: Cách mạng khoa học kỹ thuật đã và đang trải qua: A. 2 giai đoạn B. 3 giai đoạn C. 4 giai đoạn D. Nhiều giai đoạn Đáp án đúng: B. Giải thích:
mcq_triet_1000,1000,Kết cấu giai cấp trong xã hội có giai cấp thường gồm:,Các giai cấp cơ bản.,Các giai cấp cơ bản và các giai cấp không cơ bản.,"Các giai cấp cơ bản, các giai cấp không cơ bản và tầng lớp trung gian.",Các giai cấp đối kháng,C,,,"Loại: Trắc nghiệm triết học; Phần: ; Câu 1000: Kết cấu giai cấp trong xã hội có giai cấp thường gồm: A. Các giai cấp cơ bản. B. Các giai cấp cơ bản và các giai cấp không cơ bản. C. Các giai cấp cơ bản, các giai cấp không cơ bản và tầng lớp trung gian. D. Các giai cấp đối kháng Đáp án đúng: C. Giải thích:"
mcq_triet_1001,1001,Tìm câu thiếu nội dung nhất về vai trò của thực tiễn đối với nhận thức trong các câu sau:,"Là cơ sở, mục đích, động lực chủ yếu và trực tiếp của nhận thức và là tiêu chuẩn của chân lý","Là nguồn gốc, cơ sở, mục đích của nhận thức","Là mục đích, cơ sở, động lực của nhận thức và làm tiêu chuẩn cho kinh nghiệm","Thước đo để phát hiện sự đúng sai của cảm giác, của kinh nghiệm và của lý luận",D,,,"Loại: Trắc nghiệm triết học; Phần: ; Câu 1001: Tìm câu thiếu nội dung nhất về vai trò của thực tiễn đối với nhận thức trong các câu sau: A. Là cơ sở, mục đích, động lực chủ yếu và trực tiếp của nhận thức và là tiêu chuẩn của chân lý B. Là nguồn gốc, cơ sở, mục đích của nhận thức C. Là mục đích, cơ sở, động lực của nhận thức và làm tiêu chuẩn cho kinh nghiệm D. Thước đo để phát hiện sự đúng sai của cảm giác, của kinh nghiệm và của lý luận Đáp án đúng: D. Giải thích:"
mcq_triet_1002,1002,Hãy chỉ ra luận điểm thể hiện lập trường Duy tâm trong các luận điểm sau:,"Chân lý là tri thức phản ánh đúng hiện thực khách quan và đã được thực tiễn kiểm nghiệm, vì vậy, có thể áp dụng chân lý đó vào mọi nơi, mọi lúc, mọi việc đều đúng","Giới động vật và thực vật hoàn toàn tách rời nhau, không có nguồn gốc chung",Sự phát huy tính năng động chủ quan của con người muốn có hiệu quả bao giờ cũng phải dựa vào cơ sở vật chất,Chân lý chỉ tồn tại trong nhận thức con người. Vì vậy nội dung của chân lý là do chủ quan của con người tạo ra,D,,,"Loại: Trắc nghiệm triết học; Phần: ; Câu 1002: Hãy chỉ ra luận điểm thể hiện lập trường Duy tâm trong các luận điểm sau: A. Chân lý là tri thức phản ánh đúng hiện thực khách quan và đã được thực tiễn kiểm nghiệm, vì vậy, có thể áp dụng chân lý đó vào mọi nơi, mọi lúc, mọi việc đều đúng B. Giới động vật và thực vật hoàn toàn tách rời nhau, không có nguồn gốc chung C. Sự phát huy tính năng động chủ quan của con người muốn có hiệu quả bao giờ cũng phải dựa vào cơ sở vật chất D. Chân lý chỉ tồn tại trong nhận thức con người. Vì vậy nội dung của chân lý là do chủ quan của con người tạo ra Đáp án đúng: D. Giải thích:"
mcq_triet_1003,1003,"Hãy chỉ ra luận điểm thuộc lập trường Duy vật biện chứng trong các luận điểm sau: 198 A. Thế giới tồn tại khách quan, còn quy luật vận động và phát triển của thế giới do ý thức con người tạo ra. B. Phát triển là quá trình tiến bộ, theo đường thẳng. C. Mỗi chân lý khoa học dù có tính tương đối vẫn chứa đựng yếu tố của chân lý tuyệt đối. D. Vật chất là thực tại, tồn tại phụ thuộc vào cảm giác của con người. Đáp án: C là đáp án đúng Câu 1004: Hãy chỉ ra luận điểm thuộc lập trường Duy vật siêu hình trong các luận điểm sau:","Mâu thuẫn là nguồn gốc, động lực của mọi sự vận động và phát triển.",Phủ định của phủ định là sự loại bỏ hoàn toàn sự vật cũ.,"Nhân quả là mối liên hệ có tính chủ quan, do con người xác lập.",Nhận thức chẳng qua chỉ là phức hợp các cảm giác của con người.,C,,,"Loại: Trắc nghiệm triết học; Phần: ; Câu 1003: Hãy chỉ ra luận điểm thuộc lập trường Duy vật biện chứng trong các luận điểm sau: 198 A. Thế giới tồn tại khách quan, còn quy luật vận động và phát triển của thế giới do ý thức con người tạo ra. B. Phát triển là quá trình tiến bộ, theo đường thẳng. C. Mỗi chân lý khoa học dù có tính tương đối vẫn chứa đựng yếu tố của chân lý tuyệt đối. D. Vật chất là thực tại, tồn tại phụ thuộc vào cảm giác của con người. Đáp án: C là đáp án đúng Câu 1004: Hãy chỉ ra luận điểm thuộc lập trường Duy vật siêu hình trong các luận điểm sau: A. Mâu thuẫn là nguồn gốc, động lực của mọi sự vận động và phát triển. B. Phủ định của phủ định là sự loại bỏ hoàn toàn sự vật cũ. C. Nhân quả là mối liên hệ có tính chủ quan, do con người xác lập. D. Nhận thức chẳng qua chỉ là phức hợp các cảm giác của con người. Đáp án đúng: C. Giải thích:"
mcq_triet_1005,1005,Hãy chỉ ra luận điểm thể hiện lập trường Duy vật siêu hình về lịch sử trong các luận điểm sau:,"Quan hệ sản xuất có tính vật chất, quyết định mọi quan hệ xã hội khác.","Nguyên nhân của mọi biến đổi trong lịch sử, xét đến cùng là do tư tưởng của con người đang luôn luôn thay đổi.",Nhân tố kinh tế là nhân tố quyết định duy nhất trong lịch sử.,"Cơ sở hạ tầng quyết định kiến trúc thượng tầng, đồng thời kiến trúc thượng tầng tác động ngược trở lại đối với cơ sở hạ tầng.",C,,,"Loại: Trắc nghiệm triết học; Phần: ; Câu 1005: Hãy chỉ ra luận điểm thể hiện lập trường Duy vật siêu hình về lịch sử trong các luận điểm sau: A. Quan hệ sản xuất có tính vật chất, quyết định mọi quan hệ xã hội khác. B. Nguyên nhân của mọi biến đổi trong lịch sử, xét đến cùng là do tư tưởng của con người đang luôn luôn thay đổi. C. Nhân tố kinh tế là nhân tố quyết định duy nhất trong lịch sử. D. Cơ sở hạ tầng quyết định kiến trúc thượng tầng, đồng thời kiến trúc thượng tầng tác động ngược trở lại đối với cơ sở hạ tầng. Đáp án đúng: C. Giải thích:"
mcq_triet_1006,1006,Hãy chỉ ra luận điểm thể hiện lập trường Duy tâm về lịch sử trong các câu sau:,Sự thịnh suy của mỗi dân tộc là do ý chí của người đứng đầu quốc gia quyết định.,Quan hệ sản xuất là những quan hệ xã hội có tính vật chất được hình thành không tuỳ thuộc ý muốn của những người sản xuất.,Nhân tố kinh tế là nhân tố quyết định duy nhất trong lịch sử.,"Trong một cung điện, người ta suy nghĩ khác trong một túp lều tranh.",A,,,"Loại: Trắc nghiệm triết học; Phần: ; Câu 1006: Hãy chỉ ra luận điểm thể hiện lập trường Duy tâm về lịch sử trong các câu sau: A. Sự thịnh suy của mỗi dân tộc là do ý chí của người đứng đầu quốc gia quyết định. B. Quan hệ sản xuất là những quan hệ xã hội có tính vật chất được hình thành không tuỳ thuộc ý muốn của những người sản xuất. C. Nhân tố kinh tế là nhân tố quyết định duy nhất trong lịch sử. D. Trong một cung điện, người ta suy nghĩ khác trong một túp lều tranh. Đáp án đúng: A. Giải thích:"
mcq_triet_1007,1007,Hãy chỉ ra luận điểm thể hiện lập trường Duy vật siêu hình về lịch sử trong các câu sau:,Phương thức sản xuất là cách thức con người tiến hành quá trình sản xuất vật chất ở những giai đoạn lịch sử nhất định của xã hội loài người. 199 B. Xã hội là một tổng số các bộ phận được cấu thành và biến đổi tuỳ ý muốn con người.,,Xã hội là một tổ hợp các bộ phận được cấu thành và biến đổi một cách ngẫu nhiên.,Tất cả cái gì thúc đẩy con người hành động đều phải thông qua đầu óc của họ. Vì vậy phải tìm động lực sâu xa của lịch sử ở trong tư tưởng và ý chí của con người.,C,,,Loại: Trắc nghiệm triết học; Phần: ; Câu 1007: Hãy chỉ ra luận điểm thể hiện lập trường Duy vật siêu hình về lịch sử trong các câu sau: A. Phương thức sản xuất là cách thức con người tiến hành quá trình sản xuất vật chất ở những giai đoạn lịch sử nhất định của xã hội loài người. 199 B. Xã hội là một tổng số các bộ phận được cấu thành và biến đổi tuỳ ý muốn con người. B.  C. Xã hội là một tổ hợp các bộ phận được cấu thành và biến đổi một cách ngẫu nhiên. D. Tất cả cái gì thúc đẩy con người hành động đều phải thông qua đầu óc của họ. Vì vậy phải tìm động lực sâu xa của lịch sử ở trong tư tưởng và ý chí của con người. Đáp án đúng: C. Giải thích:
mcq_triet_1008,1008,Hãy chỉ ra luận điểm thể hiện lập trường Duy tâm trong các câu sau:,Chỉ dựa vào các quan hệ kinh tế hiện có cũng có thể giải thích đầy đủ bất kỳ học thuyết chính trị nào.,Chỉ dựa vào các quan hệ kinh tế hiện có cũng có thể giải thích đúng bất kỳ tư tưởng pháp quyền nào.,"Mọi thuyết đạo đức có từ trước đến nay, xét đến cùng, đều là sản phẩm của tình hình kinh tế lúc bấy giờ.","Hoạt động của con người khác với động vật là có ý thức, vì thế ý thức của con người quyết định sự tồn tại của họ.",D,,,"Loại: Trắc nghiệm triết học; Phần: ; Câu 1008: Hãy chỉ ra luận điểm thể hiện lập trường Duy tâm trong các câu sau: A. Chỉ dựa vào các quan hệ kinh tế hiện có cũng có thể giải thích đầy đủ bất kỳ học thuyết chính trị nào. B. Chỉ dựa vào các quan hệ kinh tế hiện có cũng có thể giải thích đúng bất kỳ tư tưởng pháp quyền nào. C. Mọi thuyết đạo đức có từ trước đến nay, xét đến cùng, đều là sản phẩm của tình hình kinh tế lúc bấy giờ. D. Hoạt động của con người khác với động vật là có ý thức, vì thế ý thức của con người quyết định sự tồn tại của họ. Đáp án đúng: D. Giải thích:"
mcq_triet_1009,1009,Hãy chỉ ra luận điểm thể hiện lập trường Duy vật biện chứng về lịch sử trong các câu sau:,Quan hệ sản xuất là những quan hệ xã hội có tính vật chất quyết định mọi quan hệ xã hội khác.,"Nguyên nhân của mọi biến đổi trong lịch sử, xét đến cùng là do tư tưởng của con người đang luôn luôn thay đổi.",Nhân tố kinh tế là nhân tố quyết định duy nhất trong lịch sử.,Sự thịnh suy của mỗi dân tộc là do ý chí của người đứng đầu quốc gia quyết định.,A,,,"Loại: Trắc nghiệm triết học; Phần: ; Câu 1009: Hãy chỉ ra luận điểm thể hiện lập trường Duy vật biện chứng về lịch sử trong các câu sau: A. Quan hệ sản xuất là những quan hệ xã hội có tính vật chất quyết định mọi quan hệ xã hội khác. B. Nguyên nhân của mọi biến đổi trong lịch sử, xét đến cùng là do tư tưởng của con người đang luôn luôn thay đổi. C. Nhân tố kinh tế là nhân tố quyết định duy nhất trong lịch sử. D. Sự thịnh suy của mỗi dân tộc là do ý chí của người đứng đầu quốc gia quyết định. Đáp án đúng: A. Giải thích:"
mcq_triet_1010,1010,Tìm luận điểm tóm tắt sai về khái niệm Tồn tại xã hội trong các câu sau:,Mối quan hệ giữa người và người trong quá trình sản xuất của cải vật chất được gọi là Quan hệ sản xuất.,"Cũng như Lực lượng sản xuất, Quan hệ sản xuất thuộc lĩnh vực đời sống vật chất xã hội.","Tính vật chất của Quan hệ sản xuất được biểu hiện ở chỗ chúng tồn tại khách quan, phụ thuộc vào ý thức con người",Quan hệ sản xuất là quan hệ kinh tế cơ bản của một hình thái kinh tế -xã hội.,C,"200 Câu 1011: Tìm câu tóm tắt sai về khái niệm Quan hệ sản xuất trong các câu sau: A. Mối quan hệ giữa người và người trong quá trình sản xuất của cải vật chất được gọi là Quan hệ sản xuất. B. Cũng như Lực lượng sản xuất, Quan hệ sản xuất thuộc lĩnh vực đời sống vật chất xã hội. C. Tính vật chất của Quan hệ sản xuất được biểu hiện ở chỗ chúng tồn tại khách quan, phụ thuộc vào ý thức con người D. Quan hệ sản xuất là quan hệ kinh tế cơ bản của một hình thái kinh tế -xã hội. Đáp án: C là đáp án đúng",,"Loại: Trắc nghiệm triết học; Phần: ; Câu 1010: Tìm luận điểm tóm tắt sai về khái niệm Tồn tại xã hội trong các câu sau: A. Mối quan hệ giữa người và người trong quá trình sản xuất của cải vật chất được gọi là Quan hệ sản xuất. B. Cũng như Lực lượng sản xuất, Quan hệ sản xuất thuộc lĩnh vực đời sống vật chất xã hội. C. Tính vật chất của Quan hệ sản xuất được biểu hiện ở chỗ chúng tồn tại khách quan, phụ thuộc vào ý thức con người D. Quan hệ sản xuất là quan hệ kinh tế cơ bản của một hình thái kinh tế -xã hội. Đáp án đúng: C. Giải thích: 200 Câu 1011: Tìm câu tóm tắt sai về khái niệm Quan hệ sản xuất trong các câu sau: A. Mối quan hệ giữa người và người trong quá trình sản xuất của cải vật chất được gọi là Quan hệ sản xuất. B. Cũng như Lực lượng sản xuất, Quan hệ sản xuất thuộc lĩnh vực đời sống vật chất xã hội. C. Tính vật chất của Quan hệ sản xuất được biểu hiện ở chỗ chúng tồn tại khách quan, phụ thuộc vào ý thức con người D. Quan hệ sản xuất là quan hệ kinh tế cơ bản của một hình thái kinh tế -xã hội. Đáp án: C là đáp án đúng"
mcq_triet_1012,1012,Tìm câu tóm tắt sai về mối quan hệ biện chứng giữa Lực lượng sản xuất và Quan hệ sản xuất trong các câu sau:,"Lực lượng sản xuất và Quan hệ sản xuất là hai mặt của Phương thức sản xuất, tồn tại không tách rời nhau.",Mối quan hệ biện chứng giữa Lực lượng sản xuất và Quan hệ sản xuất là nội dung quy luật về sự phù hợp của Quan hệ sản xuất với trình độ và tính chất của Lực lượng sản xuất.,Quy luật về sự phù hợp của Quan hệ sản xuất với trình độ và tính chất của Lực lượng sản xuất là quy luật xã hội phổ biến trong tất cả các xã hội có đối kháng giai cấp.,"Quy luật về sự phù hợp của Quan hệ sản xuất với trình độ và tính chất của Lực lượng sản xuất vạch rõ sự phụ thuộc khách quan của Quan hệ sản xuất vào sự phát triển của Lực lượng sản xuất, đồng thời Quan hệ sản xuất cũng tác động trở lại Lực lượng sản xuất.",C,,,"Loại: Trắc nghiệm triết học; Phần: ; Câu 1012: Tìm câu tóm tắt sai về mối quan hệ biện chứng giữa Lực lượng sản xuất và Quan hệ sản xuất trong các câu sau: A. Lực lượng sản xuất và Quan hệ sản xuất là hai mặt của Phương thức sản xuất, tồn tại không tách rời nhau. B. Mối quan hệ biện chứng giữa Lực lượng sản xuất và Quan hệ sản xuất là nội dung quy luật về sự phù hợp của Quan hệ sản xuất với trình độ và tính chất của Lực lượng sản xuất. C. Quy luật về sự phù hợp của Quan hệ sản xuất với trình độ và tính chất của Lực lượng sản xuất là quy luật xã hội phổ biến trong tất cả các xã hội có đối kháng giai cấp. D. Quy luật về sự phù hợp của Quan hệ sản xuất với trình độ và tính chất của Lực lượng sản xuất vạch rõ sự phụ thuộc khách quan của Quan hệ sản xuất vào sự phát triển của Lực lượng sản xuất, đồng thời Quan hệ sản xuất cũng tác động trở lại Lực lượng sản xuất. Đáp án đúng: C. Giải thích:"
mcq_triet_1013,1013,Phát hiện luận điểm sai về Lực lượng sản xuất trong các luận điểm sau đây:,Đối tượng lao động là yếu tố động nhất và cách mạng nhất trong Lực lượng sản xuất.,Tư liệu lao động là cơ sở của sự kế tục lịch sử xã hội.,Cái cối xay quay bằng tay đưa lại xã hội có lãnh chúa phong kiến.,Năng suất lao động xã hội là thước đo trình độ phát triển của Lực lượng sản xuất.,A,,,Loại: Trắc nghiệm triết học; Phần: ; Câu 1013: Phát hiện luận điểm sai về Lực lượng sản xuất trong các luận điểm sau đây: A. Đối tượng lao động là yếu tố động nhất và cách mạng nhất trong Lực lượng sản xuất. B. Tư liệu lao động là cơ sở của sự kế tục lịch sử xã hội. C. Cái cối xay quay bằng tay đưa lại xã hội có lãnh chúa phong kiến. D. Năng suất lao động xã hội là thước đo trình độ phát triển của Lực lượng sản xuất. Đáp án đúng: A. Giải thích:
mcq_triet_1014,1014,Luận điểm “giai cấp là những tập đoàn người có địa vị kinh tế - xã hội khác nhau trong một hệ thống sản xuất xã hội nhất định trong lịch sử” thuộc lập trường triết học nào?,Chủ nghĩa duy vật lịch sử.,Chủ nghĩa duy tâm lịch sử.,Chủ nghĩa duy vật tầm thường.,Chủ nghĩa duy tâm chủ quan. 201 Đáp án: A là đáp án đúng,,,,Loại: Trắc nghiệm triết học; Phần: ; Câu 1014: Luận điểm “giai cấp là những tập đoàn người có địa vị kinh tế - xã hội khác nhau trong một hệ thống sản xuất xã hội nhất định trong lịch sử” thuộc lập trường triết học nào? A. Chủ nghĩa duy vật lịch sử. B. Chủ nghĩa duy tâm lịch sử. C. Chủ nghĩa duy vật tầm thường. D. Chủ nghĩa duy tâm chủ quan. 201 Đáp án: A là đáp án đúng Đáp án đúng: . Giải thích:
mcq_triet_1015,1015,Tìm câu trả lời đúng trong các câu sau về Phủ định biện chứng:,"Là sự phủ định có tính khách quan, tự thân, có tính kế thừa và có thêm yếu tố mới.","Là sự phủ định có sự can thiệp của con người, có tính kế thừa và làm chấm dứt quá trình phát triển.",Là tự thân phủ định làm cho cái cũ hoàn toàn mất đi và làm cho cái mới khác nhau về chất với cái cũ.,"Là sự phủ nhận hoàn toàn cái cũ, xác lập cái mới khác cái cũ do có sự can thiệp của con người.",A,,,"Loại: Trắc nghiệm triết học; Phần: ; Câu 1015: Tìm câu trả lời đúng trong các câu sau về Phủ định biện chứng: A. Là sự phủ định có tính khách quan, tự thân, có tính kế thừa và có thêm yếu tố mới. B. Là sự phủ định có sự can thiệp của con người, có tính kế thừa và làm chấm dứt quá trình phát triển. C. Là tự thân phủ định làm cho cái cũ hoàn toàn mất đi và làm cho cái mới khác nhau về chất với cái cũ. D. Là sự phủ nhận hoàn toàn cái cũ, xác lập cái mới khác cái cũ do có sự can thiệp của con người. Đáp án đúng: A. Giải thích:"
mcq_triet_1016,1016,Tìm câu trả lời đúng nhất về phạm trù Cái chung trong các câu sau:,"Là cái được tập hợp từ tất cả Cái riêng lại, mang tính khách quan, phổ biến trong tự nhiên, xã hội, tư duy","Là những mặt, thuộc tính lặp lại trong nhiều Cái riêng, mang tính khách quan, phổ biến và sâu sắc","Là cái toàn thể được tập hợp lại từ nhiều bộ phận hợp thành mang tính khách quan, phổ biến","Là những mặt, thuộc tính, quá trình có trong nhiều Cái riêng được con người tạo ra rất phổ biến",B,,,"Loại: Trắc nghiệm triết học; Phần: ; Câu 1016: Tìm câu trả lời đúng nhất về phạm trù Cái chung trong các câu sau: A. Là cái được tập hợp từ tất cả Cái riêng lại, mang tính khách quan, phổ biến trong tự nhiên, xã hội, tư duy B. Là những mặt, thuộc tính lặp lại trong nhiều Cái riêng, mang tính khách quan, phổ biến và sâu sắc C. Là cái toàn thể được tập hợp lại từ nhiều bộ phận hợp thành mang tính khách quan, phổ biến D. Là những mặt, thuộc tính, quá trình có trong nhiều Cái riêng được con người tạo ra rất phổ biến Đáp án đúng: B. Giải thích:"
mcq_triet_1017,1017,Tìm câu trả lời đúng nhất về phạm trù Cái riêng trong các câu sau:,"Chỉ một sự vật, hiện tượng, quá trình có tính toàn vẹn tồn tại tương đối độc lập với các sự vật khác.","Chỉ một sự vật, hiện tượng, quá trình tồn tại ngẫu nhiên, không lặp lại với Cái riêng khác.","Chỉ một cái khác với Cái chung, là cái bộ phận của Cái chung.","Chỉ một sự vật, hiện tượng có tính quy định không chỉnh thể, phụ thuộc vào Cái riêng khác.",A,,,"Loại: Trắc nghiệm triết học; Phần: ; Câu 1017: Tìm câu trả lời đúng nhất về phạm trù Cái riêng trong các câu sau: A. Chỉ một sự vật, hiện tượng, quá trình có tính toàn vẹn tồn tại tương đối độc lập với các sự vật khác. B. Chỉ một sự vật, hiện tượng, quá trình tồn tại ngẫu nhiên, không lặp lại với Cái riêng khác. C. Chỉ một cái khác với Cái chung, là cái bộ phận của Cái chung. D. Chỉ một sự vật, hiện tượng có tính quy định không chỉnh thể, phụ thuộc vào Cái riêng khác. Đáp án đúng: A. Giải thích:"
mcq_triet_1018,1018,Tìm câu trả lời đúng về phạm trù Hiện tượng trong các câu sau:,"Là những mặt, mối liên hệ, yếu tố bên ngoài có tính chủ quan, là hình thức của Bản chất.","Dùng để chỉ những biểu hiện của các mặt, mối liên hệ tất nhiên tương đối ổn định ở bên ngoài; là mặt dễ biến đổi hơn và là hình thức thể hiện của bản chất đối tượng.","Chỉ phương thức tồn tại, tổ chức kết ấu của Nội dung.","Là những mặt, mối liên hệ, yếu tố biểu hiện bên trong của Bản chất. 202 Đáp án: B là đáp án đúng",,,,"Loại: Trắc nghiệm triết học; Phần: ; Câu 1018: Tìm câu trả lời đúng về phạm trù Hiện tượng trong các câu sau: A. Là những mặt, mối liên hệ, yếu tố bên ngoài có tính chủ quan, là hình thức của Bản chất. B. Dùng để chỉ những biểu hiện của các mặt, mối liên hệ tất nhiên tương đối ổn định ở bên ngoài; là mặt dễ biến đổi hơn và là hình thức thể hiện của bản chất đối tượng. C. Chỉ phương thức tồn tại, tổ chức kết ấu của Nội dung. D. Là những mặt, mối liên hệ, yếu tố biểu hiện bên trong của Bản chất. 202 Đáp án: B là đáp án đúng Đáp án đúng: . Giải thích:"
mcq_triet_1019,1019,Tìm câu trả lời đúng nhất về phạm trù Nội dung trong các câu sau:,"Nội dung là tổng hợp tất cả những mặt, những yếu tố, những quá trình tạo nên sự vật, hiện tượng.","Là tổng hợp các mặt, yếu tố, quan hệ, do người tạo nên sự vật, hiện tượng nào đó.","Là tổng số các mặt, yếu tố, quan hệ được sắp xếp tùy ý để tạo nên sự vật, hiện tượng nào đó.",Là tổng hợp các mặt có tính quy định tạo nên sự vật.,A,,,"Loại: Trắc nghiệm triết học; Phần: ; Câu 1019: Tìm câu trả lời đúng nhất về phạm trù Nội dung trong các câu sau: A. Nội dung là tổng hợp tất cả những mặt, những yếu tố, những quá trình tạo nên sự vật, hiện tượng. B. Là tổng hợp các mặt, yếu tố, quan hệ, do người tạo nên sự vật, hiện tượng nào đó. C. Là tổng số các mặt, yếu tố, quan hệ được sắp xếp tùy ý để tạo nên sự vật, hiện tượng nào đó. D. Là tổng hợp các mặt có tính quy định tạo nên sự vật. Đáp án đúng: A. Giải thích:"
mcq_triet_1020,1020,Tìm câu trả lời đúng nhất về phạm trù Hình thức trong các câu sau:,"Hình thức là phương thức tồn tại và phát triển của sự vật, là hệ thống các mối liên hệ tương đối bền vững giữa các yếu tố của sự vật đó.",Là tổng số các mặt biểu hiện bên ngoài của nội dung.,Là vẻ bề ngoài của nội dung.,"Là phương thức kết cấu của nội dung, cú tính chủ quan do con người tạo ra cho phù hợp với nội dung.",A,,,"Loại: Trắc nghiệm triết học; Phần: ; Câu 1020: Tìm câu trả lời đúng nhất về phạm trù Hình thức trong các câu sau: A. Hình thức là phương thức tồn tại và phát triển của sự vật, là hệ thống các mối liên hệ tương đối bền vững giữa các yếu tố của sự vật đó. B. Là tổng số các mặt biểu hiện bên ngoài của nội dung. C. Là vẻ bề ngoài của nội dung. D. Là phương thức kết cấu của nội dung, cú tính chủ quan do con người tạo ra cho phù hợp với nội dung. Đáp án đúng: A. Giải thích:"
mcq_triet_1021,1021,Tìm quan niệm sai về Thực tiễn trong các quan niệm sau đây:,"Thực tiễn là nguồn gốc của nhận thức vì qua thực tiễn bộc lộ các thuộc tính, mối liên hệ bản chất của đối tượng.",Thực tiễn là hoạt động vật chất do đó thực tiễn không cần gắn với lý luận.,"Thực tiễn là cơ sở, động lực của nhận thức.",Thực tiễn là tiêu chuẩn để kiểm tra tính đúng đắn của chân lý.,B,,,"Loại: Trắc nghiệm triết học; Phần: ; Câu 1021: Tìm quan niệm sai về Thực tiễn trong các quan niệm sau đây: A. Thực tiễn là nguồn gốc của nhận thức vì qua thực tiễn bộc lộ các thuộc tính, mối liên hệ bản chất của đối tượng. B. Thực tiễn là hoạt động vật chất do đó thực tiễn không cần gắn với lý luận. C. Thực tiễn là cơ sở, động lực của nhận thức. D. Thực tiễn là tiêu chuẩn để kiểm tra tính đúng đắn của chân lý. Đáp án đúng: B. Giải thích:"
mcq_triet_1022,1022,Tìm câu thể hiện lập trường Duy vật về lịch sử trong các câu sau đây:,"Quan hệ sản xuất là những quan hệ xã hội có tính pháp lý, quyết định mọi quan hệ xã hội khác.","Trong một cung điện, người ta suy nghĩ khác trong một túp lều tranh.",Xã hội là một tổ hợp các bộ phận được cấu thành và biến đổi một cách ngẫu nhiên.,Sự thịnh suy của mỗi dân tộc là do định mệnh chi phối.,B,,,"Loại: Trắc nghiệm triết học; Phần: ; Câu 1022: Tìm câu thể hiện lập trường Duy vật về lịch sử trong các câu sau đây: A. Quan hệ sản xuất là những quan hệ xã hội có tính pháp lý, quyết định mọi quan hệ xã hội khác. B. Trong một cung điện, người ta suy nghĩ khác trong một túp lều tranh. C. Xã hội là một tổ hợp các bộ phận được cấu thành và biến đổi một cách ngẫu nhiên. D. Sự thịnh suy của mỗi dân tộc là do định mệnh chi phối. Đáp án đúng: B. Giải thích:"
mcq_triet_1023,1023,Tìm câu thể hiện lập trường Duy tâm về lịch sử trong các câu sau:,Nhân tố kinh tế là nhân tố quyết định duy nhất trong lịch sử.,Vì cơ sở hạ tầng quyết định kiến trúc thượng tầng nên kiến trúc thượng tầng chỉ đóng vai trò thụ 203 động trong sự phát triển lịch sử.,Quan hệ sản xuất là những quan hệ xã hội có tính vật chất quyết định mọi quan hệ xã hội khác.,Xã hội là một tổ hợp các bộ phận được cấu thành và biến đổi tuỳ theo ý muốn con người.,D,,,Loại: Trắc nghiệm triết học; Phần: ; Câu 1023: Tìm câu thể hiện lập trường Duy tâm về lịch sử trong các câu sau: A. Nhân tố kinh tế là nhân tố quyết định duy nhất trong lịch sử. B. Vì cơ sở hạ tầng quyết định kiến trúc thượng tầng nên kiến trúc thượng tầng chỉ đóng vai trò thụ 203 động trong sự phát triển lịch sử. C. Quan hệ sản xuất là những quan hệ xã hội có tính vật chất quyết định mọi quan hệ xã hội khác. D. Xã hội là một tổ hợp các bộ phận được cấu thành và biến đổi tuỳ theo ý muốn con người. Đáp án đúng: D. Giải thích:
mcq_triet_1024,1024,Tìm câu thể hiện lập trường Duy vật tầm thường trong các câu sau:,Dân dĩ thực vi thiên.,"Do có được những lực lượng sản xuất mới, loài người thay đổi phương thức sản xuất của mình, đồng thời thay đổi tất cả những quan hệ xã hội của mình.","Trong tất cả những chuyển biến lịch sử thì chuyển biến về chính trị là chuyển biến quan trọng nhất, quyết định sự phát triển của lịch sử.",Nhân tố kinh tế là nhân tố quyết định duy nhất trong lịch sử.,D,,,"Loại: Trắc nghiệm triết học; Phần: ; Câu 1024: Tìm câu thể hiện lập trường Duy vật tầm thường trong các câu sau: A. Dân dĩ thực vi thiên. B. Do có được những lực lượng sản xuất mới, loài người thay đổi phương thức sản xuất của mình, đồng thời thay đổi tất cả những quan hệ xã hội của mình. C. Trong tất cả những chuyển biến lịch sử thì chuyển biến về chính trị là chuyển biến quan trọng nhất, quyết định sự phát triển của lịch sử. D. Nhân tố kinh tế là nhân tố quyết định duy nhất trong lịch sử. Đáp án đúng: D. Giải thích:"
mcq_triet_1025,1025,Tìm yếu tố viết thừa về các yếu tố cấu thành Quan hệ sản xuất trong các câu sau:,Quan hệ thuê mướn nhân công.,Quan hệ về sở hữu tư liệu sản xuất.,Quan hệ về tổ chức quản lý.,Quan hệ phân phối sản phẩm lao động.,A,,,Loại: Trắc nghiệm triết học; Phần: ; Câu 1025: Tìm yếu tố viết thừa về các yếu tố cấu thành Quan hệ sản xuất trong các câu sau: A. Quan hệ thuê mướn nhân công. B. Quan hệ về sở hữu tư liệu sản xuất. C. Quan hệ về tổ chức quản lý. D. Quan hệ phân phối sản phẩm lao động. Đáp án đúng: A. Giải thích:
mcq_triet_1026,1026,Tìm yếu tố viết sai về các bộ phận cấu thành Hình thái Kinh tế - xã hội dưới đây:,Lực lượng sản xuất,Cơ sở hạ tầng,Hoàn cảnh địa lý,Kiến trúc thượng tầng,C,,,Loại: Trắc nghiệm triết học; Phần: ; Câu 1026: Tìm yếu tố viết sai về các bộ phận cấu thành Hình thái Kinh tế - xã hội dưới đây: A. Lực lượng sản xuất B. Cơ sở hạ tầng C. Hoàn cảnh địa lý D. Kiến trúc thượng tầng Đáp án đúng: C. Giải thích:
mcq_triet_1027,1027,Tìm câu viết sai về tính độc lập tương đối của Ý thức xã hội trong các câu sau:,Ý thức xã hội thường lạc hậu hơn so với Tồn tại xã hội.,Ý thức xã hội không phụ thuộc vào Tồn tại xã hội.,Ý thức xã hội có tính kế thừa trong sự phát triển.,Ý thức xã hội tác động trở lại Tồn tại xã hội.,B,,,Loại: Trắc nghiệm triết học; Phần: ; Câu 1027: Tìm câu viết sai về tính độc lập tương đối của Ý thức xã hội trong các câu sau: A. Ý thức xã hội thường lạc hậu hơn so với Tồn tại xã hội. B. Ý thức xã hội không phụ thuộc vào Tồn tại xã hội. C. Ý thức xã hội có tính kế thừa trong sự phát triển. D. Ý thức xã hội tác động trở lại Tồn tại xã hội. Đáp án đúng: B. Giải thích:
mcq_triet_1028,1028,Tìm câu viết sai về vai trò Lực lượng sản xuất trong một Hình thái kinh tế - xã hội:,"Lực lượng sản xuất là nền tảng vật chất - kỹ thuật của xã hội. 204 B. Lực lượng sản xuất là nhân tố, xét đến cùng, quyết định sự hình thành và phát triển của mọi xã hội.",,Lực lượng sản xuất thể hiện tính liên tục trong sự phát triển của xã hội loài người.,Lực lượng sản xuất tiêu biểu cho bộ mặt của xã hội ở mỗi giai đoạn phát triển.,D,,,"Loại: Trắc nghiệm triết học; Phần: ; Câu 1028: Tìm câu viết sai về vai trò Lực lượng sản xuất trong một Hình thái kinh tế - xã hội: A. Lực lượng sản xuất là nền tảng vật chất - kỹ thuật của xã hội. 204 B. Lực lượng sản xuất là nhân tố, xét đến cùng, quyết định sự hình thành và phát triển của mọi xã hội. B.  C. Lực lượng sản xuất thể hiện tính liên tục trong sự phát triển của xã hội loài người. D. Lực lượng sản xuất tiêu biểu cho bộ mặt của xã hội ở mỗi giai đoạn phát triển. Đáp án đúng: D. Giải thích:"
mcq_triet_1029,1029,Tìm câu bị viết sai về vai trò Quan hệ sản xuất trong một Hình thái kinh tế - xã hội:,"Quan hệ sản xuất là quan hệ cơ bản, quyết định tất cả các quan hệ xã hội khác",Quan hệ sản xuất là cơ sở kinh tế của các hiện tượng xã hội,Quan hệ sản xuất thể hiện tính liên tục trong sự phát triển của xã hội loài người,Quan hệ sản xuất tiêu biểu cho bộ mặt của xã hội ở mỗi giai đoạn phát triển nhất định,C,,,"Loại: Trắc nghiệm triết học; Phần: ; Câu 1029: Tìm câu bị viết sai về vai trò Quan hệ sản xuất trong một Hình thái kinh tế - xã hội: A. Quan hệ sản xuất là quan hệ cơ bản, quyết định tất cả các quan hệ xã hội khác B. Quan hệ sản xuất là cơ sở kinh tế của các hiện tượng xã hội C. Quan hệ sản xuất thể hiện tính liên tục trong sự phát triển của xã hội loài người D. Quan hệ sản xuất tiêu biểu cho bộ mặt của xã hội ở mỗi giai đoạn phát triển nhất định Đáp án đúng: C. Giải thích:"
mcq_triet_1030,1030,Xác định quan niệm đúng trong các quan niệm về xã hội sau đây:,Xã hội là một tổng số những bộ phận rời rạc.,"Xã hội là một tổng hợp có tính máy móc, ngẫu nhiên các yếu tố.","Xã hội là một chỉnh thể phức tạp, vận động và phát triển theo các quy luật khách quan.",Xã hội là một tổng thể được cấu thành chỉ bởi những con người sinh vật.,C,,,"Loại: Trắc nghiệm triết học; Phần: ; Câu 1030: Xác định quan niệm đúng trong các quan niệm về xã hội sau đây: A. Xã hội là một tổng số những bộ phận rời rạc. B. Xã hội là một tổng hợp có tính máy móc, ngẫu nhiên các yếu tố. C. Xã hội là một chỉnh thể phức tạp, vận động và phát triển theo các quy luật khách quan. D. Xã hội là một tổng thể được cấu thành chỉ bởi những con người sinh vật. Đáp án đúng: C. Giải thích:"
mcq_triet_1031,1031,"Luận điểm “Những thời đại kinh tế khác nhau không phải ở chỗ chúng sản xuất ra cái gì mà là ở chỗ chúng sản xuất bằng cách nào, với những tư liệu lao động nào” nhấn mạnh yếu tố nào trong các đáp án sau:",Công cụ lao động,Người lao động,Đối tượng lao động,Công cụ phụ trợ,A,,,"Loại: Trắc nghiệm triết học; Phần: ; Câu 1031: Luận điểm “Những thời đại kinh tế khác nhau không phải ở chỗ chúng sản xuất ra cái gì mà là ở chỗ chúng sản xuất bằng cách nào, với những tư liệu lao động nào” nhấn mạnh yếu tố nào trong các đáp án sau: A. Công cụ lao động B. Người lao động C. Đối tượng lao động D. Công cụ phụ trợ Đáp án đúng: A. Giải thích:"
mcq_triet_1032,1032,Hãy chỉ ra nguyên nhân đúng và cơ bản nhất dẫn tới sự phân chia xã hội thành giai cấp trong các câu sau:,Nguyên nhân kinh tế.,Nguyên nhân chính trị.,Nguyên nhân năng lực bẩm sinh ở từng nhóm người.,Nguyên nhân nghề nghiệp khác nhau. 205 Đáp án: A là đáp án đúng,,,,Loại: Trắc nghiệm triết học; Phần: ; Câu 1032: Hãy chỉ ra nguyên nhân đúng và cơ bản nhất dẫn tới sự phân chia xã hội thành giai cấp trong các câu sau: A. Nguyên nhân kinh tế. B. Nguyên nhân chính trị. C. Nguyên nhân năng lực bẩm sinh ở từng nhóm người. D. Nguyên nhân nghề nghiệp khác nhau. 205 Đáp án: A là đáp án đúng Đáp án đúng: . Giải thích:
mcq_triet_1033,1033,Tìm câu trả lời đúng nhất về cơ sở triết học của bệnh chủ quan duy ý chí trong các câu sau:,Chủ nghĩa duy vật tầm thường.,Chủ nghĩa duy vật biện chứng.,Chủ nghĩa duy tâm chủ quan.,Chủ nghĩa duy tâm khách quan.,C,,,Loại: Trắc nghiệm triết học; Phần: ; Câu 1033: Tìm câu trả lời đúng nhất về cơ sở triết học của bệnh chủ quan duy ý chí trong các câu sau: A. Chủ nghĩa duy vật tầm thường. B. Chủ nghĩa duy vật biện chứng. C. Chủ nghĩa duy tâm chủ quan. D. Chủ nghĩa duy tâm khách quan. Đáp án đúng: C. Giải thích:
mcq_triet_1034,1034,Hãy xác định ý kiến đúng nhất về chân lý trong các câu sau:,Chân lý là quan điểm được đa số ủng hộ.,Chân lý là quan điểm được mọi người trong cuộc họp bỏ phiếu tán thành.,Chân lý là một quan điểm được nhiều nhà khoa học thừa nhận.,Chân lý là một quan điểm được chứng minh trong thực tiễn là đúng.,D,,,Loại: Trắc nghiệm triết học; Phần: ; Câu 1034: Hãy xác định ý kiến đúng nhất về chân lý trong các câu sau: A. Chân lý là quan điểm được đa số ủng hộ. B. Chân lý là quan điểm được mọi người trong cuộc họp bỏ phiếu tán thành. C. Chân lý là một quan điểm được nhiều nhà khoa học thừa nhận. D. Chân lý là một quan điểm được chứng minh trong thực tiễn là đúng. Đáp án đúng: D. Giải thích:
mcq_triet_1035,1035,Tìm câu không đúng nói về biểu hiện của bệnh chủ quan duy ý chí trong các câu sau:,Suy nghĩ và hành động nóng vội.,Chạy theo nguyện vọng chủ quan.,Không tính tới điều kiện và khả năng thực tế.,Luôn luôn tôn trọng quy luật khách quan.,D,,,Loại: Trắc nghiệm triết học; Phần: ; Câu 1035: Tìm câu không đúng nói về biểu hiện của bệnh chủ quan duy ý chí trong các câu sau: A. Suy nghĩ và hành động nóng vội. B. Chạy theo nguyện vọng chủ quan. C. Không tính tới điều kiện và khả năng thực tế. D. Luôn luôn tôn trọng quy luật khách quan. Đáp án đúng: D. Giải thích:
mcq_triet_1036,1036,Hãy chỉ ra một nguyên tắc sai trong việc phòng ngừa và khắc phục bệnh chủ quan duy ý chí ở các câu sau:,"Nhìn thẳng vào sự thật, đánh giá đúng sự thật, nói rõ sự thật.",Tôn trọng và hành động theo quy luật khách quan.,"Lấy dân làm gốc, lắng nghe nguyện vọng chính đáng của dân.","Lấy ý chí và nguyện vọng làm điểm xuất phát cho mọi chủ trương, kế hoạch công tác.",D,,,"Loại: Trắc nghiệm triết học; Phần: ; Câu 1036: Hãy chỉ ra một nguyên tắc sai trong việc phòng ngừa và khắc phục bệnh chủ quan duy ý chí ở các câu sau: A. Nhìn thẳng vào sự thật, đánh giá đúng sự thật, nói rõ sự thật. B. Tôn trọng và hành động theo quy luật khách quan. C. Lấy dân làm gốc, lắng nghe nguyện vọng chính đáng của dân. D. Lấy ý chí và nguyện vọng làm điểm xuất phát cho mọi chủ trương, kế hoạch công tác. Đáp án đúng: D. Giải thích:"
mcq_triet_1037,1037,Hãy chỉ ra một câu thể hiện sự nhận thức sai về hoàn cảnh địa lý trong các câu sau:,Hoàn cảnh địa lý là một trong ba yếu tố cấu thành tồn tại xã hội.,Hoàn cảnh địa lý giữ vai trò quan trọng trong sự phát triển xã hội.,"Hoàn cảnh địa lý là yếu tố thường xuyên, tất yếu của sự tồn tại và phát triển của xã hội. 206 D. Hoàn cảnh địa lý là nhân tố quyết định sự tồn tại và phát triển của xã hội loài người.",,D,,,"Loại: Trắc nghiệm triết học; Phần: ; Câu 1037: Hãy chỉ ra một câu thể hiện sự nhận thức sai về hoàn cảnh địa lý trong các câu sau: A. Hoàn cảnh địa lý là một trong ba yếu tố cấu thành tồn tại xã hội. B. Hoàn cảnh địa lý giữ vai trò quan trọng trong sự phát triển xã hội. C. Hoàn cảnh địa lý là yếu tố thường xuyên, tất yếu của sự tồn tại và phát triển của xã hội. 206 D. Hoàn cảnh địa lý là nhân tố quyết định sự tồn tại và phát triển của xã hội loài người. D.  Đáp án đúng: D. Giải thích:"
mcq_triet_1038,1038,Hãy chỉ ra một nhận thức sai về vấn đề môi trường trong các câu sau:,Vấn đề môi trường phụ thuộc vào trình độ nhận thức của con người.,Vấn đề môi trường phụ thuộc vào năng lực vận dụng các quy luật tự nhiên.,Vấn đề môi trường phụ thuộc vào mật độ dân số.,Vấn đề môi trường không phụ thuộc vào trình độ sản xuất vật chất.,D,,,Loại: Trắc nghiệm triết học; Phần: ; Câu 1038: Hãy chỉ ra một nhận thức sai về vấn đề môi trường trong các câu sau: A. Vấn đề môi trường phụ thuộc vào trình độ nhận thức của con người. B. Vấn đề môi trường phụ thuộc vào năng lực vận dụng các quy luật tự nhiên. C. Vấn đề môi trường phụ thuộc vào mật độ dân số. D. Vấn đề môi trường không phụ thuộc vào trình độ sản xuất vật chất. Đáp án đúng: D. Giải thích:
mcq_triet_1039,1039,Hãy chỉ ra một nhận thức sai về vấn đề dân cư trong các câu sau:,"Dân cư là điều kiện tất yếu, thường xuyên của sự phát triển xã hội.","Vấn đề dân cư diễn ra theo quy luật tự nhiên, nhưng bị điều chỉnh bởi quy luật xã hội.",Dân cư không giữ vai trò quyết định sự phát triển xã hội.,Vấn đề dân cư không phụ thuộc vào trình độ phát triển xã hội.,D,,,"Loại: Trắc nghiệm triết học; Phần: ; Câu 1039: Hãy chỉ ra một nhận thức sai về vấn đề dân cư trong các câu sau: A. Dân cư là điều kiện tất yếu, thường xuyên của sự phát triển xã hội. B. Vấn đề dân cư diễn ra theo quy luật tự nhiên, nhưng bị điều chỉnh bởi quy luật xã hội. C. Dân cư không giữ vai trò quyết định sự phát triển xã hội. D. Vấn đề dân cư không phụ thuộc vào trình độ phát triển xã hội. Đáp án đúng: D. Giải thích:"
mcq_triet_1040,1040,Tìm nhận định sai về giai đoạn nhận thức trực quan sinh động trong các câu sau:,Giai đoạn nhận thức trực quan sinh động là giai đoạn đầu tiên của quá trình nhận thức.,Giai đoạn nhận thức trực quan sinh động là giai đoạn phản ánh trực tiếp khách thể bằng các khái niệm.,"Giai đoạn nhận thức trực quan sinh động là giai đoạn nhận thức đối tượng bằng các hình thức: cảm giác, tri giác, biểu tượng.","Giai đoạn nhận thức trực quan sinh động là giai đoạn chưa nhận thức được bản chất, quy luật của sự vật.",B,,,"Loại: Trắc nghiệm triết học; Phần: ; Câu 1040: Tìm nhận định sai về giai đoạn nhận thức trực quan sinh động trong các câu sau: A. Giai đoạn nhận thức trực quan sinh động là giai đoạn đầu tiên của quá trình nhận thức. B. Giai đoạn nhận thức trực quan sinh động là giai đoạn phản ánh trực tiếp khách thể bằng các khái niệm. C. Giai đoạn nhận thức trực quan sinh động là giai đoạn nhận thức đối tượng bằng các hình thức: cảm giác, tri giác, biểu tượng. D. Giai đoạn nhận thức trực quan sinh động là giai đoạn chưa nhận thức được bản chất, quy luật của sự vật. Đáp án đúng: B. Giải thích:"
mcq_triet_1041,1041,Tìm nhận định sai về tư duy trừu tượng trong các câu sau:,Giai đoạn nhận thức tiếp theo giai đoạn trực quan sinh động.,Giai đoạn nhận thức cao hơn dựa trên cơ sở những tài liệu do trực quan sinh động đem lại.,Giai đoạn phản ánh gián tiếp hiện thực nên có nguy cơ phản ánh sai lệch hiện thực.,"Giai đoạn nhận thức bằng cảm giác, tri giác và suy luận.",D,,,"Loại: Trắc nghiệm triết học; Phần: ; Câu 1041: Tìm nhận định sai về tư duy trừu tượng trong các câu sau: A. Giai đoạn nhận thức tiếp theo giai đoạn trực quan sinh động. B. Giai đoạn nhận thức cao hơn dựa trên cơ sở những tài liệu do trực quan sinh động đem lại. C. Giai đoạn phản ánh gián tiếp hiện thực nên có nguy cơ phản ánh sai lệch hiện thực. D. Giai đoạn nhận thức bằng cảm giác, tri giác và suy luận. Đáp án đúng: D. Giải thích:"
mcq_triet_1042,1042,Tìm câu giải thích chưa chính xác về Nguyên tắc Toàn diện trong các câu sau:,"Nguyên tắc này đòi hỏi khi nhận thức sự vật phải xem xét tất cả các mặt, các mối liên hệ của nó. 207 B. Cơ sở lý luận của nguyên tắc này là Nguyên lý về mối liên hệ phổ biến.",,Phải xem xét sự vật trong tính toàn vẹn và phức tạp của nó.,Căn cứ của nguyên tắc này là tư duy của con người ở mỗi thời điểm đều có thể bao quát được hết mọi mặt phong phú của sự vật.,D,,,"Loại: Trắc nghiệm triết học; Phần: ; Câu 1042: Tìm câu giải thích chưa chính xác về Nguyên tắc Toàn diện trong các câu sau: A. Nguyên tắc này đòi hỏi khi nhận thức sự vật phải xem xét tất cả các mặt, các mối liên hệ của nó. 207 B. Cơ sở lý luận của nguyên tắc này là Nguyên lý về mối liên hệ phổ biến. B.  C. Phải xem xét sự vật trong tính toàn vẹn và phức tạp của nó. D. Căn cứ của nguyên tắc này là tư duy của con người ở mỗi thời điểm đều có thể bao quát được hết mọi mặt phong phú của sự vật. Đáp án đúng: D. Giải thích:"
mcq_triet_1043,1043,Tìm câu giải thích sai về Nguyên tắc Phát triển:,Cơ sở lý luận của nguyên tắc này là nguyên lý về sự phát triển.,"Theo nguyên tắc này, cần vận dụng quy luật Lượng -chất để hiểu được cách thức phát triển của sự vật.",Theo nguyên tắc này cần phân đôi cái thống nhất và nhận thức các bộ phận đối lập của nó để hiểu được nguồn gốc và động lực phát triển của sự vật.,Theo nguyên tắc này ta chỉ cần liệt kê các giai đoạn vận động lịch sử mà sự vật đã trải qua là hiểu được thực chất sự phát triển của sự vật. Đáp án: D là đáp án đúng,,,,"Loại: Trắc nghiệm triết học; Phần: ; Câu 1043: Tìm câu giải thích sai về Nguyên tắc Phát triển: A. Cơ sở lý luận của nguyên tắc này là nguyên lý về sự phát triển. B. Theo nguyên tắc này, cần vận dụng quy luật Lượng -chất để hiểu được cách thức phát triển của sự vật. C. Theo nguyên tắc này cần phân đôi cái thống nhất và nhận thức các bộ phận đối lập của nó để hiểu được nguồn gốc và động lực phát triển của sự vật. D. Theo nguyên tắc này ta chỉ cần liệt kê các giai đoạn vận động lịch sử mà sự vật đã trải qua là hiểu được thực chất sự phát triển của sự vật. Đáp án: D là đáp án đúng Đáp án đúng: . Giải thích:"
mcq_triet_1044,1044,Tìm câu trả lời sai về phạm trù Kiến trúc thượng tầng:,Sự hình thành và phát triển của Kiến trúc thượng tầng là do cơ sở hạ tầng quyết định.,Đồng thời Kiến trúc thượng tầng còn có quan hệ kế thừa đối với một số yếu tố của kiến trúc thượng tầng của xã hội cũ.,Bất cứ sự biến đổi nào trong Kiến trúc thượng tầng cũng chỉ do nguyên nhân kinh tế.,"Bản thân những yếu tố trong Kiến trúc thượng tầng cũng tác động lẫn nhau, gây ra những biến đổi nhất định của những yếu tố đó.",C,,,"Loại: Trắc nghiệm triết học; Phần: ; Câu 1044: Tìm câu trả lời sai về phạm trù Kiến trúc thượng tầng: A. Sự hình thành và phát triển của Kiến trúc thượng tầng là do cơ sở hạ tầng quyết định. B. Đồng thời Kiến trúc thượng tầng còn có quan hệ kế thừa đối với một số yếu tố của kiến trúc thượng tầng của xã hội cũ. C. Bất cứ sự biến đổi nào trong Kiến trúc thượng tầng cũng chỉ do nguyên nhân kinh tế. D. Bản thân những yếu tố trong Kiến trúc thượng tầng cũng tác động lẫn nhau, gây ra những biến đổi nhất định của những yếu tố đó. Đáp án đúng: C. Giải thích:"
mcq_triet_1045,1045,Tìm câu trả lời sai về vai trò của Cơ sở hạ tầng đối với Kiến trúc thượng tầng:,Cơ sở hạ tầng nào thì sinh ra Kiến trúc thượng tầng ấy.,Những biến đổi căn bản trong Cơ sở hạ tầng sớm hay muộn cũng sẽ dẫn tới sự biến đổi căn bản trong Kiến trúc thượng tầng.,Cơ sở hạ tầng cũ mất đi thì Kiến trúc thượng tầng tương ứng với nó sẽ mất theo ngay tức khắc.,Cũng có những yếu tố thuộc Kiến trúc thượng tầng cũ tồn tại dai dẳng sau khi Cơ sở kinh tế sinh ra nó không tồn tại.,C,,,Loại: Trắc nghiệm triết học; Phần: ; Câu 1045: Tìm câu trả lời sai về vai trò của Cơ sở hạ tầng đối với Kiến trúc thượng tầng: A. Cơ sở hạ tầng nào thì sinh ra Kiến trúc thượng tầng ấy. B. Những biến đổi căn bản trong Cơ sở hạ tầng sớm hay muộn cũng sẽ dẫn tới sự biến đổi căn bản trong Kiến trúc thượng tầng. C. Cơ sở hạ tầng cũ mất đi thì Kiến trúc thượng tầng tương ứng với nó sẽ mất theo ngay tức khắc. D. Cũng có những yếu tố thuộc Kiến trúc thượng tầng cũ tồn tại dai dẳng sau khi Cơ sở kinh tế sinh ra nó không tồn tại. Đáp án đúng: C. Giải thích:
mcq_triet_1046,1046,Xác định quan niệm sai về Phủ định biện chứng trong các câu sau:,Là phủ định có tính kế thừa. 208 B. Là phủ định đồng thời cũng là sự khẳng định.,,Là phủ định chấm dứt quá trình phát triển.,"Là phủ định có tính khách quan, phổ biến",C,,,"Loại: Trắc nghiệm triết học; Phần: ; Câu 1046: Xác định quan niệm sai về Phủ định biện chứng trong các câu sau: A. Là phủ định có tính kế thừa. 208 B. Là phủ định đồng thời cũng là sự khẳng định. B.  C. Là phủ định chấm dứt quá trình phát triển. D. Là phủ định có tính khách quan, phổ biến Đáp án đúng: C. Giải thích:"
mcq_triet_1047,1047,Xác định quan niệm sai về mối quan hệ giữa Cái Chung với Cái Riêng trong các câu sau:,"Cái Chung chỉ tồn tại trong Cái Riêng, thông qua Cái Riêng mà biểu hiện sự tồn tại của mình.",Quan hệ giữa Cái Chung và Cái Riêng là quan hệ có tính chủ quan.,Quan hệ giữa Cái Chung và Cái Riêng là có tính phổ biến.,"Cái Riêng là cái toàn bộ, phong phú hơn Cái chung, Cái chung là cái bộ phận, nhưng sâu sắc hơn Cái riêng.",B,,,"Loại: Trắc nghiệm triết học; Phần: ; Câu 1047: Xác định quan niệm sai về mối quan hệ giữa Cái Chung với Cái Riêng trong các câu sau: A. Cái Chung chỉ tồn tại trong Cái Riêng, thông qua Cái Riêng mà biểu hiện sự tồn tại của mình. B. Quan hệ giữa Cái Chung và Cái Riêng là quan hệ có tính chủ quan. C. Quan hệ giữa Cái Chung và Cái Riêng là có tính phổ biến. D. Cái Riêng là cái toàn bộ, phong phú hơn Cái chung, Cái chung là cái bộ phận, nhưng sâu sắc hơn Cái riêng. Đáp án đúng: B. Giải thích:"
mcq_triet_1048,1048,Xác định quan niệm sai về mối quan hệ giữa Cái Chung với Cái Riêng trong các câu sau:,"Cái Chung chỉ tồn tại trong Cái Riêng, thông qua Cái Riêng mà biểu hiện sự tồn tại của mình.",Quan hệ giữa Cái Chung và Cái Riêng là quan hệ có tính chủ quan.,Quan hệ giữa Cái Chung và Cái Riêng là có tính phổ biến.,"Cái Riêng là cái toàn bộ, phong phú hơn Cái chung, Cái chung là cái bộ phận, nhưng sâu sắc hơn Cái riêng.",B,,,"Loại: Trắc nghiệm triết học; Phần: ; Câu 1048: Xác định quan niệm sai về mối quan hệ giữa Cái Chung với Cái Riêng trong các câu sau: A. Cái Chung chỉ tồn tại trong Cái Riêng, thông qua Cái Riêng mà biểu hiện sự tồn tại của mình. B. Quan hệ giữa Cái Chung và Cái Riêng là quan hệ có tính chủ quan. C. Quan hệ giữa Cái Chung và Cái Riêng là có tính phổ biến. D. Cái Riêng là cái toàn bộ, phong phú hơn Cái chung, Cái chung là cái bộ phận, nhưng sâu sắc hơn Cái riêng. Đáp án đúng: B. Giải thích:"
mcq_triet_1049,1049,Chọn câu trả lời đúng trong các câu sau:,Triết học Mác là triết học tách rời giữa lý luận và thực tiễn.,Triết học Mác là triết học thống nhất giữa lý luận và thực tiễn.,Triết học Mác là triết học chỉ coi trọng thực tiễn.,Triết học Mác là triết học chỉ coi trọng lý luận.,B,,,Loại: Trắc nghiệm triết học; Phần: ; Câu 1049: Chọn câu trả lời đúng trong các câu sau: A. Triết học Mác là triết học tách rời giữa lý luận và thực tiễn. B. Triết học Mác là triết học thống nhất giữa lý luận và thực tiễn. C. Triết học Mác là triết học chỉ coi trọng thực tiễn. D. Triết học Mác là triết học chỉ coi trọng lý luận. Đáp án đúng: B. Giải thích:
mcq_triet_1050,1050,Quan điểm:“Ý thức thật sự chỉ có tác dụng khi nó thông qua hoạt động thực tiễn của con người” thuộc về lập trường triết học nào dưới đây:,Triết học Mác là triết học tách rời giữa lý luận và thực tiễn.,Triết học Mác là triết học thống nhất giữa lý luận và thực tiễn.,Triết học Mác là triết học chỉ coi trọng thực tiễn.,Triết học Mác là triết học chỉ coi trọng lý luận. 209 Đáp án: B là đáp án đúng,,,,Loại: Trắc nghiệm triết học; Phần: ; Câu 1050: Quan điểm:“Ý thức thật sự chỉ có tác dụng khi nó thông qua hoạt động thực tiễn của con người” thuộc về lập trường triết học nào dưới đây: A. Triết học Mác là triết học tách rời giữa lý luận và thực tiễn. B. Triết học Mác là triết học thống nhất giữa lý luận và thực tiễn. C. Triết học Mác là triết học chỉ coi trọng thực tiễn. D. Triết học Mác là triết học chỉ coi trọng lý luận. 209 Đáp án: B là đáp án đúng Đáp án đúng: . Giải thích:
mcq_triet_1051,1051,"Quan điểm “Không có lý luận thì hoạt động thực tiễn của con người mò mẫm mất phương hướng. Lý luận không phục vụ cho thực tiễn, trở thành lý luận suông, giáo điều” thuộc lập trường triết học nào dưới đây:",Chủ nghĩa Duy vật biện chứng.,Chủ nghĩa Duy vật siêu hình.,Nhị nguyên luận.,Chủ nghĩa Duy tâm khách quan.,A,,,"Loại: Trắc nghiệm triết học; Phần: ; Câu 1051: Quan điểm “Không có lý luận thì hoạt động thực tiễn của con người mò mẫm mất phương hướng. Lý luận không phục vụ cho thực tiễn, trở thành lý luận suông, giáo điều” thuộc lập trường triết học nào dưới đây: A. Chủ nghĩa Duy vật biện chứng. B. Chủ nghĩa Duy vật siêu hình. C. Nhị nguyên luận. D. Chủ nghĩa Duy tâm khách quan. Đáp án đúng: A. Giải thích:"
mcq_triet_1052,1052,Quan điểm “Tính năng động chủ quan của ý thức con người muốn phát huy có hiệu quả bao giờ cũng phải dựa trên cơ sở vật chất” thuộc lập trường triết học nào dưới đây:,Chủ nghĩa Duy vật biện chứng.,Chủ nghĩa Duy vật siêu hình.,Chủ nghĩa Duy tâm chủ quan.,Nhị nguyên luận.,A,,,Loại: Trắc nghiệm triết học; Phần: ; Câu 1052: Quan điểm “Tính năng động chủ quan của ý thức con người muốn phát huy có hiệu quả bao giờ cũng phải dựa trên cơ sở vật chất” thuộc lập trường triết học nào dưới đây: A. Chủ nghĩa Duy vật biện chứng. B. Chủ nghĩa Duy vật siêu hình. C. Chủ nghĩa Duy tâm chủ quan. D. Nhị nguyên luận. Đáp án đúng: A. Giải thích:
mcq_triet_1053,1053,"Quan điểm “Mọi tri thức, dù trực tiếp hay gián tiếp, dù ở trình độ cao hay thấp, xét đến cùng đều dựa trên cơ sở thực tiễn” thuộc lập trường triết học nào:",Chủ nghĩa Duy vật biện chứng.,Chủ nghĩa Duy vật siêu hình.,Nhị nguyên luận.,Chủ nghĩa Duy tâm chủ quan.,A,,,"Loại: Trắc nghiệm triết học; Phần: ; Câu 1053: Quan điểm “Mọi tri thức, dù trực tiếp hay gián tiếp, dù ở trình độ cao hay thấp, xét đến cùng đều dựa trên cơ sở thực tiễn” thuộc lập trường triết học nào: A. Chủ nghĩa Duy vật biện chứng. B. Chủ nghĩa Duy vật siêu hình. C. Nhị nguyên luận. D. Chủ nghĩa Duy tâm chủ quan. Đáp án đúng: A. Giải thích:"
mcq_triet_1054,1054,Quan điểm “Thực tiễn là tiêu chuẩn của chân lý” thuộc lập trường triết học nào dưới đây:,Chủ nghĩa Duy vật biện chứng.,Chủ nghĩa Duy vật siêu hình.,Chủ nghĩa Duy vật tầm thường.,Chủ nghĩa Duy tâm chủ quan.,A,,,Loại: Trắc nghiệm triết học; Phần: ; Câu 1054: Quan điểm “Thực tiễn là tiêu chuẩn của chân lý” thuộc lập trường triết học nào dưới đây: A. Chủ nghĩa Duy vật biện chứng. B. Chủ nghĩa Duy vật siêu hình. C. Chủ nghĩa Duy vật tầm thường. D. Chủ nghĩa Duy tâm chủ quan. Đáp án đúng: A. Giải thích:
mcq_triet_1055,1055,"Luận điểm “Những thời đại kinh tế khác nhau không phải ở chỗ chúng sản xuất ra cái gì, mà là ở chỗ chúng sản xuất bằng cách nào, với những tư liệu lao động nào” thuộc lập 210 trường triết học nào dưới đây:",Chủ nghĩa Duy vật lịch sử.,Chủ nghĩa Duy vật tầm thường.,Thuyết không thể biết.,Chủ nghĩa Duy tâm lịch sử.,A,,,"Loại: Trắc nghiệm triết học; Phần: ; Câu 1055: Luận điểm “Những thời đại kinh tế khác nhau không phải ở chỗ chúng sản xuất ra cái gì, mà là ở chỗ chúng sản xuất bằng cách nào, với những tư liệu lao động nào” thuộc lập 210 trường triết học nào dưới đây: A. Chủ nghĩa Duy vật lịch sử. B. Chủ nghĩa Duy vật tầm thường. C. Thuyết không thể biết. D. Chủ nghĩa Duy tâm lịch sử. Đáp án đúng: A. Giải thích:"
mcq_triet_1056,1056,"Điền đáp án đúng vào chỗ trống câu sau: “Phương thức sản xuất đời sống vật chất toàn bộ quá trình đời sống xã hội, đời sống chính trị và đời sống tinh thần của xã hội”:",thúc đẩy.,chi phối.,phụ thuộc.,liên quan.,B,,,"Loại: Trắc nghiệm triết học; Phần: ; Câu 1056: Điền đáp án đúng vào chỗ trống câu sau: “Phương thức sản xuất đời sống vật chất toàn bộ quá trình đời sống xã hội, đời sống chính trị và đời sống tinh thần của xã hội”: A. thúc đẩy. B. chi phối. C. phụ thuộc. D. liên quan. Đáp án đúng: B. Giải thích:"
mcq_triet_1057,1057,Hãy chỉ ra một yếu tố viết thừa và không đúng về Tồn tại xã hội:,Hoàn cảnh tự nhiên.,Văn hoá phi vật thể,Dân cư.,Phương thức sản xuất.,B,,,Loại: Trắc nghiệm triết học; Phần: ; Câu 1057: Hãy chỉ ra một yếu tố viết thừa và không đúng về Tồn tại xã hội: A. Hoàn cảnh tự nhiên. B. Văn hoá phi vật thể C. Dân cư. D. Phương thức sản xuất. Đáp án đúng: B. Giải thích:
mcq_triet_1058,1058,Hãy chỉ ra một yếu tố viết thừa trong kết cấu của Lực lượng sản xuất vật chất:,Tư liệu lao động.,Đối tượng lao động.,Người lao động.,Công cụ lao động,B,,,Loại: Trắc nghiệm triết học; Phần: ; Câu 1058: Hãy chỉ ra một yếu tố viết thừa trong kết cấu của Lực lượng sản xuất vật chất: A. Tư liệu lao động. B. Đối tượng lao động. C. Người lao động. D. Công cụ lao động Đáp án đúng: B. Giải thích:
mcq_triet_1059,1059,"Điền đáp án đúng vào chỗ trống câu sau: “Theo quan điểm duy vật lịch sử, nhân tố trong lịch sử, xét đến cùng là sự sản xuất và tái sản xuất ra đời sống hiện thực”:",thứ yếu.,chủ yếu.,quan trọng,quyết định. 211 Đáp án: D là đáp án đúng,,,,"Loại: Trắc nghiệm triết học; Phần: ; Câu 1059: Điền đáp án đúng vào chỗ trống câu sau: “Theo quan điểm duy vật lịch sử, nhân tố trong lịch sử, xét đến cùng là sự sản xuất và tái sản xuất ra đời sống hiện thực”: A. thứ yếu. B. chủ yếu. C. quan trọng D. quyết định. 211 Đáp án: D là đáp án đúng Đáp án đúng: . Giải thích:"
mcq_triet_1060,1060,Điền đáp án đúng vào chỗ trống câu sau: “Quy luật về sự phù hợp của quan hệ sản xuất với trình độ và tính chất của lực lượng sản xuất là quy luật......... của sự phát triển xã hội”:,đặc thù.,tạm thời.,.riêng biệt.,chung nhất.,D,,,Loại: Trắc nghiệm triết học; Phần: ; Câu 1060: Điền đáp án đúng vào chỗ trống câu sau: “Quy luật về sự phù hợp của quan hệ sản xuất với trình độ và tính chất của lực lượng sản xuất là quy luật......... của sự phát triển xã hội”: A. đặc thù. B. tạm thời. C. .riêng biệt. D. chung nhất. Đáp án đúng: D. Giải thích:
mcq_triet_1061,1061,"Quan niệm “Sự thay thế phương thức sản xuất đã lỗi thời bằng phương thức sản xuất tiến bộ hơn, đó là cách mạng xã hội” thuộc lập trường triết học nào dưới đây:",Chủ nghĩa Duy vật lịch sử.,Chủ nghĩa Duy tâm lịch sử.,Chủ nghĩa Duy vật tầm thường.,Chủ nghĩa Duy vật siêu hình.,A,,,"Loại: Trắc nghiệm triết học; Phần: ; Câu 1061: Quan niệm “Sự thay thế phương thức sản xuất đã lỗi thời bằng phương thức sản xuất tiến bộ hơn, đó là cách mạng xã hội” thuộc lập trường triết học nào dưới đây: A. Chủ nghĩa Duy vật lịch sử. B. Chủ nghĩa Duy tâm lịch sử. C. Chủ nghĩa Duy vật tầm thường. D. Chủ nghĩa Duy vật siêu hình. Đáp án đúng: A. Giải thích:"
mcq_triet_1062,1062,"Luận điểm “Ý thức xã hội là sự phản ánh tích cực, năng động, sáng tạo tồn tại xã hội” thể hiện lập trường triết học nào dưới đây:",Chủ nghĩa Duy vật lịch sử.,Chủ nghĩa Duy vật tầm thường.,Chủ nghĩa Duy tâm chủ quan.,Chủ nghĩa Duy tâm khách quan.,A,,,"Loại: Trắc nghiệm triết học; Phần: ; Câu 1062: Luận điểm “Ý thức xã hội là sự phản ánh tích cực, năng động, sáng tạo tồn tại xã hội” thể hiện lập trường triết học nào dưới đây: A. Chủ nghĩa Duy vật lịch sử. B. Chủ nghĩa Duy vật tầm thường. C. Chủ nghĩa Duy tâm chủ quan. D. Chủ nghĩa Duy tâm khách quan. Đáp án đúng: A. Giải thích:"
mcq_triet_1063,1063,"Quan điểm “Ý thức xã hội là cái phản ánh tồn tại xã hội, vì vậy nó không có vai trò gì đối với tồn tại xã hội” biểu hiện lập trường triết học nào dưới đây:",Nhị nguyên luận.,Chủ nghĩa Duy vật lịch sử.,Chủ nghĩa Duy vật siêu hình.,Chủ nghĩa Duy tâm lịch sử.,C,,,"Loại: Trắc nghiệm triết học; Phần: ; Câu 1063: Quan điểm “Ý thức xã hội là cái phản ánh tồn tại xã hội, vì vậy nó không có vai trò gì đối với tồn tại xã hội” biểu hiện lập trường triết học nào dưới đây: A. Nhị nguyên luận. B. Chủ nghĩa Duy vật lịch sử. C. Chủ nghĩa Duy vật siêu hình. D. Chủ nghĩa Duy tâm lịch sử. Đáp án đúng: C. Giải thích:"
mcq_triet_1064,1064,Hãy xác định câu trả lời đúng theo quan điểm Chủ nghĩa duy vật biên chứng về vai trò của Ý thức:,Ý thức tự nó chỉ làm thay đổi tư tưởng. Như vậy ý thức hoàn toàn không có tác dụng gì đối với 212 thực tiễn.,"Ý thức là phản ánh năng động, sáng tạo thực tại khách quan và đồng thời có tác động trở lại mạnh mẽ thực tại đó thông qua hoạt động thực tiễn của con người.","Ý thức là cái phụ thuộc vào nguồn gốc sinh ra nó. Vì thế chỉ có vật chất mới là cái năng động, tích cực.",Ý thức là cái quyết định vật chất . Vật chất chỉ là cái thụ động.,B,,,"Loại: Trắc nghiệm triết học; Phần: ; Câu 1064: Hãy xác định câu trả lời đúng theo quan điểm Chủ nghĩa duy vật biên chứng về vai trò của Ý thức: A. Ý thức tự nó chỉ làm thay đổi tư tưởng. Như vậy ý thức hoàn toàn không có tác dụng gì đối với 212 thực tiễn. B. Ý thức là phản ánh năng động, sáng tạo thực tại khách quan và đồng thời có tác động trở lại mạnh mẽ thực tại đó thông qua hoạt động thực tiễn của con người. C. Ý thức là cái phụ thuộc vào nguồn gốc sinh ra nó. Vì thế chỉ có vật chất mới là cái năng động, tích cực. D. Ý thức là cái quyết định vật chất . Vật chất chỉ là cái thụ động. Đáp án đúng: B. Giải thích:"
mcq_triet_1065,1065,"Hãy xác định câu trả lời theo quan điểm siêu hình về Mối liên hệ giữa các sự vật , hiện tượng trong thế giới hiện thực khách quan:","Là sự tác động lẫn nhau, chi phối chuyển hoá lẫn nhau một cách khách quan, phổ biến, nhiều vẻ giữa các mặt, quá trình của sự vật, hiện tượng, hoặc giữa các sự vật, hiện tượng.","Là sự thừa nhận rằng giữa các mặt của sự vật, hiện tượng và giữa các sự vật với nhau trong thực tế khách quan không có mối liên hệ nào cả.","Quan điểm cho rằng ngoài tính khách quan, tính phổ biến của mối liên hệ còn có quan điểm về tính phong phú của mối liên hệ.","Là sự tác động lẫn nhau, có tính khách quan, phổ biến, nhiều vẻ, có thể chuyển hoá cho nhau.",B,,,"Loại: Trắc nghiệm triết học; Phần: ; Câu 1065: Hãy xác định câu trả lời theo quan điểm siêu hình về Mối liên hệ giữa các sự vật , hiện tượng trong thế giới hiện thực khách quan: A. Là sự tác động lẫn nhau, chi phối chuyển hoá lẫn nhau một cách khách quan, phổ biến, nhiều vẻ giữa các mặt, quá trình của sự vật, hiện tượng, hoặc giữa các sự vật, hiện tượng. B. Là sự thừa nhận rằng giữa các mặt của sự vật, hiện tượng và giữa các sự vật với nhau trong thực tế khách quan không có mối liên hệ nào cả. C. Quan điểm cho rằng ngoài tính khách quan, tính phổ biến của mối liên hệ còn có quan điểm về tính phong phú của mối liên hệ. D. Là sự tác động lẫn nhau, có tính khách quan, phổ biến, nhiều vẻ, có thể chuyển hoá cho nhau. Đáp án đúng: B. Giải thích:"
mcq_triet_1066,1066,Hãy xác định câu trả lời theo quan điểm siêu hình về Sự phát triển:,Sự phát triển là xu hướng vận động làm nảy sinh cái mới,"Sự phát triển là xu hướng thống trị của thế giới, tiến lên từ đơn giản đến phức tạp, từ thấp đến cao, từ kém hoàn thiện đến hoàn thiện hơn theo những quy luật nhất định","Sự phát triển là xu hướng vận động tiến lên từ thấp đến cao, từ đơn giản đến phức tạp, từ kém hoàn thiện đến hoàn thiện hơn của các sự vật hiện tượng","Sự phát triển là xu hướng vận động làm cho sự vật, hiện tượng tăng lên chỉ về khối lượng, thể tích, quy mô, trọng lượng, kích thước",D,,,"Loại: Trắc nghiệm triết học; Phần: ; Câu 1066: Hãy xác định câu trả lời theo quan điểm siêu hình về Sự phát triển: A. Sự phát triển là xu hướng vận động làm nảy sinh cái mới B. Sự phát triển là xu hướng thống trị của thế giới, tiến lên từ đơn giản đến phức tạp, từ thấp đến cao, từ kém hoàn thiện đến hoàn thiện hơn theo những quy luật nhất định C. Sự phát triển là xu hướng vận động tiến lên từ thấp đến cao, từ đơn giản đến phức tạp, từ kém hoàn thiện đến hoàn thiện hơn của các sự vật hiện tượng D. Sự phát triển là xu hướng vận động làm cho sự vật, hiện tượng tăng lên chỉ về khối lượng, thể tích, quy mô, trọng lượng, kích thước Đáp án đúng: D. Giải thích:"
mcq_triet_1067,1067,Hãy xác định câu trả lời theo quan điểm siêu hình về ý nghĩa phương pháp luận của Mối quan hệ biện chứng giữa Bản chất và Hiện tượng:,Hiện tượng thường làm sai lệch bản chất nên cần thận trọng trong nghiên cứu những biểu hiện bên ngoài của sự vật.,"Phương pháp nhận thức đúng là đi từ hiện tượng đến bản chất, đi từ bản chất ít sâu sắc đến bản chất sâu sắc hơn, không nhầm lẫn hiện tượng với bản chất. 213 C. Để nghiên cứu bản chất của sự vật cần nghiên cứu toàn diện các hiện tượng của nó.",,"Muốn nhận thức đúng bản chất, con người đi thẳng vào tìm hiểu và nắm lấy bản chất sẽ tránh được sai lầm.",D,,,"Loại: Trắc nghiệm triết học; Phần: ; Câu 1067: Hãy xác định câu trả lời theo quan điểm siêu hình về ý nghĩa phương pháp luận của Mối quan hệ biện chứng giữa Bản chất và Hiện tượng: A. Hiện tượng thường làm sai lệch bản chất nên cần thận trọng trong nghiên cứu những biểu hiện bên ngoài của sự vật. B. Phương pháp nhận thức đúng là đi từ hiện tượng đến bản chất, đi từ bản chất ít sâu sắc đến bản chất sâu sắc hơn, không nhầm lẫn hiện tượng với bản chất. 213 C. Để nghiên cứu bản chất của sự vật cần nghiên cứu toàn diện các hiện tượng của nó. C.  D. Muốn nhận thức đúng bản chất, con người đi thẳng vào tìm hiểu và nắm lấy bản chất sẽ tránh được sai lầm. Đáp án đúng: D. Giải thích:"
mcq_triet_1068,1068,Hãy chỉ ra luận điểm sai về ý nghĩa phương pháp luận của mối quan hệ giữa Nội dung và Hình thức:,Trong nhận thức và hành động không được tách rời hoặc tuyệt đối hoá một mặt nội dung hay hình thức.,"Trong nhận thức và hành động không được tách rời, tuyệt đối hoá một mặt nội dung hay hình thức. Trước hết phải chú trọng vai trò quyết định của hình thức đồng thời coi trọng nội dung.","Trong nhận thức và hành động không được tách rời, tuyệt đối hoá một mặt nội dung hay hình thức. Trước hết phải chú trọng vai trò quyết định của nội dung, nhưng phải chú trọng tới hình thức.",Trong nhận thức và hành động không được tuyệt đối hoá một mặt nội dung hay hình thức.,B,,,"Loại: Trắc nghiệm triết học; Phần: ; Câu 1068: Hãy chỉ ra luận điểm sai về ý nghĩa phương pháp luận của mối quan hệ giữa Nội dung và Hình thức: A. Trong nhận thức và hành động không được tách rời hoặc tuyệt đối hoá một mặt nội dung hay hình thức. B. Trong nhận thức và hành động không được tách rời, tuyệt đối hoá một mặt nội dung hay hình thức. Trước hết phải chú trọng vai trò quyết định của hình thức đồng thời coi trọng nội dung. C. Trong nhận thức và hành động không được tách rời, tuyệt đối hoá một mặt nội dung hay hình thức. Trước hết phải chú trọng vai trò quyết định của nội dung, nhưng phải chú trọng tới hình thức. D. Trong nhận thức và hành động không được tuyệt đối hoá một mặt nội dung hay hình thức. Đáp án đúng: B. Giải thích:"
mcq_triet_1069,1069,Luận điểm nào dưới đây là luận điểm Siêu hình về quan hệ giữa Nguyên nhân và Kết quả:,"Trong những điều kiện xác định, nguyên nhân có trước kết quả, một nguyên nhân sinh ra nhiều kết quả và ngược lại, nguyên nhân và kết quả có thể chuyển hoá cho nhau.","Trong điều kiện xác định, nguyên nhân có trước kết quả, một nguyên nhân chỉ sinh ra một kết quả và ngược lại, nguyên nhân và kết quả không thể chuyển hoá cho nhau.","Trong điều kiện xác định, nguyên nhân có sau kết quả. Một nguyên nhân có thể sinh ra nhiều kết quả và ngược lại. Nguyên nhân và kết quả có thể chuyển hoá cho nhau.","Trong điều kiện xác định, nguyên nhân có trước kết quả, một nguyên nhân sinh ra nhiều kết quả và ngược lại. Nguyên nhân và kết quả có thể chuyển hoá cho nhau trong quá trình vận động.",B,,,"Loại: Trắc nghiệm triết học; Phần: ; Câu 1069: Luận điểm nào dưới đây là luận điểm Siêu hình về quan hệ giữa Nguyên nhân và Kết quả: A. Trong những điều kiện xác định, nguyên nhân có trước kết quả, một nguyên nhân sinh ra nhiều kết quả và ngược lại, nguyên nhân và kết quả có thể chuyển hoá cho nhau. B. Trong điều kiện xác định, nguyên nhân có trước kết quả, một nguyên nhân chỉ sinh ra một kết quả và ngược lại, nguyên nhân và kết quả không thể chuyển hoá cho nhau. C. Trong điều kiện xác định, nguyên nhân có sau kết quả. Một nguyên nhân có thể sinh ra nhiều kết quả và ngược lại. Nguyên nhân và kết quả có thể chuyển hoá cho nhau. D. Trong điều kiện xác định, nguyên nhân có trước kết quả, một nguyên nhân sinh ra nhiều kết quả và ngược lại. Nguyên nhân và kết quả có thể chuyển hoá cho nhau trong quá trình vận động. Đáp án đúng: B. Giải thích:"
mcq_triet_1070,1070,Luận điểm nào dưới đây là luận điểm Duy tâm về quan hệ Nguyên nhân – Kết quả:,"Để có kết quả theo mong muốn phải biết phát hiện và điều khiển các nguyên nhân, khắc phục những nguyên nhân ngược chiều, tạo điều kiện cho nguyên nhân cùng chiều hướng tới kết quả.","Trong quá trình vận động, phát triển, nguyên nhân và kết quả có thể đổi chỗ, chuyển hóa cho nhau.",Quan hệ nhân quả là quan hệ do chủ quan của con người tạo ra cho nên trong nhận thức và 214 hành động con người chắc chắn nhận được kết quả do mình tạo ra.,Nguyên nhân có trước kết quả vì thế cứ chờ đợi thì sớm hay muộn kết quả sẽ tới.,C,,,"Loại: Trắc nghiệm triết học; Phần: ; Câu 1070: Luận điểm nào dưới đây là luận điểm Duy tâm về quan hệ Nguyên nhân – Kết quả: A. Để có kết quả theo mong muốn phải biết phát hiện và điều khiển các nguyên nhân, khắc phục những nguyên nhân ngược chiều, tạo điều kiện cho nguyên nhân cùng chiều hướng tới kết quả. B. Trong quá trình vận động, phát triển, nguyên nhân và kết quả có thể đổi chỗ, chuyển hóa cho nhau. C. Quan hệ nhân quả là quan hệ do chủ quan của con người tạo ra cho nên trong nhận thức và 214 hành động con người chắc chắn nhận được kết quả do mình tạo ra. D. Nguyên nhân có trước kết quả vì thế cứ chờ đợi thì sớm hay muộn kết quả sẽ tới. Đáp án đúng: C. Giải thích:"
mcq_triet_1071,1071,Luận điểm nào dưới đây là luận điểm Bất khả tri về mối quan hệ giữa cái Tất nhiên và Ngẫu nhiên:,Thông qua nghiên cứu nhiều cái ngẫu nhiên để phát hiện cái tất nhiên. Nắm lấy cái tất nhiên để hành động đồng thời dự phòng xử lý kịp thời với cái ngẫu nhiên.,Mục đích của nhận thức và hành động là đạt tới cái tất nhiên để có tự do. Nhưng cái tất nhiên tồn tại như vật tự nó nên con người chỉ có thể nắm được cái ngẫu nhiên,"Nắm lấy cái tất nhiên, chi phối, điều khiển, phòng ngừa cái ngẫu nhiên. Đó là mục đích của nhận thức và hành động của con người trong khi giải quyết mối quan hệ giữa tất nhiên và ngẫu nhiên.","Nắm lấy cái tất nhiên để chi phối, điều khiển, phòng ngừa mặt tác hại của ngẫu nhiên. Đó là mục đích của nhận thức và hành động không phải bằng cách đi từ phân tích ngẫu nhiên mà đi thẳng vào cái tất nhiên.",B,,,"Loại: Trắc nghiệm triết học; Phần: ; Câu 1071: Luận điểm nào dưới đây là luận điểm Bất khả tri về mối quan hệ giữa cái Tất nhiên và Ngẫu nhiên: A. Thông qua nghiên cứu nhiều cái ngẫu nhiên để phát hiện cái tất nhiên. Nắm lấy cái tất nhiên để hành động đồng thời dự phòng xử lý kịp thời với cái ngẫu nhiên. B. Mục đích của nhận thức và hành động là đạt tới cái tất nhiên để có tự do. Nhưng cái tất nhiên tồn tại như vật tự nó nên con người chỉ có thể nắm được cái ngẫu nhiên C. Nắm lấy cái tất nhiên, chi phối, điều khiển, phòng ngừa cái ngẫu nhiên. Đó là mục đích của nhận thức và hành động của con người trong khi giải quyết mối quan hệ giữa tất nhiên và ngẫu nhiên. D. Nắm lấy cái tất nhiên để chi phối, điều khiển, phòng ngừa mặt tác hại của ngẫu nhiên. Đó là mục đích của nhận thức và hành động không phải bằng cách đi từ phân tích ngẫu nhiên mà đi thẳng vào cái tất nhiên. Đáp án đúng: B. Giải thích:"
mcq_triet_1072,1072,Tìm câu trả lời theo quan điểm Duy tâm về Thực tiễn trong các câu dưới đây:,"Là toàn bộ những hoạt động có tính vật chất, tính mục đích, tính xã hội - lịch sử của con người làm biến đổi tự nhiên, xã hội theo hướng tích cực, tiến bộ, trong đó sản xuất vật chất là thực tiễn cơ bản nhất.","Là toàn bộ những hoạt động của con người có tính mục đích, tính xã hội- lịch sử làm biến đổi tự nhiên, xã hội theo hướng tích cực, tiến bộ, trong đó sản xuất vật chất là thực tiễn cơ bản nhất.","Là toàn bộ những hoạt động của con người có tính mục đích, tính vật chất, làm biến đổi tự nhiên -xã hội theo hướng tích cực, trong đó sản xuất vật chất là thực tiễn cơ bản nhất.","Là toàn bộ những hoạt động của con người có tính mục đích, tính vật chất, tính lịch sử - xã hội, trong đó sản xuất tinh thần là thực tiễn cơ bản nhất.",D,,,"Loại: Trắc nghiệm triết học; Phần: ; Câu 1072: Tìm câu trả lời theo quan điểm Duy tâm về Thực tiễn trong các câu dưới đây: A. Là toàn bộ những hoạt động có tính vật chất, tính mục đích, tính xã hội - lịch sử của con người làm biến đổi tự nhiên, xã hội theo hướng tích cực, tiến bộ, trong đó sản xuất vật chất là thực tiễn cơ bản nhất. B. Là toàn bộ những hoạt động của con người có tính mục đích, tính xã hội- lịch sử làm biến đổi tự nhiên, xã hội theo hướng tích cực, tiến bộ, trong đó sản xuất vật chất là thực tiễn cơ bản nhất. C. Là toàn bộ những hoạt động của con người có tính mục đích, tính vật chất, làm biến đổi tự nhiên -xã hội theo hướng tích cực, trong đó sản xuất vật chất là thực tiễn cơ bản nhất. D. Là toàn bộ những hoạt động của con người có tính mục đích, tính vật chất, tính lịch sử - xã hội, trong đó sản xuất tinh thần là thực tiễn cơ bản nhất. Đáp án đúng: D. Giải thích:"
mcq_triet_1073,1073,Vận dụng quan điểm Duy vật biện chứng để tìm câu trả lời đúng nhất trong các câu dưới đây:,Do vật chất quyết định ý thức nên chỉ cần tăng lương cho người lao động là họ sẽ hăng hái sản xuất ra nhiều sản phẩm tốt.,"Do vai trò tác động tích cực của ý thức nên chỉ cần thường xuyên giáo dục ý thức, tư tưởng 215 cho người lao động là họ sẽ tự giác hăng hái sản xuất ra nhiều sản phẩm tốt.",Vì vật chất và ý thức có quan hệ biện chứng nên đối với người lao động phải vừa khuyến khích vật chất vừa giáo dục chính trị tư tưởng.,"Vì chân lý là cụ thể nên phải tuỳ hoàn cảnh, tuỳ đối tượng cụ thể mà tăng thêm khuyến khích vật chất hoặc tăng cường giáo dục chính trị tư tưởng.",D,,,"Loại: Trắc nghiệm triết học; Phần: ; Câu 1073: Vận dụng quan điểm Duy vật biện chứng để tìm câu trả lời đúng nhất trong các câu dưới đây: A. Do vật chất quyết định ý thức nên chỉ cần tăng lương cho người lao động là họ sẽ hăng hái sản xuất ra nhiều sản phẩm tốt. B. Do vai trò tác động tích cực của ý thức nên chỉ cần thường xuyên giáo dục ý thức, tư tưởng 215 cho người lao động là họ sẽ tự giác hăng hái sản xuất ra nhiều sản phẩm tốt. C. Vì vật chất và ý thức có quan hệ biện chứng nên đối với người lao động phải vừa khuyến khích vật chất vừa giáo dục chính trị tư tưởng. D. Vì chân lý là cụ thể nên phải tuỳ hoàn cảnh, tuỳ đối tượng cụ thể mà tăng thêm khuyến khích vật chất hoặc tăng cường giáo dục chính trị tư tưởng. Đáp án đúng: D. Giải thích:"
mcq_triet_1074,1074,Chọn luận điểm đúng nhất trong các luận điểm sau:,Đặc điểm quan trọng nhất của quy luật phủ định của phủ định là phủ định hai lần,Đặc điểm quan trọng nhất của quy luật phủ định của phủ định là sự phát triển do mâu thuẫn bên trong.,Đặc điểm quan trọng nhất của quy luật phủ định của phủ định là phát triển theo chu kỳ.,"Đặc điểm quan trọng nhất của quy luật phủ định của phủ định là tính kế thừa, tính lặp lại và tính chất tiến lên của sự phát triển.",D,,,"Loại: Trắc nghiệm triết học; Phần: ; Câu 1074: Chọn luận điểm đúng nhất trong các luận điểm sau: A. Đặc điểm quan trọng nhất của quy luật phủ định của phủ định là phủ định hai lần B. Đặc điểm quan trọng nhất của quy luật phủ định của phủ định là sự phát triển do mâu thuẫn bên trong. C. Đặc điểm quan trọng nhất của quy luật phủ định của phủ định là phát triển theo chu kỳ. D. Đặc điểm quan trọng nhất của quy luật phủ định của phủ định là tính kế thừa, tính lặp lại và tính chất tiến lên của sự phát triển. Đáp án đúng: D. Giải thích:"
mcq_triet_1075,1075,Câu nào dưới đây đúng và có nội dung đầy đủ nhất về nội dung quy luật Phủ định của phủ định:,Phủ định của phủ định là sự lặp lại hoàn toàn cái ban đầu.,Phủ định của phủ định là sự tổng hợp biện chứng của cái khẳng định ban đầu và cái phủ định lần thứ nhất.,Phủ định của phủ định là sự phủ định trong đó sự xuất hiện cái mới như là kết quả tổng hợp của những yếu tố tích cực trong cái khẳng định ban đầu và trong cái phủ định lần thứ nhất.,"Phủ định của phủ định là sự phủ định trong đó sự xuất hiện cái mới có nội dung toàn diện, phong phú và cao hơn cái khẳng định ban đầu và cái phủ định lần thứ nhất.",D,,,"Loại: Trắc nghiệm triết học; Phần: ; Câu 1075: Câu nào dưới đây đúng và có nội dung đầy đủ nhất về nội dung quy luật Phủ định của phủ định: A. Phủ định của phủ định là sự lặp lại hoàn toàn cái ban đầu. B. Phủ định của phủ định là sự tổng hợp biện chứng của cái khẳng định ban đầu và cái phủ định lần thứ nhất. C. Phủ định của phủ định là sự phủ định trong đó sự xuất hiện cái mới như là kết quả tổng hợp của những yếu tố tích cực trong cái khẳng định ban đầu và trong cái phủ định lần thứ nhất. D. Phủ định của phủ định là sự phủ định trong đó sự xuất hiện cái mới có nội dung toàn diện, phong phú và cao hơn cái khẳng định ban đầu và cái phủ định lần thứ nhất. Đáp án đúng: D. Giải thích:"
mcq_triet_1076,1076,"Câu nào dưới đây trả lời đúng, đầy đủ nhất về Vận động:","Là phương thức tồn tại, thuộc tính cố hữu của vật chất, bao gồm tất cả mọi sự thay đổi và mọi quá trình diễn ra trong vũ trụ, kể từ sự thay đổi vị trí đơn giản cho đến tư duy.","Là phương thức tồn tại của vật chất, bao gồm tất cả mọi sự thay đổi và mọi quá trình diễn ra trong vũ trụ, kể từ sự thay đổi vị trí đơn giản đến vận động tư duy.","Là phương thức tồn tại, thuộc tính cố hữu của vật chất bao gồm mọi sự thay đổi và mọi quá trình diễn ra trong hành tinh của chúng ta kể từ sự thay đổi vị trí giản đơn đến tư duy.","Là phương thức tồn tại, thuộc tính cố hữu của vật chất bao gồm mọi sự thay đổi và mọi quá 216 trình diễn ra trong trái đất của chúng ta, kể từ sự thay đổi vị trí giản đơn đến tư duy.",A,,,"Loại: Trắc nghiệm triết học; Phần: ; Câu 1076: Câu nào dưới đây trả lời đúng, đầy đủ nhất về Vận động: A. Là phương thức tồn tại, thuộc tính cố hữu của vật chất, bao gồm tất cả mọi sự thay đổi và mọi quá trình diễn ra trong vũ trụ, kể từ sự thay đổi vị trí đơn giản cho đến tư duy. B. Là phương thức tồn tại của vật chất, bao gồm tất cả mọi sự thay đổi và mọi quá trình diễn ra trong vũ trụ, kể từ sự thay đổi vị trí đơn giản đến vận động tư duy. C. Là phương thức tồn tại, thuộc tính cố hữu của vật chất bao gồm mọi sự thay đổi và mọi quá trình diễn ra trong hành tinh của chúng ta kể từ sự thay đổi vị trí giản đơn đến tư duy. D. Là phương thức tồn tại, thuộc tính cố hữu của vật chất bao gồm mọi sự thay đổi và mọi quá 216 trình diễn ra trong trái đất của chúng ta, kể từ sự thay đổi vị trí giản đơn đến tư duy. Đáp án đúng: A. Giải thích:"
mcq_triet_1077,1077,Câu nào dưới đây trả lời đúng nhất về mối quan hệ biện chứng giữa Đứng im và Vận động của vật chất:,"Vận động của vật chất là tuyệt đối, còn sự đứng im là tương đối nhằm bảo đảm các dạng cụ thể của vật chất phân hoá trong tồn tại. Đứng im và vận động là một mâu thuẫn biện chứng.","ừng hình thức vận động của vật chất chỉ tồn tại tương đối với đặc trưng của những dạng vật chất cụ thể, còn sự vận động của vật chất là tuyệt đối nói chung, nó chỉ khác nhau mà không có mâu thuẫn.","Các hình thức vận động chuyển hoá cho nhau từ thấp đến cao và ngược lại gây ra sự đứng im là tương đối, sự vận động là một mâu thuẫn biện chứng.",Sự đứng im tương đối và sự vận động là tuyệt đối của vật chất thể hiện sự phân hoá của vật chất về lượng mà không thay đổi về chất.,A,,,"Loại: Trắc nghiệm triết học; Phần: ; Câu 1077: Câu nào dưới đây trả lời đúng nhất về mối quan hệ biện chứng giữa Đứng im và Vận động của vật chất: A. Vận động của vật chất là tuyệt đối, còn sự đứng im là tương đối nhằm bảo đảm các dạng cụ thể của vật chất phân hoá trong tồn tại. Đứng im và vận động là một mâu thuẫn biện chứng. B. ừng hình thức vận động của vật chất chỉ tồn tại tương đối với đặc trưng của những dạng vật chất cụ thể, còn sự vận động của vật chất là tuyệt đối nói chung, nó chỉ khác nhau mà không có mâu thuẫn. C. Các hình thức vận động chuyển hoá cho nhau từ thấp đến cao và ngược lại gây ra sự đứng im là tương đối, sự vận động là một mâu thuẫn biện chứng. D. Sự đứng im tương đối và sự vận động là tuyệt đối của vật chất thể hiện sự phân hoá của vật chất về lượng mà không thay đổi về chất. Đáp án đúng: A. Giải thích:"
mcq_triet_1078,1078,Câu nào dưới đây trả lời đúng nhất về nguồn gốc tự nhiên của Ý thức:,Ý thức con người trực tiếp được hình thành từ quá trình lao động và ngôn ngữ.,"Sự hình thành ý thức con người có 2 nguồn gốc tự nhiên và xã hội, trong đó nguồn gốc xã hội là gián tiếp còn nguồn gốc tự nhiên là trực tiếp hình thành.",Ý thức có hai nguồn gốc: tự nhiên và xã hội. Nguồn gốc xã hội chứng tỏ ý thức con người giống động vật cũng có hệ thần kinh trung ương - não người.,Triết học duy tâm chủ quan cho ý thức con người là tổng hợp của các cảm giác.,A,,,"Loại: Trắc nghiệm triết học; Phần: ; Câu 1078: Câu nào dưới đây trả lời đúng nhất về nguồn gốc tự nhiên của Ý thức: A. Ý thức con người trực tiếp được hình thành từ quá trình lao động và ngôn ngữ. B. Sự hình thành ý thức con người có 2 nguồn gốc tự nhiên và xã hội, trong đó nguồn gốc xã hội là gián tiếp còn nguồn gốc tự nhiên là trực tiếp hình thành. C. Ý thức có hai nguồn gốc: tự nhiên và xã hội. Nguồn gốc xã hội chứng tỏ ý thức con người giống động vật cũng có hệ thần kinh trung ương - não người. D. Triết học duy tâm chủ quan cho ý thức con người là tổng hợp của các cảm giác. Đáp án đúng: A. Giải thích:"
mcq_triet_1079,1079,Xác định câu trả lời đúng nhất về bản chất của Ý thức trong các câu dưới đây:,Là sản phẩm của một dạng vật chất - đó là não người. Não người sinh ra ý thức cũng như mọi sản phẩm vật chất khác do con người tạo ra.,Là hình ảnh chủ quan của thế giới khách quan.,Triết học duy vật siêu hình giải thích bản chất ý thức là sự phản ánh hiện thực khách quan một cách thụ động hoàn toàn giống cái gương soi.,"Là sự phản ánh tích cực, năng động, sáng tạo thế giới khách quan bằng não người.",B,", D là đáp án đúng",,"Loại: Trắc nghiệm triết học; Phần: ; Câu 1079: Xác định câu trả lời đúng nhất về bản chất của Ý thức trong các câu dưới đây: A. Là sản phẩm của một dạng vật chất - đó là não người. Não người sinh ra ý thức cũng như mọi sản phẩm vật chất khác do con người tạo ra. B. Là hình ảnh chủ quan của thế giới khách quan. C. Triết học duy vật siêu hình giải thích bản chất ý thức là sự phản ánh hiện thực khách quan một cách thụ động hoàn toàn giống cái gương soi. D. Là sự phản ánh tích cực, năng động, sáng tạo thế giới khách quan bằng não người. Đáp án đúng: B. Giải thích: , D là đáp án đúng"
mcq_triet_1080,1080,Tìm câu trả lời đúng nhất về mối quan hệ giữa Vật chất và Ý thức trong các câu sau:,"Giới tự nhiên, xã hội có trước và sinh ra ý thức, còn ý thức có sau và phụ thuộc hoàn toàn vào 217 vật chất.","Ý thức được vật chất sinh ra và quyết định, nhưng sau khi ra đời nó tác động tích cực trở lại vật chất thông qua nhận thức và hoạt động thực tiễn.","Không có con người, không có cảm giác của con người thì mọi cái tồn tại ngoài con người đều trở thành không xác định. Vì thế sự tồn tại con người có trước tất cả và quyết định tất cả.",Thế giới trước hết có cái tinh thần. Nó được triển khai do quá trình phát triển theo các quy luật biện chứng thành thế giới vật chất và con người. Con người trở lại tự nhận thức mình cũng là cái tinh thần có đầu tiên trở lại tự nhận thức mình.,B,,,"Loại: Trắc nghiệm triết học; Phần: ; Câu 1080: Tìm câu trả lời đúng nhất về mối quan hệ giữa Vật chất và Ý thức trong các câu sau: A. Giới tự nhiên, xã hội có trước và sinh ra ý thức, còn ý thức có sau và phụ thuộc hoàn toàn vào 217 vật chất. B. Ý thức được vật chất sinh ra và quyết định, nhưng sau khi ra đời nó tác động tích cực trở lại vật chất thông qua nhận thức và hoạt động thực tiễn. C. Không có con người, không có cảm giác của con người thì mọi cái tồn tại ngoài con người đều trở thành không xác định. Vì thế sự tồn tại con người có trước tất cả và quyết định tất cả. D. Thế giới trước hết có cái tinh thần. Nó được triển khai do quá trình phát triển theo các quy luật biện chứng thành thế giới vật chất và con người. Con người trở lại tự nhận thức mình cũng là cái tinh thần có đầu tiên trở lại tự nhận thức mình. Đáp án đúng: B. Giải thích:"
mcq_triet_1081,1081,"Tìm câu trả lời đúng nhất về những điều kiện đảm bảo cho Ý thức có tính năng động, sáng tạo trong những câu sau:","Ý thức chỉ phụ thuộc vật chất khi nó sinh ra (nguồn gốc). Còn khi đã hình thành thì nó không còn phụ thuộc vào vật chất nữa, nó có đời sống riêng. Chỉ khi đó ý thức mới phát huy được tính năng động, sáng tạo.","Sự năng động, sáng tạo của ý thức luôn luôn dựa trên những tiền đề vật chất và hoạt động thực tiễn của con người.","Sáng tạo của ý thức không phụ thuộc vào điều kiện vật chất. Nó hoạt động độc lập, năng động, chủ quan.","Ý thức và vật chất có vai trò ngang nhau, chúng tự thân vận động theo quy luật riêng của chúng.",B,,,"Loại: Trắc nghiệm triết học; Phần: ; Câu 1081: Tìm câu trả lời đúng nhất về những điều kiện đảm bảo cho Ý thức có tính năng động, sáng tạo trong những câu sau: A. Ý thức chỉ phụ thuộc vật chất khi nó sinh ra (nguồn gốc). Còn khi đã hình thành thì nó không còn phụ thuộc vào vật chất nữa, nó có đời sống riêng. Chỉ khi đó ý thức mới phát huy được tính năng động, sáng tạo. B. Sự năng động, sáng tạo của ý thức luôn luôn dựa trên những tiền đề vật chất và hoạt động thực tiễn của con người. C. Sáng tạo của ý thức không phụ thuộc vào điều kiện vật chất. Nó hoạt động độc lập, năng động, chủ quan. D. Ý thức và vật chất có vai trò ngang nhau, chúng tự thân vận động theo quy luật riêng của chúng. Đáp án đúng: B. Giải thích:"
mcq_triet_1082,1082,Tìm câu trả lời đúng nhất về mối quan hệ biện chứng giữa Lượng và Chất của sự vật trong các câu sau:,Sự vật nào cũng có sự thống nhất giữa lượng và chất. Chất và lượng có mâu thuẫn. Sự biến đổi về lượng tích luỹ lại dẫn đến sự biến đổi về chất. Sự biến đổi căn bản về chất tạo ra bước nhảy và chuyển sự vật cũ sang sự vật mới.,Sự biến đổi về chất và lượng không phải mâu thuẫn. Chỉ có sự khác nhau là lượng biến đổi nhanh hơn chất. Bước nhảy chỉ xảy ra khi chất biến đổi căn bản.,"Sự biến đổi về chất nhanh hơn biến đổi về lượng mới tạo ra bước thay đổi căn bản về chất. Chất cũ mất đi, sự vật cũ bị phá vỡ, sự vật mới sinh ra.",Chỉ có sự thay đổi từ lượng đến chất là theo xu hướng tiến lên. Còn sự thay đổi từ chất đến lượng là không thể diễn ra. 218 Đáp án: A là đáp án đúng,,,,"Loại: Trắc nghiệm triết học; Phần: ; Câu 1082: Tìm câu trả lời đúng nhất về mối quan hệ biện chứng giữa Lượng và Chất của sự vật trong các câu sau: A. Sự vật nào cũng có sự thống nhất giữa lượng và chất. Chất và lượng có mâu thuẫn. Sự biến đổi về lượng tích luỹ lại dẫn đến sự biến đổi về chất. Sự biến đổi căn bản về chất tạo ra bước nhảy và chuyển sự vật cũ sang sự vật mới. B. Sự biến đổi về chất và lượng không phải mâu thuẫn. Chỉ có sự khác nhau là lượng biến đổi nhanh hơn chất. Bước nhảy chỉ xảy ra khi chất biến đổi căn bản. C. Sự biến đổi về chất nhanh hơn biến đổi về lượng mới tạo ra bước thay đổi căn bản về chất. Chất cũ mất đi, sự vật cũ bị phá vỡ, sự vật mới sinh ra. D. Chỉ có sự thay đổi từ lượng đến chất là theo xu hướng tiến lên. Còn sự thay đổi từ chất đến lượng là không thể diễn ra. 218 Đáp án: A là đáp án đúng Đáp án đúng: . Giải thích:"
mcq_triet_1083,1083,Tìm câu trả lời đúng nhất về nội dung quy luật Phủ định của phủ định trong các câu sau:,"Là phủ định lần thứ hai, vừa phủ định lại vừa khẳng định lần phủ định thứ nhất, làm cho sự vận động diễn ra theo đường xoáy ốc, sự vật hình như lặp lại cái cũ nhưng trên cơ sở cao hơn.","Là sự phát triển cao hơn, có hình thức đa dạng, phong phú theo đường thẳng, đường xoáy ốc hay đường sin.","Là vừa phủ định và phủ nhận mang nhiều hình thức phong phú, nhiều vẻ như đường tròn, đường xoáy ốc hoặc đường thẳng theo xu hướng tiến lên đến vô cùng.","Là sự khẳng định có tính kế thừa làm cho hình thức phủ định qua nhiều giai đoạn phong phú và được lặp lại theo đường tròn khép kín, đường dích dắc, đường xoáy ốc.",A,,,"Loại: Trắc nghiệm triết học; Phần: ; Câu 1083: Tìm câu trả lời đúng nhất về nội dung quy luật Phủ định của phủ định trong các câu sau: A. Là phủ định lần thứ hai, vừa phủ định lại vừa khẳng định lần phủ định thứ nhất, làm cho sự vận động diễn ra theo đường xoáy ốc, sự vật hình như lặp lại cái cũ nhưng trên cơ sở cao hơn. B. Là sự phát triển cao hơn, có hình thức đa dạng, phong phú theo đường thẳng, đường xoáy ốc hay đường sin. C. Là vừa phủ định và phủ nhận mang nhiều hình thức phong phú, nhiều vẻ như đường tròn, đường xoáy ốc hoặc đường thẳng theo xu hướng tiến lên đến vô cùng. D. Là sự khẳng định có tính kế thừa làm cho hình thức phủ định qua nhiều giai đoạn phong phú và được lặp lại theo đường tròn khép kín, đường dích dắc, đường xoáy ốc. Đáp án đúng: A. Giải thích:"
mcq_triet_1084,1084,Tìm câu trả lời đúng nhất theo quan điểm mác -xít về những nguyên tắc cơ bản của Lý luận nhận thức trong các câu sau:,"Là sự thừa nhận thế giới khách quan tồn tại độc lập với ý thức, có khả năng phản ánh đúng thế giới khách quan vào ý thức con người, là quá trình biện chứng và cơ sở chủ yếu, trực tiếp nhất của nhận thức là thực tiễn.","Là sự thừa nhận thế giới khách quan tồn tại độc lập ngoài ý thức con người, là khả năng nhận thức của con người, đối với con người có nhiều điều không thể biết.","Là quá trình biện chứng, thừa nhận đối tượng nhận thức là khách quan, khả năng nhận thức của con người là có hạn.?","Là thừa nhận đối tượng nhận thức tồn tại khách quan, chủ thể nhận thức là con người có thể nhận thức đúng, quá trình nhận thức diễn ra trực tiếp một lần là hoàn thiện.",A,,,"Loại: Trắc nghiệm triết học; Phần: ; Câu 1084: Tìm câu trả lời đúng nhất theo quan điểm mác -xít về những nguyên tắc cơ bản của Lý luận nhận thức trong các câu sau: A. Là sự thừa nhận thế giới khách quan tồn tại độc lập với ý thức, có khả năng phản ánh đúng thế giới khách quan vào ý thức con người, là quá trình biện chứng và cơ sở chủ yếu, trực tiếp nhất của nhận thức là thực tiễn. B. Là sự thừa nhận thế giới khách quan tồn tại độc lập ngoài ý thức con người, là khả năng nhận thức của con người, đối với con người có nhiều điều không thể biết. C. Là quá trình biện chứng, thừa nhận đối tượng nhận thức là khách quan, khả năng nhận thức của con người là có hạn.? D. Là thừa nhận đối tượng nhận thức tồn tại khách quan, chủ thể nhận thức là con người có thể nhận thức đúng, quá trình nhận thức diễn ra trực tiếp một lần là hoàn thiện. Đáp án đúng: A. Giải thích:"
mcq_triet_1085,1085,Tìm câu trả lời đúng nhất về khả năng nhận thức thế giới hiện thực khách quan của con người trong các câu sau:,"Con người có khả năng nhận thức thế giới hiện thực khách quan, đối với con người không có điều gì là không thể biết, mà chỉ có cái chưa biết. Sự hiểu biết là một quá trình tuân theo các quy luật biện chứng như mâu thuẫn, lượng chất, phủ định của phủ định và những quy luật khác của tư duy.","Con người có khả năng nhận thức thế giới hiện thực khách quan, đối với con người không phải là cái gì cũng biết mà có những cái không thể biết. Sự hiểu biết của con người là quá trình 219 cộng dần những hiểu biết có hạn lại thành cái vô hạn.","Con người có khả năng nhận thức thế giới hiện thực khách quan, đối với con người không có gì là không thể biết chỉ có những cái chưa biết. Sự hiểu biết đó diễn ra bằng con đường tích luỹ dần của từng người cộng lại nhiều lần tạo thành.","Con người không có khả năng nhận thức thế giới hiện thực khách quan, đối với con người có phần nhận thức đúng, có phần không thể hiểu biết đúng được thế giới. Vì thế giới là mênh mông vô hạn. Còn mỗi con người chỉ là có hạn mà thôi.",A,,,"Loại: Trắc nghiệm triết học; Phần: ; Câu 1085: Tìm câu trả lời đúng nhất về khả năng nhận thức thế giới hiện thực khách quan của con người trong các câu sau: A. Con người có khả năng nhận thức thế giới hiện thực khách quan, đối với con người không có điều gì là không thể biết, mà chỉ có cái chưa biết. Sự hiểu biết là một quá trình tuân theo các quy luật biện chứng như mâu thuẫn, lượng chất, phủ định của phủ định và những quy luật khác của tư duy. B. Con người có khả năng nhận thức thế giới hiện thực khách quan, đối với con người không phải là cái gì cũng biết mà có những cái không thể biết. Sự hiểu biết của con người là quá trình 219 cộng dần những hiểu biết có hạn lại thành cái vô hạn. C. Con người có khả năng nhận thức thế giới hiện thực khách quan, đối với con người không có gì là không thể biết chỉ có những cái chưa biết. Sự hiểu biết đó diễn ra bằng con đường tích luỹ dần của từng người cộng lại nhiều lần tạo thành. D. Con người không có khả năng nhận thức thế giới hiện thực khách quan, đối với con người có phần nhận thức đúng, có phần không thể hiểu biết đúng được thế giới. Vì thế giới là mênh mông vô hạn. Còn mỗi con người chỉ là có hạn mà thôi. Đáp án đúng: A. Giải thích:"
mcq_triet_1086,1086,Câu nào dưới đây trả lời đúng nhất về những tính chất của Chân lý:,"Chân lý có tính cụ thể, có nội dung khách quan, vừa có tính tuyệt đối, vừa có tính tương đối.","Không có chân lý trừu tượng, chân lý có hình thức chủ quan, nội dung khách quan, không có tính tương đối vì chân lý luôn luôn đúng trong mọi hoàn cảnh.","Chân lý có nội dung khách quan, hình thức chủ quan, chân lý có tính trừu tượng cao siêu, chân lý còn có tính tuyệt đối và tính tương đối.","Chân lý có hình thức chủ quan và nội dung khách quan, chân lý bao giờ cũng cụ thể, chỉ có chân lý tương đối, không có chân lý tuyệt đối vì thực tiễn luôn luôn biến đổi và nhận thức con người là có hạn.",A,,"phần nhận thức đúng, có phần không thể hiểu biết đúng được thế giới. Vì thế giới là mênh mông","Loại: Trắc nghiệm triết học; Phần: phần nhận thức đúng, có phần không thể hiểu biết đúng được thế giới. Vì thế giới là mênh mông; Câu 1086: Câu nào dưới đây trả lời đúng nhất về những tính chất của Chân lý: A. Chân lý có tính cụ thể, có nội dung khách quan, vừa có tính tuyệt đối, vừa có tính tương đối. B. Không có chân lý trừu tượng, chân lý có hình thức chủ quan, nội dung khách quan, không có tính tương đối vì chân lý luôn luôn đúng trong mọi hoàn cảnh. C. Chân lý có nội dung khách quan, hình thức chủ quan, chân lý có tính trừu tượng cao siêu, chân lý còn có tính tuyệt đối và tính tương đối. D. Chân lý có hình thức chủ quan và nội dung khách quan, chân lý bao giờ cũng cụ thể, chỉ có chân lý tương đối, không có chân lý tuyệt đối vì thực tiễn luôn luôn biến đổi và nhận thức con người là có hạn. Đáp án đúng: A. Giải thích:"
mcq_triet_1087,1087,Tìm câu trả lời đúng nhất về ý nghĩa phương pháp luận của quy luật Phủ định của phủ định trong các câu sau:,"Phủ định của phủ định là quá trình cái cũ mất đi, cái mới hợp quy luật ra đời. Cần có thái độ tích cực ủng hộ, giúp đỡ, bảo vệ cái mới và kiên quyết từ bỏ cái cũ lỗi thời. Cái mới ra đời thường gặp nhiều khó khăn, trở ngại.","Phủ định của phủ định là quá trình cái mới ra đời. Cần có thái độ giúp đỡ, ủng hộ, bảo vệ cái mới. Vì khi nó ra đời thường gặp nhiều khó khăn.","Phủ định của phủ định là làm cho cái cũ mất đi, cái mới ra đời phù hợp quy luật. Cần phải xây dựng thái độ ủng hộ, giúp đỡ, phê phán cái mới.","Phủ định của phủ định là quá trình cái cũ mất đi, cái mới ra đời hợp quy luật. Cần có nhận thức đúng về vai trò tích cực, tiến bộ của cái mới. Đáp án: A là đáp án đúng",,,"phần nhận thức đúng, có phần không thể hiểu biết đúng được thế giới. Vì thế giới là mênh mông","Loại: Trắc nghiệm triết học; Phần: phần nhận thức đúng, có phần không thể hiểu biết đúng được thế giới. Vì thế giới là mênh mông; Câu 1087: Tìm câu trả lời đúng nhất về ý nghĩa phương pháp luận của quy luật Phủ định của phủ định trong các câu sau: A. Phủ định của phủ định là quá trình cái cũ mất đi, cái mới hợp quy luật ra đời. Cần có thái độ tích cực ủng hộ, giúp đỡ, bảo vệ cái mới và kiên quyết từ bỏ cái cũ lỗi thời. Cái mới ra đời thường gặp nhiều khó khăn, trở ngại. B. Phủ định của phủ định là quá trình cái mới ra đời. Cần có thái độ giúp đỡ, ủng hộ, bảo vệ cái mới. Vì khi nó ra đời thường gặp nhiều khó khăn. C. Phủ định của phủ định là làm cho cái cũ mất đi, cái mới ra đời phù hợp quy luật. Cần phải xây dựng thái độ ủng hộ, giúp đỡ, phê phán cái mới. D. Phủ định của phủ định là quá trình cái cũ mất đi, cái mới ra đời hợp quy luật. Cần có nhận thức đúng về vai trò tích cực, tiến bộ của cái mới. Đáp án: A là đáp án đúng Đáp án đúng: . Giải thích:"
mcq_triet_1088,1088,"Tìm câu trả lời đúng nhất về quan hệ biện chứng giữa Lượng và Chất trong các câu sau: 220 A. Lượng - chất có quan hệ biện chứng. Phải kiên trì tích luỹ về lượng mới có sự thay đổi về chất, tạo ra bước ngoặt. Không được nóng vội, chủ quan, duy ý chí, đốt cháy giai đoạn. Ngược lại, chỉ có thay đổi căn bản về chất mới chuyển được cái cũ sang cái mới. B. Lượng - chất có quan hệ biện chứng. Không được nóng vội, chủ quan, duy ý chí khi chưa tích luỹ được lượng cần thiết. Nhưng đôi khi chưa tích luỹ đủ lượng cũng phải thay đổi về chất. C. Lượng - chất có quan hệ biện chứng. Không được nóng vội, chủ quan, duy ý chí khi lượng đã được tích luỹ đầy đủ. D. Phải kiên quyết, không chần chừ, do dự, thay đổi về chất khi lượng đã được tích luỹ đủ. Đáp án: A là đáp án đúng Câu 1089: Xác định quan niệm siêu hình về Chân lý trong các câu sau:","Nội dung chân lý có tính khách quan, còn hình thức biểu hiện chân lý thì mang tính chủ quan.","Chân lý bao giờ cũng cụ thể, không có chân lý trừu tượng.",Chân lý không bao giờ chuyển hoá thành sai lầm.,Chân lý là kiến thức đúng đắn được thực tiễn kiểm nghiệm.,A,,"phần nhận thức đúng, có phần không thể hiểu biết đúng được thế giới. Vì thế giới là mênh mông","Loại: Trắc nghiệm triết học; Phần: phần nhận thức đúng, có phần không thể hiểu biết đúng được thế giới. Vì thế giới là mênh mông; Câu 1088: Tìm câu trả lời đúng nhất về quan hệ biện chứng giữa Lượng và Chất trong các câu sau: 220 A. Lượng - chất có quan hệ biện chứng. Phải kiên trì tích luỹ về lượng mới có sự thay đổi về chất, tạo ra bước ngoặt. Không được nóng vội, chủ quan, duy ý chí, đốt cháy giai đoạn. Ngược lại, chỉ có thay đổi căn bản về chất mới chuyển được cái cũ sang cái mới. B. Lượng - chất có quan hệ biện chứng. Không được nóng vội, chủ quan, duy ý chí khi chưa tích luỹ được lượng cần thiết. Nhưng đôi khi chưa tích luỹ đủ lượng cũng phải thay đổi về chất. C. Lượng - chất có quan hệ biện chứng. Không được nóng vội, chủ quan, duy ý chí khi lượng đã được tích luỹ đầy đủ. D. Phải kiên quyết, không chần chừ, do dự, thay đổi về chất khi lượng đã được tích luỹ đủ. Đáp án: A là đáp án đúng Câu 1089: Xác định quan niệm siêu hình về Chân lý trong các câu sau: A. Nội dung chân lý có tính khách quan, còn hình thức biểu hiện chân lý thì mang tính chủ quan. B. Chân lý bao giờ cũng cụ thể, không có chân lý trừu tượng. C. Chân lý không bao giờ chuyển hoá thành sai lầm. D. Chân lý là kiến thức đúng đắn được thực tiễn kiểm nghiệm. Đáp án đúng: A. Giải thích:"
mcq_triet_1090,1090,Hãy xác định nhận định về chủ trương có tính Duy tâm chủ quan trong các nhận định sau:,"Đại hội VIII năm 1996 nhận định: Nhiệm vụ chuẩn bị các tiền đề cho công nghiệp hoá đã cơ bản hoàn thành, cho phép chuyển sang thời kì mới đẩy mạnh công nghiệp hoá, hiện đại hoá đất nước.","Đại hội IX năm 2001 chủ trương: trước hết phải phát triển mạnh lực lượng sản xuất, rồi tuỳ theo trình độ phát triển của lực lượng sản xuất mà quan hệ sản xuất từng bước được cải tiến theo cho phù hợp.","Trong điều kiện lực lượng sản xuất phát triển không đồng đều như ở nước ta hiện nay, chúng ta chủ trương thực hiện nhiều loại hình sở hữu, do đó tồn tại nhiều thành phần kinh tế.","Trong 5 năm (1976 - 1980) khi bố trí cơ cấu kinh tế, các nhà lãnh đạo nước ta thường xuất phát từ lòng mong muốn đi nhanh, không tính tới điều kiện và khả năng thực tế của đất nước.",D,,,"Loại: Trắc nghiệm triết học; Phần: ; Câu 1090: Hãy xác định nhận định về chủ trương có tính Duy tâm chủ quan trong các nhận định sau: A. Đại hội VIII năm 1996 nhận định: Nhiệm vụ chuẩn bị các tiền đề cho công nghiệp hoá đã cơ bản hoàn thành, cho phép chuyển sang thời kì mới đẩy mạnh công nghiệp hoá, hiện đại hoá đất nước. B. Đại hội IX năm 2001 chủ trương: trước hết phải phát triển mạnh lực lượng sản xuất, rồi tuỳ theo trình độ phát triển của lực lượng sản xuất mà quan hệ sản xuất từng bước được cải tiến theo cho phù hợp. C. Trong điều kiện lực lượng sản xuất phát triển không đồng đều như ở nước ta hiện nay, chúng ta chủ trương thực hiện nhiều loại hình sở hữu, do đó tồn tại nhiều thành phần kinh tế. D. Trong 5 năm (1976 - 1980) khi bố trí cơ cấu kinh tế, các nhà lãnh đạo nước ta thường xuất phát từ lòng mong muốn đi nhanh, không tính tới điều kiện và khả năng thực tế của đất nước. Đáp án đúng: D. Giải thích:"
mcq_triet_1091,1091,Hãy xác định đáp án đúng về cấu trúc của cơ sở hạ tầng trong các đáp án sau:,"Bao gồm quan hệ sản xuất thống trị, quan hệ sản xuất tàn dư, quan hệ sản xuất mầm mống. Trong đó quan hệ sản xuất thống trị là đặc trưng cho cơ sở hạ tầng của xã hội đó.","Bao gồm quan hệ sản xuất thống trị, quan hệ sản xuất tàn dư, quan hệ sản xuất mầm mống. 221 Trong đó quan hệ sản xuất mầm mống đặc trưng cho cơ sở hạ tầng của xã hội đó.","Bao gồm lực lượng sản xuất, quan hệ sản xuất và hoàn cảnh địa lý tự nhiên","Bao gồm hệ thống điện, đường, trường, trạm",A,,,"Loại: Trắc nghiệm triết học; Phần: ; Câu 1091: Hãy xác định đáp án đúng về cấu trúc của cơ sở hạ tầng trong các đáp án sau: A. Bao gồm quan hệ sản xuất thống trị, quan hệ sản xuất tàn dư, quan hệ sản xuất mầm mống. Trong đó quan hệ sản xuất thống trị là đặc trưng cho cơ sở hạ tầng của xã hội đó. B. Bao gồm quan hệ sản xuất thống trị, quan hệ sản xuất tàn dư, quan hệ sản xuất mầm mống. 221 Trong đó quan hệ sản xuất mầm mống đặc trưng cho cơ sở hạ tầng của xã hội đó. C. Bao gồm lực lượng sản xuất, quan hệ sản xuất và hoàn cảnh địa lý tự nhiên D. Bao gồm hệ thống điện, đường, trường, trạm Đáp án đúng: A. Giải thích:"
mcq_triet_1092,1092,Luận điểm: “Cơ sở kinh tế thay đổi thì toàn bộ cái kiến trúc thượng tầng đồ sộ cũng bị đảo lộn ít nhiều nhanh chóng ” thuộc lập trường triết học nào?,Chủ nghĩa duy vật lịch sử,Chủ nghĩa duy vật tầm thường,Chủ nghĩa duy tâm lịch sử,Chủ nghĩa duy tâm chủ quan,A,,,Loại: Trắc nghiệm triết học; Phần: ; Câu 1092: Luận điểm: “Cơ sở kinh tế thay đổi thì toàn bộ cái kiến trúc thượng tầng đồ sộ cũng bị đảo lộn ít nhiều nhanh chóng ” thuộc lập trường triết học nào? A. Chủ nghĩa duy vật lịch sử B. Chủ nghĩa duy vật tầm thường C. Chủ nghĩa duy tâm lịch sử D. Chủ nghĩa duy tâm chủ quan Đáp án đúng: A. Giải thích:
mcq_triet_1093,1093,Xác định lập trường duy vật lịch sử về mối quan hệ giữa cơ sở hạ tầng và kiến trúc thượng tầng trong các đáp án sau:,Quy luật về mối quan hệ biện chứng giữa cơ sở hạ tầng và kiến trúc thượng tầng là cơ sở khoa học cho việc nhận thức một cách đúng đắn mối quan hệ giữa văn hóa và xã hội.,Quy luật về mối quan hệ biện chứng giữa cơ sở hạ tầng và kiến trúc thượng tầng là cơ sở khoa học cho việc nhận thức một cách đúng đắn mối quan hệ giữa kinh tế và chính trị.,Quy luật về mối quan hệ biện chứng giữa cơ sở hạ tầng và kiến trúc thượng tầng là cơ sở khoa học cho việc nhận thức một cách đúng đắn mối quan hệ giữa tôn giáo và nghệ thuật.,Quy luật về mối quan hệ biện chứng giữa cơ sở hạ tầng và kiến trúc thượng tầng là cơ sở khoa học cho việc nhận thức một cách đúng đắn mối quan hệ giữa đạo đức và pháp quyền.,B,,,Loại: Trắc nghiệm triết học; Phần: ; Câu 1093: Xác định lập trường duy vật lịch sử về mối quan hệ giữa cơ sở hạ tầng và kiến trúc thượng tầng trong các đáp án sau: A. Quy luật về mối quan hệ biện chứng giữa cơ sở hạ tầng và kiến trúc thượng tầng là cơ sở khoa học cho việc nhận thức một cách đúng đắn mối quan hệ giữa văn hóa và xã hội. B. Quy luật về mối quan hệ biện chứng giữa cơ sở hạ tầng và kiến trúc thượng tầng là cơ sở khoa học cho việc nhận thức một cách đúng đắn mối quan hệ giữa kinh tế và chính trị. C. Quy luật về mối quan hệ biện chứng giữa cơ sở hạ tầng và kiến trúc thượng tầng là cơ sở khoa học cho việc nhận thức một cách đúng đắn mối quan hệ giữa tôn giáo và nghệ thuật. D. Quy luật về mối quan hệ biện chứng giữa cơ sở hạ tầng và kiến trúc thượng tầng là cơ sở khoa học cho việc nhận thức một cách đúng đắn mối quan hệ giữa đạo đức và pháp quyền. Đáp án đúng: B. Giải thích:
mcq_triet_1094,1094,Tìm luận điểm viết sai về đặc trưng cơ bản của giai cấp trong các luận điểm sau:,Giai cấp là những tập đoàn người có địa vị kinh tế - xã hội khác nhau trong một hệ thống sản xuất xã hội nhất định trong lịch sử.,Dấu hiệu chủ yếu quy đinh địa vị kinh tế -xã hội của các giai cấp là các mối quan hệ kinh tế - vật chất giữa các tập đoàn người trong phương thức sản xuất.,"Thực chất của quan hệ giai cấp là quan hệ giữa bóc lột và bị bóc lột, là tập đoàn người này chiếm đoạt lao động của tập đoàn người khác do đối lập về địa vị trong một chế độ kinh tế - xã hội nhất định.",Giai cấp là những tập đoàn người có địa vị văn hóa - xã hội khác nhau trong một hệ thống sản xuất xã hội nhất định trong lịch sử. 222 Đáp án: D là đáp án đúng,,,,"Loại: Trắc nghiệm triết học; Phần: ; Câu 1094: Tìm luận điểm viết sai về đặc trưng cơ bản của giai cấp trong các luận điểm sau: A. Giai cấp là những tập đoàn người có địa vị kinh tế - xã hội khác nhau trong một hệ thống sản xuất xã hội nhất định trong lịch sử. B. Dấu hiệu chủ yếu quy đinh địa vị kinh tế -xã hội của các giai cấp là các mối quan hệ kinh tế - vật chất giữa các tập đoàn người trong phương thức sản xuất. C. Thực chất của quan hệ giai cấp là quan hệ giữa bóc lột và bị bóc lột, là tập đoàn người này chiếm đoạt lao động của tập đoàn người khác do đối lập về địa vị trong một chế độ kinh tế - xã hội nhất định. D. Giai cấp là những tập đoàn người có địa vị văn hóa - xã hội khác nhau trong một hệ thống sản xuất xã hội nhất định trong lịch sử. 222 Đáp án: D là đáp án đúng Đáp án đúng: . Giải thích:"
mcq_triet_1095,1095,Tìm đáp án thiếu chính xác về đặc trưng của dân tộc trong các đáp án sau:,Dân tộc là một cộng đồng người ổn định trên một lãnh thổ thống nhất.,Dân tộc là một cộng đồng thống nhất về ngôn ngữ.,Dân tộc là một cộng đồng thống nhất về kinh tế.,"Dân tộc là một cộng đồng bền vững về tình cảm, lối sống",D,,,"Loại: Trắc nghiệm triết học; Phần: ; Câu 1095: Tìm đáp án thiếu chính xác về đặc trưng của dân tộc trong các đáp án sau: A. Dân tộc là một cộng đồng người ổn định trên một lãnh thổ thống nhất. B. Dân tộc là một cộng đồng thống nhất về ngôn ngữ. C. Dân tộc là một cộng đồng thống nhất về kinh tế. D. Dân tộc là một cộng đồng bền vững về tình cảm, lối sống Đáp án đúng: D. Giải thích:"
mcq_triet_1096,1096,"Luận điểm:“Sự phát triển của chính trị, pháp luật, triết học, tôn giáo, văn học, nghệ thuật, v.v. đều dựa trên cơ sở phát triển kinh tế. Nhưng tất cả chúng cũng có ảnh hưởng lẫn nhau và ảnh hưởng đến cơ sở kinh tế” thuộc lập trường triết học nào?",Chủ nghĩa duy vật lịch sử,Chủ nghĩa duy tâm lịch sử,Chủ nghĩa duy tâm chủ quan,Chủ nghĩa duy kinh tế,A,,,"Loại: Trắc nghiệm triết học; Phần: ; Câu 1096: Luận điểm:“Sự phát triển của chính trị, pháp luật, triết học, tôn giáo, văn học, nghệ thuật, v.v. đều dựa trên cơ sở phát triển kinh tế. Nhưng tất cả chúng cũng có ảnh hưởng lẫn nhau và ảnh hưởng đến cơ sở kinh tế” thuộc lập trường triết học nào? A. Chủ nghĩa duy vật lịch sử B. Chủ nghĩa duy tâm lịch sử C. Chủ nghĩa duy tâm chủ quan D. Chủ nghĩa duy kinh tế Đáp án đúng: A. Giải thích:"
mcq_triet_1097,1097,Phát hiện đáp án sai về con người theo quan điểm của chủ nghĩa Mác Lênin?,Con người là thực thể sinh học - xã hội,Con người là sản phẩm của lịch sử và của chính bản thân con người,"Con người vừa là chủ thể của lịch sử, vừa là sản phẩm của lịch sử",Con người là sản phẩm của thượng đế,D,,,"Loại: Trắc nghiệm triết học; Phần: ; Câu 1097: Phát hiện đáp án sai về con người theo quan điểm của chủ nghĩa Mác Lênin? A. Con người là thực thể sinh học - xã hội B. Con người là sản phẩm của lịch sử và của chính bản thân con người C. Con người vừa là chủ thể của lịch sử, vừa là sản phẩm của lịch sử D. Con người là sản phẩm của thượng đế Đáp án đúng: D. Giải thích:"
mcq_triet_1098,1098,Phát hi ện đáp án sai về sự phát triển?,"Phát triển là quá trình vận động từ thấp đến cao, từ kém hoàn thiện đến hoàn thiện hơn, từ chất cũ đến chất mới ở trình độ cao hơn.","Phát triển là sự tăng lên hoặc giảm đi về mặt lượng, chỉ là sự tuần hoàn, lặp đi, lặp lại mà không có sự thay đổi về chất.",Phát triển là vận động nhưng không phải mọi vận động đều là phát triển.,"Đặc điểm chung của sự phát triển là tính tiến lên theo đường xoáy ốc, có kế thừa, có sự d¬ường như lặp lại sự vật, hiện tượng cũ nhưng trên cơ sở cao hơn.",B,,,"Loại: Trắc nghiệm triết học; Phần: ; Câu 1098: Phát hi ện đáp án sai về sự phát triển? A. Phát triển là quá trình vận động từ thấp đến cao, từ kém hoàn thiện đến hoàn thiện hơn, từ chất cũ đến chất mới ở trình độ cao hơn. B. Phát triển là sự tăng lên hoặc giảm đi về mặt lượng, chỉ là sự tuần hoàn, lặp đi, lặp lại mà không có sự thay đổi về chất. C. Phát triển là vận động nhưng không phải mọi vận động đều là phát triển. D. Đặc điểm chung của sự phát triển là tính tiến lên theo đường xoáy ốc, có kế thừa, có sự d¬ường như lặp lại sự vật, hiện tượng cũ nhưng trên cơ sở cao hơn. Đáp án đúng: B. Giải thích:"
mcq_triet_1099,1099,Phát hiện đáp án sai về nhận thức trong các đáp án sau:,"Nhận thức là quá trình phản ánh hiện thực khách quan, là quá trình tạo thành tri thức về thế 223 giới khách quan trong bộ óc con người",Nhận thức là quá trình tác động biện chứng giữa chủ thể nhận thức và khách thể nhận thức trên cơ sở hoạt động thực tiễn của con người.,"Nhận thức là quá trình phản ánh hiện thực khách quan một cách tích cực, chủ động, sáng tạo bởi con người trên cơ sở thực tiễn mang tính lịch sử cụ thể.",Nhận thức là quá trình phản ánh hiện thực khách quan một cách thụ động của con người trên cơ sở thực tiễn mang tính lịch sử cụ thể.,D,,,"Loại: Trắc nghiệm triết học; Phần: ; Câu 1099: Phát hiện đáp án sai về nhận thức trong các đáp án sau: A. Nhận thức là quá trình phản ánh hiện thực khách quan, là quá trình tạo thành tri thức về thế 223 giới khách quan trong bộ óc con người B. Nhận thức là quá trình tác động biện chứng giữa chủ thể nhận thức và khách thể nhận thức trên cơ sở hoạt động thực tiễn của con người. C. Nhận thức là quá trình phản ánh hiện thực khách quan một cách tích cực, chủ động, sáng tạo bởi con người trên cơ sở thực tiễn mang tính lịch sử cụ thể. D. Nhận thức là quá trình phản ánh hiện thực khách quan một cách thụ động của con người trên cơ sở thực tiễn mang tính lịch sử cụ thể. Đáp án đúng: D. Giải thích:"
mcq_triet_1100,1100,Câu nào dưới đây thể hiện quan điểm Duy tâm về vai trò của Ý thức:,Ý thức tự nó chỉ làm thay đổi tư tưởng. Như vậy ý thức hoàn toàn không có tác dụng gì đối với thực tiễn.,Ý thức là phản ánh sáng tạo thực tại khách quan và đồng thời có tác động trở lại mạnh mẽ thực tại đó thông qua hoạt động thực tiễn của con người.,"Ý thức là cái phụ thuộc vào nguồn gốc sinh ra nó. Vì thế chỉ có vật chất mới là cái năng động, tích cực","Ý thức là cái quyết định vật chất . Vật chất chỉ là cái thụ động, phụ thuộc về ý thức.",D,,,"Loại: Trắc nghiệm triết học; Phần: ; Câu 1100: Câu nào dưới đây thể hiện quan điểm Duy tâm về vai trò của Ý thức: A. Ý thức tự nó chỉ làm thay đổi tư tưởng. Như vậy ý thức hoàn toàn không có tác dụng gì đối với thực tiễn. B. Ý thức là phản ánh sáng tạo thực tại khách quan và đồng thời có tác động trở lại mạnh mẽ thực tại đó thông qua hoạt động thực tiễn của con người. C. Ý thức là cái phụ thuộc vào nguồn gốc sinh ra nó. Vì thế chỉ có vật chất mới là cái năng động, tích cực D. Ý thức là cái quyết định vật chất . Vật chất chỉ là cái thụ động, phụ thuộc về ý thức. Đáp án đúng: D. Giải thích:"
mcq_triet_1101,1101,"Câu nào dưới đây trả lời đúng, ngắn gọn và rõ nhất về Sự phát triển theo Phép biện chứng duy vật:",Là xu hướng vận động làm nảy sinh cái mới.,"Là xu hướng thống trị của thế giới, tiến lên từ đơn giản đến phức tạp, từ thấp đến cao, từ kém hoàn thiện đến hoàn thiện hơn theo những quy luật nhất định.",Là xu hướng vận động tiến lên.,"Là xu hướng vận động làm cho sự vật, hiện tượng tăng lên chỉ về khối lượng, thể tích, quy mô, trọng lượng, kích thước.",A,,,"Loại: Trắc nghiệm triết học; Phần: ; Câu 1101: Câu nào dưới đây trả lời đúng, ngắn gọn và rõ nhất về Sự phát triển theo Phép biện chứng duy vật: A. Là xu hướng vận động làm nảy sinh cái mới. B. Là xu hướng thống trị của thế giới, tiến lên từ đơn giản đến phức tạp, từ thấp đến cao, từ kém hoàn thiện đến hoàn thiện hơn theo những quy luật nhất định. C. Là xu hướng vận động tiến lên. D. Là xu hướng vận động làm cho sự vật, hiện tượng tăng lên chỉ về khối lượng, thể tích, quy mô, trọng lượng, kích thước. Đáp án đúng: A. Giải thích:"
mcq_triet_1102,1102,Xác định câu trả lời đúng và đầy đủ nhất về Thực tiễn:,"Là toàn bộ những hoạt động của con người có tính vật chất, tính mục đích, tính xã hội - lịch sử làm biến đổi tự nhiên, xã hội theo hướng tích cực, tiến bộ, trong đó sản xuất vật chất là thực tiễn cơ bản nhất.","Là toàn bộ những hoạt động của con người có tính mục đích, tính xã hội - lịch sử làm biến đổi tự nhiên, xã hội theo hướng tích cực, tiến bộ, trong đó sản xuất vật chất là thực tiễn cơ bản nhất. 224 C. Là toàn bộ những hoạt động của con người có tính mục đích, tính vật chất, làm biến đổi tự nhiên - xã hội theo hướng tích cực, trong đó sản xuất vật chất là thực tiễn cơ bản nhất.",,"Là toàn bộ những hoạt động của con người có tính mục đích, tính vật chất, tính lịch sử - xã hội, trong đó sản xuất tinh thần là thực tiễn cơ bản nhất.",A,,,"Loại: Trắc nghiệm triết học; Phần: ; Câu 1102: Xác định câu trả lời đúng và đầy đủ nhất về Thực tiễn: A. Là toàn bộ những hoạt động của con người có tính vật chất, tính mục đích, tính xã hội - lịch sử làm biến đổi tự nhiên, xã hội theo hướng tích cực, tiến bộ, trong đó sản xuất vật chất là thực tiễn cơ bản nhất. B. Là toàn bộ những hoạt động của con người có tính mục đích, tính xã hội - lịch sử làm biến đổi tự nhiên, xã hội theo hướng tích cực, tiến bộ, trong đó sản xuất vật chất là thực tiễn cơ bản nhất. 224 C. Là toàn bộ những hoạt động của con người có tính mục đích, tính vật chất, làm biến đổi tự nhiên - xã hội theo hướng tích cực, trong đó sản xuất vật chất là thực tiễn cơ bản nhất. C.  D. Là toàn bộ những hoạt động của con người có tính mục đích, tính vật chất, tính lịch sử - xã hội, trong đó sản xuất tinh thần là thực tiễn cơ bản nhất. Đáp án đúng: A. Giải thích:"
mcq_triet_1103,1103,Xác định quan niệm sai về Chân lý trong các câu sau:,Nội dung chân lý là chủ quan vì nó do đầu óc con người tạo ra.,"Chân lý bao giờ cũng cụ thể, không có chân lý trừu tượng.",Có thể hiểu chân lý cũng là sự phù hợp giữa chủ quan với khách quan.,Chân lý là kiến thức đúng đắn được thực tiễn kiểm nghiệm.,A,,,"Loại: Trắc nghiệm triết học; Phần: ; Câu 1103: Xác định quan niệm sai về Chân lý trong các câu sau: A. Nội dung chân lý là chủ quan vì nó do đầu óc con người tạo ra. B. Chân lý bao giờ cũng cụ thể, không có chân lý trừu tượng. C. Có thể hiểu chân lý cũng là sự phù hợp giữa chủ quan với khách quan. D. Chân lý là kiến thức đúng đắn được thực tiễn kiểm nghiệm. Đáp án đúng: A. Giải thích:"
mcq_triet_1104,1104,Tìm câu trả lời đúng nhất về mối quan hệ biện chứng giữa Bản chất và Hiện tượng:,"Hiện tượng biểu hiện ra bên ngoài của bản chất, thường làm sai lệch bản chất nên tốt nhất là nhận thức, hành động đi thẳng vào bản chất sẽ tránh được sai lầm.","Phương pháp nhận thức đúng là đi từ hiện tượng đến bản chất, đi từ bản chất ít sâu sắc đến bản chất sâu sắc hơn, không nhầm lẫn hiện tượng với bản chất.","Nhận thức và hành động của con người không thể đạt tới bản chất của sự vật vì nó bị vô số hiện tượng bao bọc bên ngoài, trong đó lại có những hiện tượng làm sai lạc, xuyên tạc bản chất.","Chỉ có bản chất mới là mối quan hệ khách quan, còn hiện tượng là mối quan hệ chủ quan do tác động tiêu cực của con người tạo ra làm sai lạc bản chất. Nên muốn nhận thức đúng bản chất, con người đi thẳng vào tìm hiểu và nắm lấy bản chất sẽ tránh được sai lầm.",B,,,"Loại: Trắc nghiệm triết học; Phần: ; Câu 1104: Tìm câu trả lời đúng nhất về mối quan hệ biện chứng giữa Bản chất và Hiện tượng: A. Hiện tượng biểu hiện ra bên ngoài của bản chất, thường làm sai lệch bản chất nên tốt nhất là nhận thức, hành động đi thẳng vào bản chất sẽ tránh được sai lầm. B. Phương pháp nhận thức đúng là đi từ hiện tượng đến bản chất, đi từ bản chất ít sâu sắc đến bản chất sâu sắc hơn, không nhầm lẫn hiện tượng với bản chất. C. Nhận thức và hành động của con người không thể đạt tới bản chất của sự vật vì nó bị vô số hiện tượng bao bọc bên ngoài, trong đó lại có những hiện tượng làm sai lạc, xuyên tạc bản chất. D. Chỉ có bản chất mới là mối quan hệ khách quan, còn hiện tượng là mối quan hệ chủ quan do tác động tiêu cực của con người tạo ra làm sai lạc bản chất. Nên muốn nhận thức đúng bản chất, con người đi thẳng vào tìm hiểu và nắm lấy bản chất sẽ tránh được sai lầm. Đáp án đúng: B. Giải thích:"
mcq_triet_1105,1105,Tìm câu thể hiện đúng nhất về ý nghĩa phương pháp luận của mối quan hệ giữa Nội dung và Hình thức trong các câu sau:,"Trong nhận thức và hành động không được tách rời hoặc tuyệt đối hoá một mặt nội dung hay hình thức. Phải coi trọng nội dung đồng thời phải chú trọng thích đáng tới hình thức, bảo đảm cho nội dung có một hình thức phù hợp nhất. Khi một trong chúng đã tỏ ra lỗi thời thì phải thay đổi cho phù hợp.","Trong nhận thức và hành động không được tách rời, tuyệt đối hoá một mặt nội dung hay hình thức. Trước hết phải chú trọng vai trò quyết định của hình thức đồng thời coi trọng nội dung. Khi một trong chúng đã lỗi thời thì phải thay đổi cho phù hợp, chống chủ nghĩa hình thức.","Trong nhận thức và hành động không được tách rời, tuyệt đối hoá một mặt nội dung hay hình 225 thức. Trước hết phải chú trọng vai trò quyết định của nội dung.",Trong nhận thức và hành động không được tuyệt đối hoá một mặt nội dung hay hình thức.,A,,,"Loại: Trắc nghiệm triết học; Phần: ; Câu 1105: Tìm câu thể hiện đúng nhất về ý nghĩa phương pháp luận của mối quan hệ giữa Nội dung và Hình thức trong các câu sau: A. Trong nhận thức và hành động không được tách rời hoặc tuyệt đối hoá một mặt nội dung hay hình thức. Phải coi trọng nội dung đồng thời phải chú trọng thích đáng tới hình thức, bảo đảm cho nội dung có một hình thức phù hợp nhất. Khi một trong chúng đã tỏ ra lỗi thời thì phải thay đổi cho phù hợp. B. Trong nhận thức và hành động không được tách rời, tuyệt đối hoá một mặt nội dung hay hình thức. Trước hết phải chú trọng vai trò quyết định của hình thức đồng thời coi trọng nội dung. Khi một trong chúng đã lỗi thời thì phải thay đổi cho phù hợp, chống chủ nghĩa hình thức. C. Trong nhận thức và hành động không được tách rời, tuyệt đối hoá một mặt nội dung hay hình 225 thức. Trước hết phải chú trọng vai trò quyết định của nội dung. D. Trong nhận thức và hành động không được tuyệt đối hoá một mặt nội dung hay hình thức. Đáp án đúng: A. Giải thích:"
mcq_triet_1106,1106,Tìm câu thể hiện quan điểm Siêu hình về quan hệ biện chứng giữa Nguyên nhân -Kết quả trong các câu sau:,"Trong những điều kiện xác định, nguyên nhân có trước kết quả, một nguyên nhân sinh ra nhiều kết quả và ngược lại, nguyên nhân và kết quả có thể chuyển hoá cho nhau.","Trong điều kiện xác định, nguyên nhân có trước kết quả, một nguyên nhân chỉ sinh ra một kết quả và ngược lại, nguyên nhân và kết quả không thể chuyển hoá cho nhau.","Trong điều kiện xác định, nguyên nhân có sau kết quả. Một nguyên nhân có thể sinh ra nhiều kết quả và ngược lại. Nguyên nhân và kết quả có thể chuyển hoá cho nhau.","Trong điều kiện xác định, nguyên nhân có trước kết quả, một nguyên nhân sinh ra nhiều kết quả và ngược lại. Nguyên nhân và kết quả có thể chuyển hoá cho nhau trong quá trình vận động.",B,,,"Loại: Trắc nghiệm triết học; Phần: ; Câu 1106: Tìm câu thể hiện quan điểm Siêu hình về quan hệ biện chứng giữa Nguyên nhân -Kết quả trong các câu sau: A. Trong những điều kiện xác định, nguyên nhân có trước kết quả, một nguyên nhân sinh ra nhiều kết quả và ngược lại, nguyên nhân và kết quả có thể chuyển hoá cho nhau. B. Trong điều kiện xác định, nguyên nhân có trước kết quả, một nguyên nhân chỉ sinh ra một kết quả và ngược lại, nguyên nhân và kết quả không thể chuyển hoá cho nhau. C. Trong điều kiện xác định, nguyên nhân có sau kết quả. Một nguyên nhân có thể sinh ra nhiều kết quả và ngược lại. Nguyên nhân và kết quả có thể chuyển hoá cho nhau. D. Trong điều kiện xác định, nguyên nhân có trước kết quả, một nguyên nhân sinh ra nhiều kết quả và ngược lại. Nguyên nhân và kết quả có thể chuyển hoá cho nhau trong quá trình vận động. Đáp án đúng: B. Giải thích:"
mcq_triet_1107,1107,Tìm câu thể hiện quan điểm Duy tâm về ý nghĩa phương pháp luận rút ra từ quan hệ Nguyên nhân – Kết quả:,"Để có kết quả theo mong muốn phải biết phát hiện và điều khiển các nguyên nhân, khắc phục những nguyên nhân ngược chiều, tạo điều kiện cho nguyên nhân cùng chiều hướng tới kết quả.",Vì nguyên nhân có trước kết quả nên muốn có kết quả theo mong muốn thì chờ đợi ở nguyên nhân sẽ xảy ra. Sau đó lại sử dụng kết quả đó tạo ra nguyên nhân tiếp sau để được hưởng kết quả cao hơn.,Quan hệ nhân quả là quan hệ do chủ quan của con người tạo ra cho nên trong nhận thức và hành động con người chắc chắn nhận được kết quả do mình tạo ra.,Nguyên nhân có trước kết quả vì thế cứ chờ đợi thì sớm hay muộn kết quả sẽ tới.,C,,,"Loại: Trắc nghiệm triết học; Phần: ; Câu 1107: Tìm câu thể hiện quan điểm Duy tâm về ý nghĩa phương pháp luận rút ra từ quan hệ Nguyên nhân – Kết quả: A. Để có kết quả theo mong muốn phải biết phát hiện và điều khiển các nguyên nhân, khắc phục những nguyên nhân ngược chiều, tạo điều kiện cho nguyên nhân cùng chiều hướng tới kết quả. B. Vì nguyên nhân có trước kết quả nên muốn có kết quả theo mong muốn thì chờ đợi ở nguyên nhân sẽ xảy ra. Sau đó lại sử dụng kết quả đó tạo ra nguyên nhân tiếp sau để được hưởng kết quả cao hơn. C. Quan hệ nhân quả là quan hệ do chủ quan của con người tạo ra cho nên trong nhận thức và hành động con người chắc chắn nhận được kết quả do mình tạo ra. D. Nguyên nhân có trước kết quả vì thế cứ chờ đợi thì sớm hay muộn kết quả sẽ tới. Đáp án đúng: C. Giải thích:"
mcq_triet_1108,1108,Tìm câu thể hiện đúng nhất về giá trị phương pháp luận của mối quan hệ giữa cái Tất nhiên và Ngẫu nhiên trong các câu sau:,Thông qua nghiên cứu nhiều cái ngẫu nhiên để phát hiện cái tất nhiên. Nắm lấy cái tất nhiên để hành động đồng thời dự phòng xử lý kịp thời với cái ngẫu nhiên.,"Mục đích của nhận thức và hành động là đạt tới cái tất nhiên để có tự do. Nhưng cái tất nhiên tồn tại như vật tự nó nên con người chỉ có thể nắm được cái ngẫu nhiên. 226 C. Nắm lấy cái tất nhiên, chi phối, điều khiển, phòng ngừa cái ngẫu nhiên. Đó là mục đích của nhận thức và hành động của con người trong khi giải quyết mối quan hệ giữa tất nhiên và ngẫu nhiên.",,"Nắm lấy cái tất nhiên để chi phối, điều khiển, phòng ngừa mặt tác hại của ngẫu nhiên. Nhận thức không phải bằng cách đi từ phân tích ngẫu nhiên mà đi thẳng vào cái tất nhiên.",D,,,"Loại: Trắc nghiệm triết học; Phần: ; Câu 1108: Tìm câu thể hiện đúng nhất về giá trị phương pháp luận của mối quan hệ giữa cái Tất nhiên và Ngẫu nhiên trong các câu sau: A. Thông qua nghiên cứu nhiều cái ngẫu nhiên để phát hiện cái tất nhiên. Nắm lấy cái tất nhiên để hành động đồng thời dự phòng xử lý kịp thời với cái ngẫu nhiên. B. Mục đích của nhận thức và hành động là đạt tới cái tất nhiên để có tự do. Nhưng cái tất nhiên tồn tại như vật tự nó nên con người chỉ có thể nắm được cái ngẫu nhiên. 226 C. Nắm lấy cái tất nhiên, chi phối, điều khiển, phòng ngừa cái ngẫu nhiên. Đó là mục đích của nhận thức và hành động của con người trong khi giải quyết mối quan hệ giữa tất nhiên và ngẫu nhiên. C.  D. Nắm lấy cái tất nhiên để chi phối, điều khiển, phòng ngừa mặt tác hại của ngẫu nhiên. Nhận thức không phải bằng cách đi từ phân tích ngẫu nhiên mà đi thẳng vào cái tất nhiên. Đáp án đúng: D. Giải thích:"
mcq_triet_1109,1109,Hãy chỉ ra luận điểm thuộc lập trường duy vật tầm thường trong lịch sử trong những luận điểm sau:,Kiến trúc thượng tầng pháp lí và chính trị phụ thuộc cơ cấu kinh tế của xã hội,Sự ra đời cũng như mất đi trong tương lai của XH có giai cấp đều dựa trên tính tất yếu kinh tế,"Trong tất cả những chuyển biến lịch sử thì chuyển biến về chính trị là chuyển bién quan trọng nhất, quyết định sự phát triển của lịch sử",Nhân tố Kinh tế là nhân tố quyết định duy nhất trong lịch sử,D,,,"Loại: Trắc nghiệm triết học; Phần: ; Câu 1109: Hãy chỉ ra luận điểm thuộc lập trường duy vật tầm thường trong lịch sử trong những luận điểm sau: A. Kiến trúc thượng tầng pháp lí và chính trị phụ thuộc cơ cấu kinh tế của xã hội B. Sự ra đời cũng như mất đi trong tương lai của XH có giai cấp đều dựa trên tính tất yếu kinh tế C. Trong tất cả những chuyển biến lịch sử thì chuyển biến về chính trị là chuyển bién quan trọng nhất, quyết định sự phát triển của lịch sử D. Nhân tố Kinh tế là nhân tố quyết định duy nhất trong lịch sử Đáp án đúng: D. Giải thích:"
mcq_triet_1110,1110,Hãy chỉ ra luận điểm thuộc lập trường duy tâm chủ quan trong 4 luận điểm sau:,Thế giới tồn tại khách quan còn quy luật vận động và phát triển của thế giới đó do ý thức con người tạo ra,Phát triển là quá trình tiến lên theo đường thẳng,Mỗi chân lí khoa học dù là có tính tương đối vẫn chứa đựng của yếu tố chân lí tuyệt đối,"Vật lí là thực tại khách quan, tồn tại không lệ thuộc vào cảm giác.",A,,,"Loại: Trắc nghiệm triết học; Phần: ; Câu 1110: Hãy chỉ ra luận điểm thuộc lập trường duy tâm chủ quan trong 4 luận điểm sau: A. Thế giới tồn tại khách quan còn quy luật vận động và phát triển của thế giới đó do ý thức con người tạo ra B. Phát triển là quá trình tiến lên theo đường thẳng C. Mỗi chân lí khoa học dù là có tính tương đối vẫn chứa đựng của yếu tố chân lí tuyệt đối D. Vật lí là thực tại khách quan, tồn tại không lệ thuộc vào cảm giác. Đáp án đúng: A. Giải thích:"
mcq_triet_1111,1111,Xác định câu trả lời đúng vai trò của thực tiễn:,"Là cơ sở, mục đích, động lực chủ yêdu và trực tiếp của nhận thức và là tiêu chuẩn của chân lý.","Là nguồn gốc, cơ sở, mục đích của nhận thức.","Là mục đích, cơ sở, động lực của nhận thức và làm tiêu chuẩn cho kinh nghiệm","Là thước đo để phát hiện sự đúng sai của cảm giác, của kinh nghiệm và của chân lý.",A,,,"Loại: Trắc nghiệm triết học; Phần: ; Câu 1111: Xác định câu trả lời đúng vai trò của thực tiễn: A. Là cơ sở, mục đích, động lực chủ yêdu và trực tiếp của nhận thức và là tiêu chuẩn của chân lý. B. Là nguồn gốc, cơ sở, mục đích của nhận thức. C. Là mục đích, cơ sở, động lực của nhận thức và làm tiêu chuẩn cho kinh nghiệm D. Là thước đo để phát hiện sự đúng sai của cảm giác, của kinh nghiệm và của chân lý. Đáp án đúng: A. Giải thích:"
mcq_triet_1112,1112,"Xác định quan niệm sai về phủ định biện chứng. Phủ định biện chứng là: 227 A. Phủ định chấm dứt quá trình phát triển B. Phủ định có tính kế thừa C. Phủ định có tính khách quan, phổ biến. D. Phủ định đồng thời cũng là sự khẳng định Đáp án: A là đáp án đúng Câu 1113: Hãy phát hiện một điểm tóm tắt sai nội dung trong các tóm tắt sau đây:",Đó là quy luật xã hội phổ biến trong tất cả các xã hội có đối kháng giai cấp,"Lực lượng sản xuất và quan hệ sản xuất là hai mặt của phương thức sản xuất, tồn tại không thể tách rời","Quy luật này vạch rõ sự phụ thuộc khách quan của quan hệ sản xuất vào sự phát triển của lực lượng sản xuất, đồng thời quan hệ sản xuất cũng tác động trở lại lực lượng sản xuất",Tác động biện chứng giữa 2 mặt đó tạo thành quy luật về sự phù hợp của quan hệ sản xuất với trình độ và tính chất của lực lượng sản xuất Đáp án: A là đáp án đúng,A,,,"Loại: Trắc nghiệm triết học; Phần: ; Câu 1112: Xác định quan niệm sai về phủ định biện chứng. Phủ định biện chứng là: 227 A. Phủ định chấm dứt quá trình phát triển B. Phủ định có tính kế thừa C. Phủ định có tính khách quan, phổ biến. D. Phủ định đồng thời cũng là sự khẳng định Đáp án: A là đáp án đúng Câu 1113: Hãy phát hiện một điểm tóm tắt sai nội dung trong các tóm tắt sau đây: A. Đó là quy luật xã hội phổ biến trong tất cả các xã hội có đối kháng giai cấp B. Lực lượng sản xuất và quan hệ sản xuất là hai mặt của phương thức sản xuất, tồn tại không thể tách rời C. Quy luật này vạch rõ sự phụ thuộc khách quan của quan hệ sản xuất vào sự phát triển của lực lượng sản xuất, đồng thời quan hệ sản xuất cũng tác động trở lại lực lượng sản xuất D. Tác động biện chứng giữa 2 mặt đó tạo thành quy luật về sự phù hợp của quan hệ sản xuất với trình độ và tính chất của lực lượng sản xuất Đáp án: A là đáp án đúng Đáp án đúng: A. Giải thích:"
mcq_triet_1114,1114,Hãy chỉ ra luận điểm thuộc lập trường duy vật biện chứng trong bốn luận điểm sau:,Do vật chất quyết định ý thức lên giám đốc chỉ cần tăng lương cho người lao động là họ sẽ hăng hái sản xuất ra nhiều sản phẩm tốt hơn,"Do vai trò tác động tích cực của ý thức nên chỉ cần thường xuyên giáo dục ý thức, tư tưởng cho người lao động là họ sẽ tự giác hăng hái sản xuất ra nhiều sản phẩm tốt",Vì vật chất và ý thức có quan hệ biện chứng nên đối với người lao động phả vừa khuyến khích vật chất vừa giáo dục chính trị tư tưởng,"Vì chân lý là cụ thể nên phải tùy hoàn cảnh, tùy đối tượng cụ thể mà tăng thêm khuyến khích vật chất hoặc tăng cường giáo dục chính trị tư tưởng hoặc đồng thời nhấn mạnh cả hai yếu tố đó, không nên vận dụng theo một sơ đồ chu quan, cứng nhắc 228 Đáp án: D là đáp án đúng",A,"Câu 1115: Xác đ ịnh ý ki ến đúng nh ất trong các ý ki ến sau? A. Do vật chất quyết định ý thức lên giám đốc chỉ cần tăng lương cho người lao động là họ sẽ hăng hái sản xuất ra nhiều sản phẩm tốt hơn B. Do vai trò tác động tích cực của ý thức nên chỉ cần thường xuyên giáo dục ý thức, tư tưởng cho người lao động là họ sẽ tự giác hăng hái sản xuất ra nhiều sản phẩm tốt C. Vì vật chất và ý thức có quan hệ biện chứng nên đối với người lao động phả vừa khuyến khích vật chất vừa giáo dục chính trị tư tưởng D. Vì chân lý là cụ thể nên phải tùy hoàn cảnh, tùy đối tượng cụ thể mà tăng thêm khuyến khích vật chất hoặc tăng cường giáo dục chính trị tư tưởng hoặc đồng thời nhấn mạnh cả hai yếu tố đó, không nên vận dụng theo một sơ đồ chu quan, cứng nhắc 228 Đáp án: D là đáp án đúng",,"Loại: Trắc nghiệm triết học; Phần: ; Câu 1114: Hãy chỉ ra luận điểm thuộc lập trường duy vật biện chứng trong bốn luận điểm sau: A. Do vật chất quyết định ý thức lên giám đốc chỉ cần tăng lương cho người lao động là họ sẽ hăng hái sản xuất ra nhiều sản phẩm tốt hơn B. Do vai trò tác động tích cực của ý thức nên chỉ cần thường xuyên giáo dục ý thức, tư tưởng cho người lao động là họ sẽ tự giác hăng hái sản xuất ra nhiều sản phẩm tốt C. Vì vật chất và ý thức có quan hệ biện chứng nên đối với người lao động phả vừa khuyến khích vật chất vừa giáo dục chính trị tư tưởng D. Vì chân lý là cụ thể nên phải tùy hoàn cảnh, tùy đối tượng cụ thể mà tăng thêm khuyến khích vật chất hoặc tăng cường giáo dục chính trị tư tưởng hoặc đồng thời nhấn mạnh cả hai yếu tố đó, không nên vận dụng theo một sơ đồ chu quan, cứng nhắc 228 Đáp án: D là đáp án đúng Đáp án đúng: A. Giải thích: Câu 1115: Xác đ ịnh ý ki ến đúng nh ất trong các ý ki ến sau? A. Do vật chất quyết định ý thức lên giám đốc chỉ cần tăng lương cho người lao động là họ sẽ hăng hái sản xuất ra nhiều sản phẩm tốt hơn B. Do vai trò tác động tích cực của ý thức nên chỉ cần thường xuyên giáo dục ý thức, tư tưởng cho người lao động là họ sẽ tự giác hăng hái sản xuất ra nhiều sản phẩm tốt C. Vì vật chất và ý thức có quan hệ biện chứng nên đối với người lao động phả vừa khuyến khích vật chất vừa giáo dục chính trị tư tưởng D. Vì chân lý là cụ thể nên phải tùy hoàn cảnh, tùy đối tượng cụ thể mà tăng thêm khuyến khích vật chất hoặc tăng cường giáo dục chính trị tư tưởng hoặc đồng thời nhấn mạnh cả hai yếu tố đó, không nên vận dụng theo một sơ đồ chu quan, cứng nhắc 228 Đáp án: D là đáp án đúng"
mcq_triet_1116,1116,Hãy chỉ ra luận điểm thể hiện lập trường duy tâm lịch sử trong các luận điểm sau:,"Quan hệ sản xuất là những quan hệ xã hội có tính vật chất, quyết định mọi quan hệ xã hội khác","Nguyên nhân của mọi biến đổi trong lịch sử, xét đến cùng là do tư tưởng của con người đang luôn luôn thay đổi",Cơ sở hạ tầng quyết định kiến trúc thượng tầng so với vai trò tích cực trong sưj phát triển lịch sử,Nhân tố kinh tế là nhân tố quyết định duy nhất trong lịch sử,B,,,"Loại: Trắc nghiệm triết học; Phần: ; Câu 1116: Hãy chỉ ra luận điểm thể hiện lập trường duy tâm lịch sử trong các luận điểm sau: A. Quan hệ sản xuất là những quan hệ xã hội có tính vật chất, quyết định mọi quan hệ xã hội khác B. Nguyên nhân của mọi biến đổi trong lịch sử, xét đến cùng là do tư tưởng của con người đang luôn luôn thay đổi C. Cơ sở hạ tầng quyết định kiến trúc thượng tầng so với vai trò tích cực trong sưj phát triển lịch sử D. Nhân tố kinh tế là nhân tố quyết định duy nhất trong lịch sử Đáp án đúng: B. Giải thích:"
mcq_triet_1117,1117,Xác định câu trả lời đúng nhất về mối quan hệ biện chứng giữa lượng và chất:,Sự vật nào cũng có sự thống nhất giữa lượng và chất. Chất và lượng có mâu thuẫn. Sự biến đổi về lượng tích lũy lại dẫn đến sự biến đổi về chất. Sự biến đổi căn bản về chất tạo ra bước nhảy và chuyển sự vật cũ sang sự vật mới,Chỉ có sự thay đổi từ lượng đến chất là theo xu hướng tiến lên. Còn sự thay đổi từ chất đến lượng là không thể diễn ra,"Sự biến đổi về chất nhanh hơn sự biến đổi về lượng mới tạo ra bước thay đổi căn bản về chất. Chất cũ mất đi, sự vật cũ bị phá vỡ, sự vật mới sinh ra",Sự biến đổi về chất và lượng không phải mâu thuẫn. Chỉ có sự khác nhau là lượng biến đổi nhanh hơn chất. Bước nhảy chỉ xảy ra khi chất biến đổi căn bản Đáp án: A là đáp án đúng,,,,"Loại: Trắc nghiệm triết học; Phần: ; Câu 1117: Xác định câu trả lời đúng nhất về mối quan hệ biện chứng giữa lượng và chất: A. Sự vật nào cũng có sự thống nhất giữa lượng và chất. Chất và lượng có mâu thuẫn. Sự biến đổi về lượng tích lũy lại dẫn đến sự biến đổi về chất. Sự biến đổi căn bản về chất tạo ra bước nhảy và chuyển sự vật cũ sang sự vật mới B. Chỉ có sự thay đổi từ lượng đến chất là theo xu hướng tiến lên. Còn sự thay đổi từ chất đến lượng là không thể diễn ra C. Sự biến đổi về chất nhanh hơn sự biến đổi về lượng mới tạo ra bước thay đổi căn bản về chất. Chất cũ mất đi, sự vật cũ bị phá vỡ, sự vật mới sinh ra D. Sự biến đổi về chất và lượng không phải mâu thuẫn. Chỉ có sự khác nhau là lượng biến đổi nhanh hơn chất. Bước nhảy chỉ xảy ra khi chất biến đổi căn bản Đáp án: A là đáp án đúng Đáp án đúng: . Giải thích:"
mcq_triet_1118,1118,Những nguyên tăc cơ bản của lý luận nhận thức là gì? Xác định câu trả lời đúng nhất?,"Là sự thùa nhận thế giới khách quan tồn tại độc lập với ý thức, thừa nhận khả năng phản ánh đúng thế giới khách quan vào ý thức con người, đối với con người không có gì là không thể biết, là sự thừa nhận nhận thức là quá trình biện chứng và cơ sở chủ yếu và trực tiếp nhất của nhận thức là thực tiễn","Là sự thùa nhận thế giới khách quan tồn tại độc lập ngoài ý thúc con người, là khả năng nhận thức của con người, đối với con người có nhiều điều không thể biết, là thừa nhận tính biện chứng của quá trình nhận thức","Là quá trình biện chứng, thừa nhận đối tượng nhận thức là khách quan, chủ thể nhận thức của con người là có hạn, do đó kết quả khả năng nhận thức của con người là đáng nghi ngờ",Là khẳng định khả năng nhận thức đúng của con người bằng tổng hợp các cảm giác để đạt tới 229 chân lý,A,,,"Loại: Trắc nghiệm triết học; Phần: ; Câu 1118: Những nguyên tăc cơ bản của lý luận nhận thức là gì? Xác định câu trả lời đúng nhất? A. Là sự thùa nhận thế giới khách quan tồn tại độc lập với ý thức, thừa nhận khả năng phản ánh đúng thế giới khách quan vào ý thức con người, đối với con người không có gì là không thể biết, là sự thừa nhận nhận thức là quá trình biện chứng và cơ sở chủ yếu và trực tiếp nhất của nhận thức là thực tiễn B. Là sự thùa nhận thế giới khách quan tồn tại độc lập ngoài ý thúc con người, là khả năng nhận thức của con người, đối với con người có nhiều điều không thể biết, là thừa nhận tính biện chứng của quá trình nhận thức C. Là quá trình biện chứng, thừa nhận đối tượng nhận thức là khách quan, chủ thể nhận thức của con người là có hạn, do đó kết quả khả năng nhận thức của con người là đáng nghi ngờ D. Là khẳng định khả năng nhận thức đúng của con người bằng tổng hợp các cảm giác để đạt tới 229 chân lý Đáp án đúng: A. Giải thích:"
mcq_triet_1119,1119,Hãy chỉ ra luận điểm thuộc lập trường duy vật biện chứng trong những luận điểm sau:,"Mâu thuẫn là nguồn gốc, động lực của mọi sự vận động và phát triển","Nhận thức chẳng qua chỉ là sự phức hợp các cảm giác của con người, do đó không có cảm giác cũng không có nhận thức","Nhân quả là mối liên hệ có tính chủ quan, do con người xác lập",Phủ định của phủ định là sự loại bỏ hoàn toàn sự vật cũ,A,,,"Loại: Trắc nghiệm triết học; Phần: ; Câu 1119: Hãy chỉ ra luận điểm thuộc lập trường duy vật biện chứng trong những luận điểm sau: A. Mâu thuẫn là nguồn gốc, động lực của mọi sự vận động và phát triển B. Nhận thức chẳng qua chỉ là sự phức hợp các cảm giác của con người, do đó không có cảm giác cũng không có nhận thức C. Nhân quả là mối liên hệ có tính chủ quan, do con người xác lập D. Phủ định của phủ định là sự loại bỏ hoàn toàn sự vật cũ Đáp án đúng: A. Giải thích:"
mcq_triet_1120,1120,"Chân lý có tính chất gì, xác định câu trả lời đúng?","Chân lý có tính cụ thể, có nội dung khách quan, vừa có tính tuơng đối, vừa có tính tương đối","Không có chân lý trừu tượng, chân lý có hình thức chủ quan, nội dung khách quan, không có tính tương đối vì chân lý luôn luôn đúng trong mọi hoàn cảnh","Chân lý có nội dung khách quan,hình thức chủ quan, chân lý có tình trừu tượng cao siêu, chân lí còn có tính tuyệt đối và tính tương đối","Chân lý có hình thưc chủ quan và nội dung khách quan, chân lý bao giờ cũng cụ thể, chỉ có chân lý tương đối, không có chân lý tuyệt đối vì thực tế luôn luôn biến đổi và nhận thức con người là có hạn",A,,,"Loại: Trắc nghiệm triết học; Phần: ; Câu 1120: Chân lý có tính chất gì, xác định câu trả lời đúng? A. Chân lý có tính cụ thể, có nội dung khách quan, vừa có tính tuơng đối, vừa có tính tương đối B. Không có chân lý trừu tượng, chân lý có hình thức chủ quan, nội dung khách quan, không có tính tương đối vì chân lý luôn luôn đúng trong mọi hoàn cảnh C. Chân lý có nội dung khách quan,hình thức chủ quan, chân lý có tình trừu tượng cao siêu, chân lí còn có tính tuyệt đối và tính tương đối D. Chân lý có hình thưc chủ quan và nội dung khách quan, chân lý bao giờ cũng cụ thể, chỉ có chân lý tương đối, không có chân lý tuyệt đối vì thực tế luôn luôn biến đổi và nhận thức con người là có hạn Đáp án đúng: A. Giải thích:"
mcq_triet_1121,1121,Xác định câu trả lời đúng nhất về ý nghĩa phương pháp luận của mối quan hệ giữa lượng và chất:,"Lượng - chất có quan hệ biện chứng. Phải kiên trì tích lũy về lượng mới có sự thay đổi về chất, tạo ra bước ngoặt. Không được nóng vội, chủ quan, duy ý chí, đốt cháy giai đoạn. Ngược lại, chỉ có thay đổi căn bản về chất mới chuyển được cái cũ sang cái mới","Lượng - chất có quan hệ biện chứng. Không được nóng vội, chủ quan. duy ý chí khi lượng đã được tích lũy đủ và ngược lại","Lượng - chất có quan hệ biện chứng. Không được nóng vội, chủ quan, duy ý chí khi chưa tích lũy được lượng cần thiết. Nhưng đôi khi chưa tích lũy đủ lượng cũng phải thay đổi về chất. 230 Ngược lại, không được trù trừ, do dự, bảo thủ khi lượng đã được tích lũy","Phải kiên quyết, không trù trừ, do dự, thay đổi về chất khi lượng dã được tích lũy",A,,,"Loại: Trắc nghiệm triết học; Phần: ; Câu 1121: Xác định câu trả lời đúng nhất về ý nghĩa phương pháp luận của mối quan hệ giữa lượng và chất: A. Lượng - chất có quan hệ biện chứng. Phải kiên trì tích lũy về lượng mới có sự thay đổi về chất, tạo ra bước ngoặt. Không được nóng vội, chủ quan, duy ý chí, đốt cháy giai đoạn. Ngược lại, chỉ có thay đổi căn bản về chất mới chuyển được cái cũ sang cái mới B. Lượng - chất có quan hệ biện chứng. Không được nóng vội, chủ quan. duy ý chí khi lượng đã được tích lũy đủ và ngược lại C. Lượng - chất có quan hệ biện chứng. Không được nóng vội, chủ quan, duy ý chí khi chưa tích lũy được lượng cần thiết. Nhưng đôi khi chưa tích lũy đủ lượng cũng phải thay đổi về chất. 230 Ngược lại, không được trù trừ, do dự, bảo thủ khi lượng đã được tích lũy D. Phải kiên quyết, không trù trừ, do dự, thay đổi về chất khi lượng dã được tích lũy Đáp án đúng: A. Giải thích:"
mcq_triet_1122,1122,Hãy chỉ ra luận điểm thể hiện lập trường duy vật siêu hình trong các luận điểm sau:,"Động vật và thực vật hoàn toàn khác nhau, không có nguồn gốc chung","Mọi tri thức dù trực tiếp hay gián tiếp, dù ở trình độ cao hay thấp, xét đến cùng đều bắt nguồn từ thực tiễn",Sự phát huy tính năng động chủ quan của con người muốn có hiệu quả bao giờ cũng phải dựa vào cơ sở vật chất,"Không có lí luận thì hoạt động thực tiễn của con người mò mẫm, mất phương hướng. Do đó lí luận phải có trước và không phụ thuộc vào thực tiễn",A,,,"Loại: Trắc nghiệm triết học; Phần: ; Câu 1122: Hãy chỉ ra luận điểm thể hiện lập trường duy vật siêu hình trong các luận điểm sau: A. Động vật và thực vật hoàn toàn khác nhau, không có nguồn gốc chung B. Mọi tri thức dù trực tiếp hay gián tiếp, dù ở trình độ cao hay thấp, xét đến cùng đều bắt nguồn từ thực tiễn C. Sự phát huy tính năng động chủ quan của con người muốn có hiệu quả bao giờ cũng phải dựa vào cơ sở vật chất D. Không có lí luận thì hoạt động thực tiễn của con người mò mẫm, mất phương hướng. Do đó lí luận phải có trước và không phụ thuộc vào thực tiễn Đáp án đúng: A. Giải thích:"
mcq_triet_1123,1123,Nêu mối quan hệ biện chứng giữa lượng và chất của sự vật. Xác định câu trả lời đúng nhất:,Sự vật nào cũng có sự thống nhất giưa lượng và chất. Chất và lượng có mâu thuẫn. Sự biến đổi về lượng tích lũy lại dẫn đến sự biến đổi về chất. Sự biến đổi căn bản về chất tạo ra bước nhảy và chuyển sự vật cũ sang sự vật mới,Sự biến đổi về chất và lượng không phải mâu thuẫn. Chỉ có sự khác nhau là lượng biến đổi nhanh hơn chất. Bước nhảy chỉ xảy ra khi chất biến đổi căn bản,"Sự biến đổi về chất nhanh hơn biến đổi về lượng mới tạo ra bước thay đổi căn bản về chất. Chất cũ mất đi, sự vật cũ bị phá vỡ, sự vật mới sinh ra",Chỉ có sự thay đổi từ lượng đến chất là theo xu hướng tiến lên. Còn sự thay đổi từ chất đến lượng là không thể diễn ra,A,,,"Loại: Trắc nghiệm triết học; Phần: ; Câu 1123: Nêu mối quan hệ biện chứng giữa lượng và chất của sự vật. Xác định câu trả lời đúng nhất: A. Sự vật nào cũng có sự thống nhất giưa lượng và chất. Chất và lượng có mâu thuẫn. Sự biến đổi về lượng tích lũy lại dẫn đến sự biến đổi về chất. Sự biến đổi căn bản về chất tạo ra bước nhảy và chuyển sự vật cũ sang sự vật mới B. Sự biến đổi về chất và lượng không phải mâu thuẫn. Chỉ có sự khác nhau là lượng biến đổi nhanh hơn chất. Bước nhảy chỉ xảy ra khi chất biến đổi căn bản C. Sự biến đổi về chất nhanh hơn biến đổi về lượng mới tạo ra bước thay đổi căn bản về chất. Chất cũ mất đi, sự vật cũ bị phá vỡ, sự vật mới sinh ra D. Chỉ có sự thay đổi từ lượng đến chất là theo xu hướng tiến lên. Còn sự thay đổi từ chất đến lượng là không thể diễn ra Đáp án đúng: A. Giải thích:"
mcq_triet_1124,1124,"Tính năng động, sáng tạo của ý thức dựa trên những điều kiện nào? Xác định câu trả lời đúng nhất?","Ý thức chỉ phụ thuộc vật chất khi nó sinh ra( nguồn gốc). Còn khi đã hình thành thì nó không phụ thuộc vào vật chất nữa, nó có đời sống riêng. Chỉ khi đó ý thức mới phát huy được tính năng động, sáng tạo","Sự năng động, sáng tạo của ý thức luôn luôn dựa trên những tiền đề vật chất và hoạt động 231 thực tiễn của con người","Tính năng động, chủ quan của con người muốn có hiệu quả bao giờ cũng phải thông qua hoat động thực tiễn của con người, tức là hoạt động có tính vật chất","Những nhà nhị nguyên luận coi vai trò của ý thức và vật chất ngang nhau, chúng tự thân vận động theo quy luật riêng",B,,,"Loại: Trắc nghiệm triết học; Phần: ; Câu 1124: Tính năng động, sáng tạo của ý thức dựa trên những điều kiện nào? Xác định câu trả lời đúng nhất? A. Ý thức chỉ phụ thuộc vật chất khi nó sinh ra( nguồn gốc). Còn khi đã hình thành thì nó không phụ thuộc vào vật chất nữa, nó có đời sống riêng. Chỉ khi đó ý thức mới phát huy được tính năng động, sáng tạo B. Sự năng động, sáng tạo của ý thức luôn luôn dựa trên những tiền đề vật chất và hoạt động 231 thực tiễn của con người C. Tính năng động, chủ quan của con người muốn có hiệu quả bao giờ cũng phải thông qua hoat động thực tiễn của con người, tức là hoạt động có tính vật chất D. Những nhà nhị nguyên luận coi vai trò của ý thức và vật chất ngang nhau, chúng tự thân vận động theo quy luật riêng Đáp án đúng: B. Giải thích:"
mcq_triet_1125,1125,Hãy chỉ ra luận điểm thể hiện lập trường duy vật biện chứng trong những luận điểm sau đây:,Chân lý chỉ tồn tại trong nhận thức con người. Vì vậy nội dung của chân lý là do chủ quan của con người tạo ra,Sự phát huy tính năng động chủ quan của con người muốn có hiệu quả bao giờ cũng phải dựa vào cơ sở vật chất,"Chân lý là tri thức phản ánh đúng hiện thực khách quan và đã được thực tiễn kiểm nghiệm, vì vậy, có thể áp dụng chân lí đó vào mọi nơi, mọi lúc, mọi việc đều đúng","Giới động vậy và thực vật hoàn toàn tách rời nhau, không có nguồn gốc chung",B,,,"Loại: Trắc nghiệm triết học; Phần: ; Câu 1125: Hãy chỉ ra luận điểm thể hiện lập trường duy vật biện chứng trong những luận điểm sau đây: A. Chân lý chỉ tồn tại trong nhận thức con người. Vì vậy nội dung của chân lý là do chủ quan của con người tạo ra B. Sự phát huy tính năng động chủ quan của con người muốn có hiệu quả bao giờ cũng phải dựa vào cơ sở vật chất C. Chân lý là tri thức phản ánh đúng hiện thực khách quan và đã được thực tiễn kiểm nghiệm, vì vậy, có thể áp dụng chân lí đó vào mọi nơi, mọi lúc, mọi việc đều đúng D. Giới động vậy và thực vật hoàn toàn tách rời nhau, không có nguồn gốc chung Đáp án đúng: B. Giải thích:"
mcq_triet_1126,1126,Phát hiện một câu trả lời sai về vai trò của cơ sở hạ tầng đối với kiến trúc thượng tầng:,Cơ sở hạ tầng nào thì sinh ra kiến trúc thượng tầng ấy,Những biến đổi căn bản trong cơ sở hạ tầng sớm hay muộn cũng sẽ dẫn tới sự biến đổi căn bản trong kiến trúc thượng tầng,Cũng có những yếu tố thuộc kiến trúc thượng tầng cũ tồn tại dai dẳng sau khi cơ sở kinh tế sinh ra nó không tồn tại,Cơ sở hạ tầng cũ mất đi thì kiến trúc thượng tầng tương ứng với nó sẽ mất theo ngay lập tức,D,,,Loại: Trắc nghiệm triết học; Phần: ; Câu 1126: Phát hiện một câu trả lời sai về vai trò của cơ sở hạ tầng đối với kiến trúc thượng tầng: A. Cơ sở hạ tầng nào thì sinh ra kiến trúc thượng tầng ấy B. Những biến đổi căn bản trong cơ sở hạ tầng sớm hay muộn cũng sẽ dẫn tới sự biến đổi căn bản trong kiến trúc thượng tầng C. Cũng có những yếu tố thuộc kiến trúc thượng tầng cũ tồn tại dai dẳng sau khi cơ sở kinh tế sinh ra nó không tồn tại D. Cơ sở hạ tầng cũ mất đi thì kiến trúc thượng tầng tương ứng với nó sẽ mất theo ngay lập tức Đáp án đúng: D. Giải thích:
mcq_triet_1127,1127,Xác định quan niệm sai về thực tiễn?,"Thực tiễn là nguồn gốc của nhận thức vì qua thực tiễn bộc lộ các thuojc tính, mối liên hệ bản chất của đối tượng","Thực tiễn là kết quả của nhận thức, trong đó sự phân tích lí luận là cơ bản nhất 232 C. Thực tiễn là động lực của nhận thức, nó đòi hỏi tư duy con người phải giải đáp những vấn đề đặt ra",,Thực tiễn là tiêu chuẩn của chân lý. Nhận thức đúng hay sai không được xác định chỉ trong nhận thức,B,,,"Loại: Trắc nghiệm triết học; Phần: ; Câu 1127: Xác định quan niệm sai về thực tiễn? A. Thực tiễn là nguồn gốc của nhận thức vì qua thực tiễn bộc lộ các thuojc tính, mối liên hệ bản chất của đối tượng B. Thực tiễn là kết quả của nhận thức, trong đó sự phân tích lí luận là cơ bản nhất 232 C. Thực tiễn là động lực của nhận thức, nó đòi hỏi tư duy con người phải giải đáp những vấn đề đặt ra C.  D. Thực tiễn là tiêu chuẩn của chân lý. Nhận thức đúng hay sai không được xác định chỉ trong nhận thức Đáp án đúng: B. Giải thích:"
mcq_triet_1128,1128,Phát hiện một luận điểm sai trong các luận điểm sau đây:,"Các yếu tố của cấu trúc thượng tầng đều nảy sinh trên cơ sở hạ tầng, phản ánh cơ sở hạ tầng","Các yếu tố có cấu trúc thượng tầng không tồn tại tách rời nhau, mà tác động qua lại lẫn nhau",Những tác động qua lại trong nội bộ kiến trúc thượng tầng dẫn tới những kết quả nhiều khi không thể giải thích được chỉ bằng những nguyên nhân kinh tế,Các yếu tố thuộc cấu trúc thượng tầng đều liên hệ như nhau đối với cơ sở hạ tầng,D,,,"Loại: Trắc nghiệm triết học; Phần: ; Câu 1128: Phát hiện một luận điểm sai trong các luận điểm sau đây: A. Các yếu tố của cấu trúc thượng tầng đều nảy sinh trên cơ sở hạ tầng, phản ánh cơ sở hạ tầng B. Các yếu tố có cấu trúc thượng tầng không tồn tại tách rời nhau, mà tác động qua lại lẫn nhau C. Những tác động qua lại trong nội bộ kiến trúc thượng tầng dẫn tới những kết quả nhiều khi không thể giải thích được chỉ bằng những nguyên nhân kinh tế D. Các yếu tố thuộc cấu trúc thượng tầng đều liên hệ như nhau đối với cơ sở hạ tầng Đáp án đúng: D. Giải thích:"
mcq_triet_1129,1129,Hãy phát hiện một điểm tóm tắt sai nội dung của phạm trù quan hệ sản xuất:,Mối quan hệ giữa người và người trong quá trình sản xuất được gọi là quan hệ sản xuất,"Cũng như lực lượng sản xuất, quan hệ sản xuất thuộc lĩnh vực đời sống vật chất của xã hội","Tính vật chất của quan hệ sản xuất được biểu hiện ở chỗ chúng tồn tại khách quan, phụ thuộc vào ý thúc con người",Quan hệ sản xuất là quan hệ kinh tế cơ bản của một hình thái kinh tế -xã hội,C,,,"Loại: Trắc nghiệm triết học; Phần: ; Câu 1129: Hãy phát hiện một điểm tóm tắt sai nội dung của phạm trù quan hệ sản xuất: A. Mối quan hệ giữa người và người trong quá trình sản xuất được gọi là quan hệ sản xuất B. Cũng như lực lượng sản xuất, quan hệ sản xuất thuộc lĩnh vực đời sống vật chất của xã hội C. Tính vật chất của quan hệ sản xuất được biểu hiện ở chỗ chúng tồn tại khách quan, phụ thuộc vào ý thúc con người D. Quan hệ sản xuất là quan hệ kinh tế cơ bản của một hình thái kinh tế -xã hội Đáp án đúng: C. Giải thích:"
mcq_triet_1130,1130,"Phát hiện một điểm giải thích chưa chính xác trong những giải thích nguyên tắc nhận thức "" Phải xem xét sự vật trong sự phát triển"" như sau:",Cơ sở lý luận của nguyên tắc này là Nguyên lí về mối liên hệ phổ biến,"Nguyên lí này đòi hỏi khi nhận thức về sự vật phải xem xét tất cả các mặt, các mối liên hệ của nó",Phải xem xét sự vật trong tính toàn vẹn và phưc tạp của nó,Căn cứ của nguyên tắc này là tư duy của con người ở mỗi thời điểm đều có thể bao quát được hết mọi mặt phong phú của sự vật,A,"233 Câu 1131: Phát hiện một điểm giải thích chưa chính xác về nguyên tắc nhận thức "" Tính toàn diện của sự xem xét"": A. Cơ sở lý luận của nguyên tắc này là Nguyên lí về mối liên hệ phổ biến B. Nguyên lí này đòi hỏi khi nhận thức về sự vật phải xem xét tất cả các mặt, các mối liên hệ của nó C. Phải xem xét sự vật trong tính toàn vẹn và phưc tạp của nó D. Căn cứ của nguyên tắc này là tư duy của con người ở mỗi thời điểm đều có thể bao quát được hết mọi mặt phong phú của sự vật Đáp án: D là đáp án đúng",,"Loại: Trắc nghiệm triết học; Phần: ; Câu 1130: Phát hiện một điểm giải thích chưa chính xác trong những giải thích nguyên tắc nhận thức "" Phải xem xét sự vật trong sự phát triển"" như sau: A. Cơ sở lý luận của nguyên tắc này là Nguyên lí về mối liên hệ phổ biến B. Nguyên lí này đòi hỏi khi nhận thức về sự vật phải xem xét tất cả các mặt, các mối liên hệ của nó C. Phải xem xét sự vật trong tính toàn vẹn và phưc tạp của nó D. Căn cứ của nguyên tắc này là tư duy của con người ở mỗi thời điểm đều có thể bao quát được hết mọi mặt phong phú của sự vật Đáp án đúng: A. Giải thích: 233 Câu 1131: Phát hiện một điểm giải thích chưa chính xác về nguyên tắc nhận thức "" Tính toàn diện của sự xem xét"": A. Cơ sở lý luận của nguyên tắc này là Nguyên lí về mối liên hệ phổ biến B. Nguyên lí này đòi hỏi khi nhận thức về sự vật phải xem xét tất cả các mặt, các mối liên hệ của nó C. Phải xem xét sự vật trong tính toàn vẹn và phưc tạp của nó D. Căn cứ của nguyên tắc này là tư duy của con người ở mỗi thời điểm đều có thể bao quát được hết mọi mặt phong phú của sự vật Đáp án: D là đáp án đúng"
mcq_triet_1132,1132,Hãy chỉ ra một biểu hiện không đúng với bệnh chủ quan duy ý chí:,Suy nghĩ vadd hành động nóng vội,Chạy theo nguyện vọng chủ quan,Không tính tới điều kiện và khả năng thực tế,Luôn tôn trọng quy luật khách quan,D,,,Loại: Trắc nghiệm triết học; Phần: ; Câu 1132: Hãy chỉ ra một biểu hiện không đúng với bệnh chủ quan duy ý chí: A. Suy nghĩ vadd hành động nóng vội B. Chạy theo nguyện vọng chủ quan C. Không tính tới điều kiện và khả năng thực tế D. Luôn tôn trọng quy luật khách quan Đáp án đúng: D. Giải thích:
mcq_triet_1133,1133,Hãy chỉ ra một nguyên tắc nhận thức và hành động để khắc phục biện pháp chủ quan duy ý chí không phù hợp trong những nguyên tắc sau:,"Lấy ý chí và nguyện vọng làm điểm xuất phát cho mọi chủ trương, kế hoạch công tác",Tôn trọng và hành động theo quy luật khách quan,"Nhìn thẳng vào sự vật, đánh giá đúng sự thật, nói rõ sự thật","Lấy dân làm gốc, lawgs nghe nguyện vọng chính đáng của dân",A,,,"Loại: Trắc nghiệm triết học; Phần: ; Câu 1133: Hãy chỉ ra một nguyên tắc nhận thức và hành động để khắc phục biện pháp chủ quan duy ý chí không phù hợp trong những nguyên tắc sau: A. Lấy ý chí và nguyện vọng làm điểm xuất phát cho mọi chủ trương, kế hoạch công tác B. Tôn trọng và hành động theo quy luật khách quan C. Nhìn thẳng vào sự vật, đánh giá đúng sự thật, nói rõ sự thật D. Lấy dân làm gốc, lawgs nghe nguyện vọng chính đáng của dân Đáp án đúng: A. Giải thích:"
mcq_triet_1134,1134,Phát hiện luận điểm sai trong các luận điểm sau đây:,"Quan hệ sản xuất là những quan hệ xã hội có tính vật chất, quyết định mọi quan hệ xã hội khác","Nguyên nhân của mọi biến đổi trong lịch sử, xét đến cùng là do tư tưởng của con người đang luôn luôn thay đổi",Nhân tố kinh tế là nhân tố quyết định duy nhất trong lịch sử,Cơ sở hạ tầng quyết định kiến trúc thượng tầng nhưng kiến trúc thượng tầng có vai trò tích cực trong sự phát triển lịch sử,A,"234 Câu 1135: Hãy chỉ ra luận điểm thuộc lập trường triết học duy vật siêu hình trong lịch sử: A. Quan hệ sản xuất là những quan hệ xã hội có tính vật chất, quyết định mọi quan hệ xã hội khác B. Nguyên nhân của mọi biến đổi trong lịch sử, xét đến cùng là do tư tưởng của con người đang luôn luôn thay đổi C. Nhân tố kinh tế là nhân tố quyết định duy nhất trong lịch sử D. Cơ sở hạ tầng quyết định kiến trúc thượng tầng nhưng kiến trúc thượng tầng có vai trò tích cực trong sự phát triển lịch sử Đáp án: C là đáp án đúng",,"Loại: Trắc nghiệm triết học; Phần: ; Câu 1134: Phát hiện luận điểm sai trong các luận điểm sau đây: A. Quan hệ sản xuất là những quan hệ xã hội có tính vật chất, quyết định mọi quan hệ xã hội khác B. Nguyên nhân của mọi biến đổi trong lịch sử, xét đến cùng là do tư tưởng của con người đang luôn luôn thay đổi C. Nhân tố kinh tế là nhân tố quyết định duy nhất trong lịch sử D. Cơ sở hạ tầng quyết định kiến trúc thượng tầng nhưng kiến trúc thượng tầng có vai trò tích cực trong sự phát triển lịch sử Đáp án đúng: A. Giải thích: 234 Câu 1135: Hãy chỉ ra luận điểm thuộc lập trường triết học duy vật siêu hình trong lịch sử: A. Quan hệ sản xuất là những quan hệ xã hội có tính vật chất, quyết định mọi quan hệ xã hội khác B. Nguyên nhân của mọi biến đổi trong lịch sử, xét đến cùng là do tư tưởng của con người đang luôn luôn thay đổi C. Nhân tố kinh tế là nhân tố quyết định duy nhất trong lịch sử D. Cơ sở hạ tầng quyết định kiến trúc thượng tầng nhưng kiến trúc thượng tầng có vai trò tích cực trong sự phát triển lịch sử Đáp án: C là đáp án đúng"
mcq_triet_1136,1136,"Hãy chỉ ra một điểm viết không đúng về tính độc lập, tương đối của ý thức:",Thường lạc hậu hơn so với tồn tại xã hội,Không phụ thuộc vào tồn tai xã hội,Tính kế thừa trong sự phát triển,Có thể vượt trước tồn tại xã hội,B,,,"Loại: Trắc nghiệm triết học; Phần: ; Câu 1136: Hãy chỉ ra một điểm viết không đúng về tính độc lập, tương đối của ý thức: A. Thường lạc hậu hơn so với tồn tại xã hội B. Không phụ thuộc vào tồn tai xã hội C. Tính kế thừa trong sự phát triển D. Có thể vượt trước tồn tại xã hội Đáp án đúng: B. Giải thích:"
mcq_triet_1137,1137,Nêu vai trò của thực tiễn đối với nhận thức? Xác đinh câu trả lời thiếu nội dung nhất:,Quan hệ thuê mướn nhân công,Quan hệ phân phối sản phẩm lao động,Quan hệ tổ chức quản lý,Quan hệ sở hữu về tư liệu sản xuất,D,"Câu 1138: Hãy chỉ ra luận điểm thuộc lập trường duy tâm trong bốn luận điểm sau: A. Chân lý là tri thức phản ánh đúng hiện thực khách quan và đã được thực tiễn kiểm nghiệm, vì vậy, có thể áp dụng chân lý đó vào mọi nơi, mọi lúc, mọi việc đều đúng B. Giới động vật và thực vật hoàn toàn tách rời nhau, không có nguồn gốc chung C. Sự phát huy tính năng động chủ quan của con người muốn có hiệu quả bao giờ cũng phải dựa vào cơ sở vật chất D. Chân lý chỉ tồn tại trong nhận thức con người. Vì vậy nội dung của chân lý là do chủ quan của con người tạo ra Đáp án: D là đáp án đúng 235 Câu 1139: Hãy chỉ ra một yếu tố viết thừa về kết cấu của quan hệ sản xuất: A. Quan hệ thuê mướn nhân công B. Quan hệ phân phối sản phẩm lao động C. Quan hệ tổ chức quản lý D. Quan hệ sở hữu về tư liệu sản xuất Đáp án: A là đáp án đúng",,"Loại: Trắc nghiệm triết học; Phần: ; Câu 1137: Nêu vai trò của thực tiễn đối với nhận thức? Xác đinh câu trả lời thiếu nội dung nhất: A. Quan hệ thuê mướn nhân công B. Quan hệ phân phối sản phẩm lao động C. Quan hệ tổ chức quản lý D. Quan hệ sở hữu về tư liệu sản xuất Đáp án đúng: D. Giải thích: Câu 1138: Hãy chỉ ra luận điểm thuộc lập trường duy tâm trong bốn luận điểm sau: A. Chân lý là tri thức phản ánh đúng hiện thực khách quan và đã được thực tiễn kiểm nghiệm, vì vậy, có thể áp dụng chân lý đó vào mọi nơi, mọi lúc, mọi việc đều đúng B. Giới động vật và thực vật hoàn toàn tách rời nhau, không có nguồn gốc chung C. Sự phát huy tính năng động chủ quan của con người muốn có hiệu quả bao giờ cũng phải dựa vào cơ sở vật chất D. Chân lý chỉ tồn tại trong nhận thức con người. Vì vậy nội dung của chân lý là do chủ quan của con người tạo ra Đáp án: D là đáp án đúng 235 Câu 1139: Hãy chỉ ra một yếu tố viết thừa về kết cấu của quan hệ sản xuất: A. Quan hệ thuê mướn nhân công B. Quan hệ phân phối sản phẩm lao động C. Quan hệ tổ chức quản lý D. Quan hệ sở hữu về tư liệu sản xuất Đáp án: A là đáp án đúng"
mcq_triet_1140,1140,Hãy chỉ ra luận điểm thuộc lập trường duy tâm trong bốn luận điểm sau:,"Không có lý luận thì hoạt động thực tiễn của con người mò mẫm, mất phương hướng. Do đó lý luận phải có trước và không phụ thuộc vào thực tiễn",Sự phát huy tính năng động chủ quan của con người muốn có hiệu quả bao giờ cũng phải dựa vào cơ ở vật chất,"Động vật và thực vật hoàn toàn khác nhau, không có nguồn gốc chung",,A,,,"Loại: Trắc nghiệm triết học; Phần: ; Câu 1140: Hãy chỉ ra luận điểm thuộc lập trường duy tâm trong bốn luận điểm sau: A. Không có lý luận thì hoạt động thực tiễn của con người mò mẫm, mất phương hướng. Do đó lý luận phải có trước và không phụ thuộc vào thực tiễn B. Sự phát huy tính năng động chủ quan của con người muốn có hiệu quả bao giờ cũng phải dựa vào cơ ở vật chất C. Động vật và thực vật hoàn toàn khác nhau, không có nguồn gốc chung D.  Đáp án đúng: A. Giải thích:"
mcq_triet_1141,1141,Hãy chỉ ra luận điểm thuộc lập trương triết học duy tâm lịch sử trong các luận điểm sau:,Chỉ dụa vào các quan hệ kinh tế hiện có cũng có thể giải thích đúng bất kỳ tư tưởng pháp quyền nào,"Hoạt động của con người khác với động vật là có ý thức, vì thế ý thức của con người quyết định sự tồn tại của họ","Mọi thuyết đạo đức có từ trước đến nay, xét đến cùng, đều là sản phẩm của tình hình kinh tế lúc bấy giờ",Chỉ dựa vào các quan hệ kinh tế hiện có cũng có thể giải thích đầy đủ bất kỳ học thuyết chính trị nào,B,,,"Loại: Trắc nghiệm triết học; Phần: ; Câu 1141: Hãy chỉ ra luận điểm thuộc lập trương triết học duy tâm lịch sử trong các luận điểm sau: A. Chỉ dụa vào các quan hệ kinh tế hiện có cũng có thể giải thích đúng bất kỳ tư tưởng pháp quyền nào B. Hoạt động của con người khác với động vật là có ý thức, vì thế ý thức của con người quyết định sự tồn tại của họ C. Mọi thuyết đạo đức có từ trước đến nay, xét đến cùng, đều là sản phẩm của tình hình kinh tế lúc bấy giờ D. Chỉ dựa vào các quan hệ kinh tế hiện có cũng có thể giải thích đầy đủ bất kỳ học thuyết chính trị nào Đáp án đúng: B. Giải thích:"
mcq_triet_1142,1142,Hãy chỉ ra luận điểm thuộc lập trường duy vật siêu hình trong bốn luận điểm sau:,"Mâu thuẫn là nguồn gốc, động lực của mọi sự vận động, phát triển",Phủ định của phủ định là sự loại bỏ hoàn toàn sự vật cũ,"Nhân quả là mối liên hệ có tính chủ quan, do con người xác lập","Nhận thức chẳng qua chỉ là phức hợp các cảm giác của con người, do đó không có cảm giác 236 không có nhận thức",B,,,"Loại: Trắc nghiệm triết học; Phần: ; Câu 1142: Hãy chỉ ra luận điểm thuộc lập trường duy vật siêu hình trong bốn luận điểm sau: A. Mâu thuẫn là nguồn gốc, động lực của mọi sự vận động, phát triển B. Phủ định của phủ định là sự loại bỏ hoàn toàn sự vật cũ C. Nhân quả là mối liên hệ có tính chủ quan, do con người xác lập D. Nhận thức chẳng qua chỉ là phức hợp các cảm giác của con người, do đó không có cảm giác 236 không có nhận thức Đáp án đúng: B. Giải thích:"
mcq_triet_1143,1143,Hãy chỉ ra luận điểm thuộc lập trường duy vật siêu hình trong bốn luận điểm sau:,Nhận thức của con người là một quá trình biện chứng,"Cái tất nhiên và cái ngẫu nhiê không có quan hệ với nhau vì cái tất nhiên sâu sác, bên trong, ổn định còn cái ngẫu nhiên phong phú, bên ngoài, biến đổi",Nội dung chân lí có tính khách quan còn hình thức chân lí có tính chủ quan,"Phủ định của phủ định là quy luật phổ biến trog tự nhiên, trog xã hội và tư duy",B,,,"Loại: Trắc nghiệm triết học; Phần: ; Câu 1143: Hãy chỉ ra luận điểm thuộc lập trường duy vật siêu hình trong bốn luận điểm sau: A. Nhận thức của con người là một quá trình biện chứng B. Cái tất nhiên và cái ngẫu nhiê không có quan hệ với nhau vì cái tất nhiên sâu sác, bên trong, ổn định còn cái ngẫu nhiên phong phú, bên ngoài, biến đổi C. Nội dung chân lí có tính khách quan còn hình thức chân lí có tính chủ quan D. Phủ định của phủ định là quy luật phổ biến trog tự nhiên, trog xã hội và tư duy Đáp án đúng: B. Giải thích:"
mcq_triet_1144,1144,Hãy chỉ ra luận điểm thuộc lập trường duy tâm lịch sử trong bốn luận điểm sau:,Giai cấp nào chi phối những tư liệu sản xuất tinh thần thì cũng chi phối luôn cả những tư liệu và điều kiện sản xuất vật chất,Nhà nước và pháp luật là hai yếu tố chỉ có vai trò thụ động đối với các hoạt động kinh tế,Vì bản chất con người là tổng hòa các quan hệ xã hội nên không có các cá nhân khác nhau mà chỉ có xã hội với những con người hoàn toàn khác nhau,"Trí tuệ của các lãnh tụ, các cá nhân kiệt xuất có ảnh hưởng to lớn đến tiến trình lịch sử nhưng quần chúng nhân dân mới có vai trò quyết định Đáp án: A là đáp án đúng",,,,"Loại: Trắc nghiệm triết học; Phần: ; Câu 1144: Hãy chỉ ra luận điểm thuộc lập trường duy tâm lịch sử trong bốn luận điểm sau: A. Giai cấp nào chi phối những tư liệu sản xuất tinh thần thì cũng chi phối luôn cả những tư liệu và điều kiện sản xuất vật chất B. Nhà nước và pháp luật là hai yếu tố chỉ có vai trò thụ động đối với các hoạt động kinh tế C. Vì bản chất con người là tổng hòa các quan hệ xã hội nên không có các cá nhân khác nhau mà chỉ có xã hội với những con người hoàn toàn khác nhau D. Trí tuệ của các lãnh tụ, các cá nhân kiệt xuất có ảnh hưởng to lớn đến tiến trình lịch sử nhưng quần chúng nhân dân mới có vai trò quyết định Đáp án: A là đáp án đúng Đáp án đúng: . Giải thích:"
mcq_triet_1145,1145,Hãy chỉ ra luận điểm thuộc lập trường triết học duy vật lịch sử trong các luận điểm sau:,Quan hện sản xuất là những quan hệ xã hội có tính chất quyết định mọi quan hệ xã hội khác,Sự thịnh suy của mỗi dân tộc là do ý chí của người đúng đầu quốc gia quyết định,Nhân tố kinh tế là nhân tố quyết định duy nhất trong lịch sự,"Nguyên hân của mọi biến đổi trong lịch sử, xét đến cùng là do tư tưởng của con người đang luôn luôn thay đổi",A,,,"Loại: Trắc nghiệm triết học; Phần: ; Câu 1145: Hãy chỉ ra luận điểm thuộc lập trường triết học duy vật lịch sử trong các luận điểm sau: A. Quan hện sản xuất là những quan hệ xã hội có tính chất quyết định mọi quan hệ xã hội khác B. Sự thịnh suy của mỗi dân tộc là do ý chí của người đúng đầu quốc gia quyết định C. Nhân tố kinh tế là nhân tố quyết định duy nhất trong lịch sự D. Nguyên hân của mọi biến đổi trong lịch sử, xét đến cùng là do tư tưởng của con người đang luôn luôn thay đổi Đáp án đúng: A. Giải thích:"
mcq_triet_1146,1146,"Một sinh viên tóm tắt về "" tồn tại xã hội"" và "" ý thúc xã hội"" như sau. Hãy phát hiện một tóm tắt đúng?","Tồn tại xã hội là toàn bộ những yếu tố vật chất và tinh thần mà xã hội dựa vào để phát triển bao gồm phương thức sản xuất, hoàn cảnh địa lý, dân số, Nhà nước và văn hóa 237 B. Tồn tại xã hội phụ thuộc vào ý thức xã hội",,Ý thức xã hội có tính tương đối so với tồn tại xã hội,"Ý thức cá nhân là thế giới tinh thần của từng con người riêng biệt, phản ánh hoàn cảnh sống rieng của con người đó. Vì vật, n nghèo nadn hơn ý thức xã hội Đáp án: C là đáp án đúng",,,,"Loại: Trắc nghiệm triết học; Phần: ; Câu 1146: Một sinh viên tóm tắt về "" tồn tại xã hội"" và "" ý thúc xã hội"" như sau. Hãy phát hiện một tóm tắt đúng? A. Tồn tại xã hội là toàn bộ những yếu tố vật chất và tinh thần mà xã hội dựa vào để phát triển bao gồm phương thức sản xuất, hoàn cảnh địa lý, dân số, Nhà nước và văn hóa 237 B. Tồn tại xã hội phụ thuộc vào ý thức xã hội B.  C. Ý thức xã hội có tính tương đối so với tồn tại xã hội D. Ý thức cá nhân là thế giới tinh thần của từng con người riêng biệt, phản ánh hoàn cảnh sống rieng của con người đó. Vì vật, n nghèo nadn hơn ý thức xã hội Đáp án: C là đáp án đúng Đáp án đúng: . Giải thích:"
mcq_triet_1147,1147,Mâu thuẫn biện chứng là gì? Xác định câu trả lời sai nhất?,"Sự liên tác động lẫn nhau giữa các mặt , thuộc tính, có khuynh hướng biến đổi trái ngược nhau, tồn tại khách quan trong sự vật tạo thành mâu thuẫn biện chứng",Là khuynh hướng biến đổi trái ngược nhau trong sự liên hệ tác động qua lại của các mặt do con người tạo ra,"Là sự tác động lẫn nhau của các mặt có sự khác nhau một cách khách quan, phổ biến giữa các sự vật hiện tượng","Là sự liên hệ phổ bến của các mặt, các thuộc tính trong sự vật hiện tượng, trong sự thống nhất với nhau",A,,,"Loại: Trắc nghiệm triết học; Phần: ; Câu 1147: Mâu thuẫn biện chứng là gì? Xác định câu trả lời sai nhất? A. Sự liên tác động lẫn nhau giữa các mặt , thuộc tính, có khuynh hướng biến đổi trái ngược nhau, tồn tại khách quan trong sự vật tạo thành mâu thuẫn biện chứng B. Là khuynh hướng biến đổi trái ngược nhau trong sự liên hệ tác động qua lại của các mặt do con người tạo ra C. Là sự tác động lẫn nhau của các mặt có sự khác nhau một cách khách quan, phổ biến giữa các sự vật hiện tượng D. Là sự liên hệ phổ bến của các mặt, các thuộc tính trong sự vật hiện tượng, trong sự thống nhất với nhau Đáp án đúng: A. Giải thích:"
mcq_triet_1148,1148,Hãy chỉ ra luận điểm thuộc lập trường triết học duy tâm lịch sử trong những luận điểm sau:,"Trong tất cả những chuyển biến lịch sử thì chuyển biến kinh tế là chuyển biến quan trọng nhất, quyết định sự phát triển của lịch sử",Dân dĩ thực vi thiên,"Do có được những lực lượng sản xuất mới, loài người thay đổi phương thức sản xuất của mình, đồng thời thay đổi tất cả những quan hệ xã hội của mình",Xã hội vận động theo những quy luật phụ thuộc vào ý thức của con người,D,,,"Loại: Trắc nghiệm triết học; Phần: ; Câu 1148: Hãy chỉ ra luận điểm thuộc lập trường triết học duy tâm lịch sử trong những luận điểm sau: A. Trong tất cả những chuyển biến lịch sử thì chuyển biến kinh tế là chuyển biến quan trọng nhất, quyết định sự phát triển của lịch sử B. Dân dĩ thực vi thiên C. Do có được những lực lượng sản xuất mới, loài người thay đổi phương thức sản xuất của mình, đồng thời thay đổi tất cả những quan hệ xã hội của mình D. Xã hội vận động theo những quy luật phụ thuộc vào ý thức của con người Đáp án đúng: D. Giải thích:"
mcq_triet_1149,1149,Mối quan hệ giữa mâu thuẫn bên trong với mâu thuẫn bên ngoài. Xác định câu trả lời đúng nhất?,"Mâu thuẫn bên trong và mâu thuẫn bên ngoài có tác động ngang nhau đối với sự phát triển, vì không có sự vật nào lại chỉ phát triển nhờ mâu thuẫn bên trong","Mâu thuẫn bên trong và mâu thuẫn bên ngoài đều là nguyên nhân của sự phát triển, nhưng suy tới cùng mâu thuẫn bên trong giữ vai trò quyết định nhất, còn mâu thuẫn bên ngoài là không thể thiếu, rất quan trọng. 238 C. Mâu thuẫn bên trong mói giữa vai trò quyết định tuyệt đối còn mâu thuẫn bên ngoài chỉ có tác động phụ đến sự phát triển",,"Mâu thuẫn bên trong hay bên ngoài có vai trò quyết định là tùy thuộc vào hoàn cảnh cụ thể, không thể khẳng định được",B,,,"Loại: Trắc nghiệm triết học; Phần: ; Câu 1149: Mối quan hệ giữa mâu thuẫn bên trong với mâu thuẫn bên ngoài. Xác định câu trả lời đúng nhất? A. Mâu thuẫn bên trong và mâu thuẫn bên ngoài có tác động ngang nhau đối với sự phát triển, vì không có sự vật nào lại chỉ phát triển nhờ mâu thuẫn bên trong B. Mâu thuẫn bên trong và mâu thuẫn bên ngoài đều là nguyên nhân của sự phát triển, nhưng suy tới cùng mâu thuẫn bên trong giữ vai trò quyết định nhất, còn mâu thuẫn bên ngoài là không thể thiếu, rất quan trọng. 238 C. Mâu thuẫn bên trong mói giữa vai trò quyết định tuyệt đối còn mâu thuẫn bên ngoài chỉ có tác động phụ đến sự phát triển C.  D. Mâu thuẫn bên trong hay bên ngoài có vai trò quyết định là tùy thuộc vào hoàn cảnh cụ thể, không thể khẳng định được Đáp án đúng: B. Giải thích:"
mcq_triet_1150,1150,Hãy chỉ ra luận điểm thuộc lập trường triết học duy vật siêu hình trong lịch sử trong những luận điểm sau:,Xã hội là một tổ hợp các bộ phận được cấu thành và biến đổi một cách ngẫu nhiên,Xã hội là một tổng số các bộ phận cấu thành và biến đổi tùy theo ý muốn của con người,tất cả cái gì thúc đẩy con người hành động đều phải thông qua đầu óc của họ. Vì vậy phải tìm động lực sâu xa của lịch sử ở trong tư tưởng và ý chí của con gười,Quy luật kinh tế là quyết định mặc dù chính sách kinh tế có thể kìm hãm hay thúc đẩy sự hoạt động của quy luật đó,A,,,Loại: Trắc nghiệm triết học; Phần: ; Câu 1150: Hãy chỉ ra luận điểm thuộc lập trường triết học duy vật siêu hình trong lịch sử trong những luận điểm sau: A. Xã hội là một tổ hợp các bộ phận được cấu thành và biến đổi một cách ngẫu nhiên B. Xã hội là một tổng số các bộ phận cấu thành và biến đổi tùy theo ý muốn của con người C. tất cả cái gì thúc đẩy con người hành động đều phải thông qua đầu óc của họ. Vì vậy phải tìm động lực sâu xa của lịch sử ở trong tư tưởng và ý chí của con gười D. Quy luật kinh tế là quyết định mặc dù chính sách kinh tế có thể kìm hãm hay thúc đẩy sự hoạt động của quy luật đó Đáp án đúng: A. Giải thích:
mcq_triet_1151,1151,Phát hiện luận điểm sai trong các luận điểm sau đây?,Cái cối xay gió chạy bằng hơi nước đưa lại xã hội có nhà tư bản công nghiệp,Tư liệu lao động là cơ sở của sự kế tục lịch sử,Các quan hệ xã hội tồn tại độc lập với lực lượng sản xuất của xã hội,Trình độ phát triển của tư liệu lao động là thước đo trình độ chinh phục tự nhiên của loài người,C,,,Loại: Trắc nghiệm triết học; Phần: ; Câu 1151: Phát hiện luận điểm sai trong các luận điểm sau đây? A. Cái cối xay gió chạy bằng hơi nước đưa lại xã hội có nhà tư bản công nghiệp B. Tư liệu lao động là cơ sở của sự kế tục lịch sử C. Các quan hệ xã hội tồn tại độc lập với lực lượng sản xuất của xã hội D. Trình độ phát triển của tư liệu lao động là thước đo trình độ chinh phục tự nhiên của loài người Đáp án đúng: C. Giải thích:
mcq_triet_1152,1152,Hãy phát hiện một điểm tóm tắt có nội dung sai trong những tóm tắt sau:,Trong đó phương thức sản xuất chi phối hoàn cảnh tự nhiên và dân số,Chỉ toàn bộ các yếu tố vật chất mà xã hội dựa vào để tồn tại và phát triển,Đó là một khái niệm cơ bản của chủ nghĩa duy vật lịch sử,"bao gồm hoàn cảnh tự nhiên, dân số và phương thức sản xuất tinh thần",D,,,"Loại: Trắc nghiệm triết học; Phần: ; Câu 1152: Hãy phát hiện một điểm tóm tắt có nội dung sai trong những tóm tắt sau: A. Trong đó phương thức sản xuất chi phối hoàn cảnh tự nhiên và dân số B. Chỉ toàn bộ các yếu tố vật chất mà xã hội dựa vào để tồn tại và phát triển C. Đó là một khái niệm cơ bản của chủ nghĩa duy vật lịch sử D. bao gồm hoàn cảnh tự nhiên, dân số và phương thức sản xuất tinh thần Đáp án đúng: D. Giải thích:"
mcq_triet_1153,1153,"Xác định quan niệm sai về mối quan hệ giữa cái chung và cái riêng: 239 A. Cái chung chỉ tồn tại trong cái riêng, thông qua cái riêng B. Quan hệ giữa cái chung và cái riêng là quan hệ tính chủ quan C. Quan hệ giữa cái chung và cái riêng là có tính phổ biến D. Cái chung là bộ phận còn cái riêng là cái toàn thể Đáp án: B là đáp án đúng Câu 1154: Những thời đại kinh tế khác nhau không phải ở chỗ chúng sản xuất ra cái gì, mà là ở chỗ chúng sản xuất bằng cacgs nào, với những tư liệu lao động nào. Luận điểm trên đây thuộc lập trường triết học nào? Chọn câu trả lời đúng:",Thuyết không thể biết,Chủ nghĩa duy tâm lịch sử,chủ nghĩa duy vật biejn chứng lịch sử,Chủ nghĩa duy vật tầm thường ( Chủ nghĩa duy vật kinh tế),B,,,"Loại: Trắc nghiệm triết học; Phần: ; Câu 1153: Xác định quan niệm sai về mối quan hệ giữa cái chung và cái riêng: 239 A. Cái chung chỉ tồn tại trong cái riêng, thông qua cái riêng B. Quan hệ giữa cái chung và cái riêng là quan hệ tính chủ quan C. Quan hệ giữa cái chung và cái riêng là có tính phổ biến D. Cái chung là bộ phận còn cái riêng là cái toàn thể Đáp án: B là đáp án đúng Câu 1154: Những thời đại kinh tế khác nhau không phải ở chỗ chúng sản xuất ra cái gì, mà là ở chỗ chúng sản xuất bằng cacgs nào, với những tư liệu lao động nào. Luận điểm trên đây thuộc lập trường triết học nào? Chọn câu trả lời đúng: A. Thuyết không thể biết B. Chủ nghĩa duy tâm lịch sử C. chủ nghĩa duy vật biejn chứng lịch sử D. Chủ nghĩa duy vật tầm thường ( Chủ nghĩa duy vật kinh tế) Đáp án đúng: B. Giải thích:"
mcq_triet_1155,1155,Hãy phát hiện một điểm tóm tắt sai nội dung mối quan hệ biện chứng giữa lực lượng sản xuất và quan hệ sản xuất:,Lực lượng sản xuất và quan hệ ản xuất là hai mặt của phương thức sản xuất tồn tại không tách rời nhau,Tác động biện chứng giữa hai mặt đó tạo thành quy luật về sự phù hợp của quan hệ sản xuất với trình độ và tính chất của lực lượng sản xuất,Đó là quy luật xã hội phổ biến trong tất cả các xã họi khong có đối khàn giai cấp,"Quy luật này vạch rõ sự phụ thuộc khách quan của quan hệ sản xuất vào sự phát triển của lực lượng sản xuất, đồng thời quan hệ vật chất cũng tác động trở lại lực lượng sản xuất",C,,,"Loại: Trắc nghiệm triết học; Phần: ; Câu 1155: Hãy phát hiện một điểm tóm tắt sai nội dung mối quan hệ biện chứng giữa lực lượng sản xuất và quan hệ sản xuất: A. Lực lượng sản xuất và quan hệ ản xuất là hai mặt của phương thức sản xuất tồn tại không tách rời nhau B. Tác động biện chứng giữa hai mặt đó tạo thành quy luật về sự phù hợp của quan hệ sản xuất với trình độ và tính chất của lực lượng sản xuất C. Đó là quy luật xã hội phổ biến trong tất cả các xã họi khong có đối khàn giai cấp D. Quy luật này vạch rõ sự phụ thuộc khách quan của quan hệ sản xuất vào sự phát triển của lực lượng sản xuất, đồng thời quan hệ vật chất cũng tác động trở lại lực lượng sản xuất Đáp án đúng: C. Giải thích:"
mcq_triet_1156,1156,Xác định quan niệm sai về vai trò của mâu thuẫn và của quy luật mâu thuẫn:,"Mâu thuẫn vừa có tính khách quan, vừa có tính phôt biến trong tự nhiên, xã hội và nhận thức","Không chỉ cần nắm được vai trò động lực, nguồn gốc của mâu thuẫn trong phát triển mà còn biêt phân biệt các mâu thuẫn khác nhau để có giải pháp goải quyết khác nhau","Quy luật mâu thuẫn là hạt nhân của phép biện chứng duy vật, nó chỉ phương hướng của sự phát triển 240 D. Sự vật tự nhiên muốn có mâu thuẫn bên trong, mâu thuẫn này là nguồn gốc vận động của sự vật",,C,,,"Loại: Trắc nghiệm triết học; Phần: ; Câu 1156: Xác định quan niệm sai về vai trò của mâu thuẫn và của quy luật mâu thuẫn: A. Mâu thuẫn vừa có tính khách quan, vừa có tính phôt biến trong tự nhiên, xã hội và nhận thức B. Không chỉ cần nắm được vai trò động lực, nguồn gốc của mâu thuẫn trong phát triển mà còn biêt phân biệt các mâu thuẫn khác nhau để có giải pháp goải quyết khác nhau C. Quy luật mâu thuẫn là hạt nhân của phép biện chứng duy vật, nó chỉ phương hướng của sự phát triển 240 D. Sự vật tự nhiên muốn có mâu thuẫn bên trong, mâu thuẫn này là nguồn gốc vận động của sự vật D.  Đáp án đúng: C. Giải thích:"
mcq_triet_1157,1157,"Phương thức sản xuất đời sống vật chất ....................... toàn bộ đời sống xã hội, đời sống chính trị và đời sống tinh thần của xã hội. Luận điểm này viết thiếu hai từ. Hãy chọn cụm từ đúng nhất cho chỗ viết thiếu đó:",Chi phối,Liên quan,Thúc đẩy,Phụ thuộc,A,,,"Loại: Trắc nghiệm triết học; Phần: ; Câu 1157: Phương thức sản xuất đời sống vật chất ....................... toàn bộ đời sống xã hội, đời sống chính trị và đời sống tinh thần của xã hội. Luận điểm này viết thiếu hai từ. Hãy chọn cụm từ đúng nhất cho chỗ viết thiếu đó: A. Chi phối B. Liên quan C. Thúc đẩy D. Phụ thuộc Đáp án đúng: A. Giải thích:"
mcq_triet_1158,1158,Xác định quan niệm sai về quy luật phủ định của phủ định:,"Phủ định của phủ định là vòng khâu của sự phát triển, mỗi chu kỳ hình như lặp lại giai đoạn đầu","Phủ định của phủ định có hình xoáy ốc theo hướng tiến lên đến vô tận, không có khởi đầu",Phủ định của phủ định có tính khách quan còn phủ định trong tư duy là sự phản ánh phủ định trong hiện thực,Phủ định của phủ định là quy luật chỉ tồn tại trong giới tự nhiên,D,,,"Loại: Trắc nghiệm triết học; Phần: ; Câu 1158: Xác định quan niệm sai về quy luật phủ định của phủ định: A. Phủ định của phủ định là vòng khâu của sự phát triển, mỗi chu kỳ hình như lặp lại giai đoạn đầu B. Phủ định của phủ định có hình xoáy ốc theo hướng tiến lên đến vô tận, không có khởi đầu C. Phủ định của phủ định có tính khách quan còn phủ định trong tư duy là sự phản ánh phủ định trong hiện thực D. Phủ định của phủ định là quy luật chỉ tồn tại trong giới tự nhiên Đáp án đúng: D. Giải thích:"
mcq_triet_1159,1159,Điều kiện sinh hoạt vật chất của xã hội bao gồm các yếu tố: hãy chỉ ra một yếu tố viết thừa và không đúng:,Văn hóa phi vật thể,Hoàn cảnh tự nhiên,Phương thức sản xuất,Dân số,A,,,Loại: Trắc nghiệm triết học; Phần: ; Câu 1159: Điều kiện sinh hoạt vật chất của xã hội bao gồm các yếu tố: hãy chỉ ra một yếu tố viết thừa và không đúng: A. Văn hóa phi vật thể B. Hoàn cảnh tự nhiên C. Phương thức sản xuất D. Dân số Đáp án đúng: A. Giải thích:
mcq_triet_1160,1160,Lực lượng sản xuất vật chất bao gồm các yếu tố: Hãy chỉ ra một yếu tố viết thừa:,Đối tượng lao động,Công cụ lao động,Tư liệu lao động 241 D. Người lao động,,B,,,Loại: Trắc nghiệm triết học; Phần: ; Câu 1160: Lực lượng sản xuất vật chất bao gồm các yếu tố: Hãy chỉ ra một yếu tố viết thừa: A. Đối tượng lao động B. Công cụ lao động C. Tư liệu lao động 241 D. Người lao động D.  Đáp án đúng: B. Giải thích:
mcq_triet_1161,1161,Xác định câu trả lời đúng nhất về ý nghĩa của phương pháp luận của quy luật phủ định của phủ định:,"Phủ định của phủ định là quá trình cái cũ mất đi, cái mới hợp quy luật ra đời. Cái mới ra đời thường gặp nhiều khó khăn, trở ngại. Cần có thái độ tích cực ủng hộ, giúp đỡ, bảo vệ cái mới và kiên quyết từ bỏ cái cũ lỗi thời","Phủ định của phủ định là quá trình cái cũ ra đời. Cần có thái độ giúp đỡ, ủng hộ, bảo vệ cái mới. Vì khi nó ra đời thường gặp nhiều khó khăn","Phủ định của phủ định là làm cho cái cũ mất đi, cái mới ra đời phù hợp với quy luật. Cần phải xây dựng thái độ ủng hộ, giúp đỡ, phê phán cái mới","Phủ định của phủ định là quá trình cái cũ mất đi, cái mới ra đời hợp với quy luật. Cần có nhận thức đúng về vai trò tích cực, tiến bộ của cái mới Đáp án: A là đáp án đúng",,,,"Loại: Trắc nghiệm triết học; Phần: ; Câu 1161: Xác định câu trả lời đúng nhất về ý nghĩa của phương pháp luận của quy luật phủ định của phủ định: A. Phủ định của phủ định là quá trình cái cũ mất đi, cái mới hợp quy luật ra đời. Cái mới ra đời thường gặp nhiều khó khăn, trở ngại. Cần có thái độ tích cực ủng hộ, giúp đỡ, bảo vệ cái mới và kiên quyết từ bỏ cái cũ lỗi thời B. Phủ định của phủ định là quá trình cái cũ ra đời. Cần có thái độ giúp đỡ, ủng hộ, bảo vệ cái mới. Vì khi nó ra đời thường gặp nhiều khó khăn C. Phủ định của phủ định là làm cho cái cũ mất đi, cái mới ra đời phù hợp với quy luật. Cần phải xây dựng thái độ ủng hộ, giúp đỡ, phê phán cái mới D. Phủ định của phủ định là quá trình cái cũ mất đi, cái mới ra đời hợp với quy luật. Cần có nhận thức đúng về vai trò tích cực, tiến bộ của cái mới Đáp án: A là đáp án đúng Đáp án đúng: . Giải thích:"
mcq_triet_1162,1162,"Theo quan điểm duy vật lịch sử, nhân tố ...................... trong lịch sử, xét đến cùng là sự sản xuất và tái sản xuất ra đời sống hiện thực. Luận điểm trên bị viết thiếu hai từ. Hãy chọn cụm từ đúng nhất cho sự viết thiếu đó:",Quan trọng,Chủ yếu,Thứ yếu,Quyết định,D,,,"Loại: Trắc nghiệm triết học; Phần: ; Câu 1162: Theo quan điểm duy vật lịch sử, nhân tố ...................... trong lịch sử, xét đến cùng là sự sản xuất và tái sản xuất ra đời sống hiện thực. Luận điểm trên bị viết thiếu hai từ. Hãy chọn cụm từ đúng nhất cho sự viết thiếu đó: A. Quan trọng B. Chủ yếu C. Thứ yếu D. Quyết định Đáp án đúng: D. Giải thích:"
mcq_triet_1163,1163,Hãy phát hiện một điểm tóm tắt trong đó có nội dung sai về mối quan hệ giữa cơ sở hạ tầng và kiến trúc thượng tầng:,"Từ trong toàn bộ các quan hệ xã hội hết sưc phức tạp Mác đã phân biệt những quan hệ vật chất tạo nên cơ sở hạ tầng xã hội, với những quan hệ tư tưởng tinh thần tại lên kiến trúc thượng tầng của xã hội",Cơ sở hạ tầng là toàn bộ những quan hệ sản xuất hợp thành cơ cấu kinh tế của một xã hội nhất định,"Kiến trúc thượng tầng là toàn bộ những quan điểm xã hội, những thiết chế tương ứng và 242 những quan hệ nội tại của thượng tầng, hignh thành trên một cơ sở hạ tầng nhất định",Cơ sở hạ tầng nào thì sinh ra kiến trúc thượng tầng ấy nên giữa chúng luôn luôn không có sự mâu thuẫn nào cả,D,,,"Loại: Trắc nghiệm triết học; Phần: ; Câu 1163: Hãy phát hiện một điểm tóm tắt trong đó có nội dung sai về mối quan hệ giữa cơ sở hạ tầng và kiến trúc thượng tầng: A. Từ trong toàn bộ các quan hệ xã hội hết sưc phức tạp Mác đã phân biệt những quan hệ vật chất tạo nên cơ sở hạ tầng xã hội, với những quan hệ tư tưởng tinh thần tại lên kiến trúc thượng tầng của xã hội B. Cơ sở hạ tầng là toàn bộ những quan hệ sản xuất hợp thành cơ cấu kinh tế của một xã hội nhất định C. Kiến trúc thượng tầng là toàn bộ những quan điểm xã hội, những thiết chế tương ứng và 242 những quan hệ nội tại của thượng tầng, hignh thành trên một cơ sở hạ tầng nhất định D. Cơ sở hạ tầng nào thì sinh ra kiến trúc thượng tầng ấy nên giữa chúng luôn luôn không có sự mâu thuẫn nào cả Đáp án đúng: D. Giải thích:"
mcq_triet_1164,1164,Quy luật về sự phù hợp của quan hệ sản xuất với trình độ và tính chất của lực lượng sản xuất là quy luật ................................ ..... của sự phát triển. Luận điểm này bị viết thiếu hai từ. hãy chon ra cụm từ đúng cho chỗ viết thiếu đó:,Chung nhất,Tạm thời,Riêng biệt,Đặc thù,A,,,Loại: Trắc nghiệm triết học; Phần: ; Câu 1164: Quy luật về sự phù hợp của quan hệ sản xuất với trình độ và tính chất của lực lượng sản xuất là quy luật ................................ ..... của sự phát triển. Luận điểm này bị viết thiếu hai từ. hãy chon ra cụm từ đúng cho chỗ viết thiếu đó: A. Chung nhất B. Tạm thời C. Riêng biệt D. Đặc thù Đáp án đúng: A. Giải thích:
mcq_triet_1165,1165,Hãy phát hiện một điểm tóm tắt sai nội dung về mối quan hệ giữa lực lượng sản xuất với quan hệ sản xuất:,Lực lượng sản xuất là hình thức còn quan hệ sản xuất là nội dung của phương thức sản xuất,Tác động biện chứng giữa hai mặt đó tạo thành quy luật về sự phù hợp của quan hệ sản xuất với trình độ và tính chất của lực lượng sản xuất,Đó là quy luật xã hội phổ biến của toàn bộ lịch sử loài người,Quy luật này vạch rõ sự phụ thuộc khách quan của quan hệ sản xuất vào sự phát triển của lực lượng sản xuất đồng thời quan hệ sản xuất cũng tác động lại lực lượng sản xuất,A,,,Loại: Trắc nghiệm triết học; Phần: ; Câu 1165: Hãy phát hiện một điểm tóm tắt sai nội dung về mối quan hệ giữa lực lượng sản xuất với quan hệ sản xuất: A. Lực lượng sản xuất là hình thức còn quan hệ sản xuất là nội dung của phương thức sản xuất B. Tác động biện chứng giữa hai mặt đó tạo thành quy luật về sự phù hợp của quan hệ sản xuất với trình độ và tính chất của lực lượng sản xuất C. Đó là quy luật xã hội phổ biến của toàn bộ lịch sử loài người D. Quy luật này vạch rõ sự phụ thuộc khách quan của quan hệ sản xuất vào sự phát triển của lực lượng sản xuất đồng thời quan hệ sản xuất cũng tác động lại lực lượng sản xuất Đáp án đúng: A. Giải thích:
mcq_triet_1166,1166,Ý nghĩa phương pháp luận của mối quan hệ biện chững giữa hiện tượng và bản chất:,"Hiện tượng là biểu hiện ra bên ngoài của bản chất, thường làm sai lệch bản chất nên tốt nhất là nhận thức, hành động đi thẳng vào bản chất sẽ tránh được sai lầm","Phương pháp nhận thức đúng là đi từ hiện tượng đến bản chất, đi từ bản chất ít sâu sắc đến bản chất sâu sắc hơn, không nhầm lẫn hiện tượng với bản chất","Nhận thức và hành động của con người không thể đạt tới bản chất của sự vật vì nó bị vô số hiện tượng bao bọc bên ngoài, trong đó lại có những hiện tượng làm sai lạc, xuyên tặc bản chất","Chỉ có bản chất mới là mối quan hệ khách quan, còn hiện tượng là mối quan hệ chủ quan do 243 tác động tiêu cực của con người tạo ra làm sai lạc bản chất. Do đó, muốn nhận thức đúng bản chất, con người đi thẳng vào tìm hiểu và nắm lấy bản chất sẽ tránh được sai lầm c.",B,,,"Loại: Trắc nghiệm triết học; Phần: ; Câu 1166: Ý nghĩa phương pháp luận của mối quan hệ biện chững giữa hiện tượng và bản chất: A. Hiện tượng là biểu hiện ra bên ngoài của bản chất, thường làm sai lệch bản chất nên tốt nhất là nhận thức, hành động đi thẳng vào bản chất sẽ tránh được sai lầm B. Phương pháp nhận thức đúng là đi từ hiện tượng đến bản chất, đi từ bản chất ít sâu sắc đến bản chất sâu sắc hơn, không nhầm lẫn hiện tượng với bản chất C. Nhận thức và hành động của con người không thể đạt tới bản chất của sự vật vì nó bị vô số hiện tượng bao bọc bên ngoài, trong đó lại có những hiện tượng làm sai lạc, xuyên tặc bản chất D. Chỉ có bản chất mới là mối quan hệ khách quan, còn hiện tượng là mối quan hệ chủ quan do 243 tác động tiêu cực của con người tạo ra làm sai lạc bản chất. Do đó, muốn nhận thức đúng bản chất, con người đi thẳng vào tìm hiểu và nắm lấy bản chất sẽ tránh được sai lầm c. Đáp án đúng: B. Giải thích:"
mcq_triet_1167,1167,Ý thức xã hội là sự phản ánh tích cực xủa tồn tại xã hội. Luận điểm này thuộc lập trường triết học nào? Chọn câu trả lời đúng nhất:,Chủ nghĩa duy tâm khách quan,Chủ nghĩa duy tâm,Chủ nghĩa duy vật,Chủ nghĩa duy vật lịch sử,D,,,Loại: Trắc nghiệm triết học; Phần: ; Câu 1167: Ý thức xã hội là sự phản ánh tích cực xủa tồn tại xã hội. Luận điểm này thuộc lập trường triết học nào? Chọn câu trả lời đúng nhất: A. Chủ nghĩa duy tâm khách quan B. Chủ nghĩa duy tâm C. Chủ nghĩa duy vật D. Chủ nghĩa duy vật lịch sử Đáp án đúng: D. Giải thích:
mcq_triet_1168,1168,"Ý thức xã hội là cái phản ánh tồn tai xã hội, vì vậy nó không có vai trò gì đối với tồn tại xã hội. Quan điểm này thuộc lập trường triết học nào? Chọn câu trả lời đúng nhất:",Chủ nghĩa duy vật biện chứng lịch sử,Chủ nghĩa dy tâm lịch sử,Chủ nghĩa duy vật siêu hình,Chủ nghĩa duy vật tầm thường( Chủ nghĩa duy vật kinh tế),C,,,"Loại: Trắc nghiệm triết học; Phần: ; Câu 1168: Ý thức xã hội là cái phản ánh tồn tai xã hội, vì vậy nó không có vai trò gì đối với tồn tại xã hội. Quan điểm này thuộc lập trường triết học nào? Chọn câu trả lời đúng nhất: A. Chủ nghĩa duy vật biện chứng lịch sử B. Chủ nghĩa dy tâm lịch sử C. Chủ nghĩa duy vật siêu hình D. Chủ nghĩa duy vật tầm thường( Chủ nghĩa duy vật kinh tế) Đáp án đúng: C. Giải thích:"
mcq_triet_1169,1169,Ý nghĩa phương pháp luận của mối quan hệ giữa nội dung và hình thức là gì? Xác định câu trả lời đúng và đầy đủ nhất?,"Trong nhận thức và hành động không được tách rời hoặc tuyệt đối hóa một mặt nội dung hay hình thức. Phải coi trọng nội dung đồng thời phải chú trọng thích đáng tới hình thức, bảo đảm cho nội dung có một hình thức phù hợp nhất. Khi một trong chúng đã tỏ ra lỗi thời thì phải thay đổi cho phù hợp","Trong nhận thức và hành động không được tách rời, tuyệt đối hóa một mặt nội dung hay hình thức. Trước hết phải chú trọng vai trò quyết định của hình thức, đồng thời coi trọng nội dung. Khi một trong chúng đã lỗi thời phải thay đổi cho phù hợp, chống chủ nghĩa hình thức","Trong nhận thức và hành động không được tách rời, tuyệt đối hóa một mặt nội dung hay hình thức. Trước hết phải chú trọng vai trò quyết định của nội dung, nhưng phải chú trọng tới hình thức 244 D. Trong nhận thức và hành động không thể tuyệt đối hóa một mặt nội dung hay hình thức",,A,,,"Loại: Trắc nghiệm triết học; Phần: ; Câu 1169: Ý nghĩa phương pháp luận của mối quan hệ giữa nội dung và hình thức là gì? Xác định câu trả lời đúng và đầy đủ nhất? A. Trong nhận thức và hành động không được tách rời hoặc tuyệt đối hóa một mặt nội dung hay hình thức. Phải coi trọng nội dung đồng thời phải chú trọng thích đáng tới hình thức, bảo đảm cho nội dung có một hình thức phù hợp nhất. Khi một trong chúng đã tỏ ra lỗi thời thì phải thay đổi cho phù hợp B. Trong nhận thức và hành động không được tách rời, tuyệt đối hóa một mặt nội dung hay hình thức. Trước hết phải chú trọng vai trò quyết định của hình thức, đồng thời coi trọng nội dung. Khi một trong chúng đã lỗi thời phải thay đổi cho phù hợp, chống chủ nghĩa hình thức C. Trong nhận thức và hành động không được tách rời, tuyệt đối hóa một mặt nội dung hay hình thức. Trước hết phải chú trọng vai trò quyết định của nội dung, nhưng phải chú trọng tới hình thức 244 D. Trong nhận thức và hành động không thể tuyệt đối hóa một mặt nội dung hay hình thức D.  Đáp án đúng: A. Giải thích:"
mcq_triet_1170,1170,Quan hệ biện chứng giữa nguyên nhân và kết quả thể hiện như nào? Xác định câu trả lời theo quan điểm siêu hình:,"Trong điều kiện xác định, nguyên nhân có sau kết quả. Một nguyên nhân có thể sinh ra nhiều kết quả và ngược lại. Nguyên nhân và kết quả có thể chuyển hóa cho nhau","Trong điều kiện xác định, nguyên nhân có trước kết quả, một nguyên nhân chi sinh ra một kết quả và ngược lại, nguyên nhân và kết quả không thê chuyển hóa cho nhau","Trong những điều kiện xác định, nguyên nhân có trước kết quả, một nguyên nhân sinh ra nhiều kết quả và ngược lại, nguyên nhân và kết quả có thể chuyển hóa cho nhau","Trong điều kiện xác định, nguyên nhân có trước kết quả, một nguyên nhân sinh ra nhiều kết quả và ngược lại. Nguyên nhân và kết quả có thể chuyển hóa cho nhau trong quá trình vận động",B,,,"Loại: Trắc nghiệm triết học; Phần: ; Câu 1170: Quan hệ biện chứng giữa nguyên nhân và kết quả thể hiện như nào? Xác định câu trả lời theo quan điểm siêu hình: A. Trong điều kiện xác định, nguyên nhân có sau kết quả. Một nguyên nhân có thể sinh ra nhiều kết quả và ngược lại. Nguyên nhân và kết quả có thể chuyển hóa cho nhau B. Trong điều kiện xác định, nguyên nhân có trước kết quả, một nguyên nhân chi sinh ra một kết quả và ngược lại, nguyên nhân và kết quả không thê chuyển hóa cho nhau C. Trong những điều kiện xác định, nguyên nhân có trước kết quả, một nguyên nhân sinh ra nhiều kết quả và ngược lại, nguyên nhân và kết quả có thể chuyển hóa cho nhau D. Trong điều kiện xác định, nguyên nhân có trước kết quả, một nguyên nhân sinh ra nhiều kết quả và ngược lại. Nguyên nhân và kết quả có thể chuyển hóa cho nhau trong quá trình vận động Đáp án đúng: B. Giải thích:"
mcq_triet_1171,1171,"Trong mọi thời đại, những tư tưởng của giai cấp thóng trị là những tư tưởng thống nhất xã hội. Luận điểm này thể hiện lập trường triết học nào. Chọn câu trả lời đúng nhất:",Chủ nghĩa duy vật tầm thường( chủ nghĩa kinh tế),Chủ nghĩa duy tâm chủ quan,Chủ nghĩa duy tâm lịch sử,Chủ nghĩa duy vật lịch sử,D,,,"Loại: Trắc nghiệm triết học; Phần: ; Câu 1171: Trong mọi thời đại, những tư tưởng của giai cấp thóng trị là những tư tưởng thống nhất xã hội. Luận điểm này thể hiện lập trường triết học nào. Chọn câu trả lời đúng nhất: A. Chủ nghĩa duy vật tầm thường( chủ nghĩa kinh tế) B. Chủ nghĩa duy tâm chủ quan C. Chủ nghĩa duy tâm lịch sử D. Chủ nghĩa duy vật lịch sử Đáp án đúng: D. Giải thích:"
mcq_triet_1172,1172,Một sinh viên giải thích nguyên tắc thống nhất giữa lý luận và thực tiễn trong hoạt động nhận thức và hoạt động thực tiễn như sau. Phát hiện một giải thích không chính xác?,Thực tiễn mà không có lí luận hướng dẫn thì thành thực tiễn mù quáng,Lý luận mà không liên hệ với thực tiễn là lý luận suông,Lý luận đóng vai trò quyết định trong quan hệ đối với thực tiễn,"Thực tiễn là hoạt động vật chất, còn lý luận là hoạt động tinh thần",C,,,"Loại: Trắc nghiệm triết học; Phần: ; Câu 1172: Một sinh viên giải thích nguyên tắc thống nhất giữa lý luận và thực tiễn trong hoạt động nhận thức và hoạt động thực tiễn như sau. Phát hiện một giải thích không chính xác? A. Thực tiễn mà không có lí luận hướng dẫn thì thành thực tiễn mù quáng B. Lý luận mà không liên hệ với thực tiễn là lý luận suông C. Lý luận đóng vai trò quyết định trong quan hệ đối với thực tiễn D. Thực tiễn là hoạt động vật chất, còn lý luận là hoạt động tinh thần Đáp án đúng: C. Giải thích:"
mcq_triet_1173,1173,"Mọi thuyết đạo đức có từ trước đến nay, xét đến cùng, đều là sản phẩm của tình hình 245 kinh tế lúc bấy giờ. Quan điểm này thuộc lập trường triết học nào? Chọn câu trả lời đúng nhất:",Chủ nghĩa duy tâm lịch sử,Chủ nghĩa duy vật lịch sử,Chủ nghĩa duy vật,Nhị nguyên luận,B,,,"Loại: Trắc nghiệm triết học; Phần: ; Câu 1173: Mọi thuyết đạo đức có từ trước đến nay, xét đến cùng, đều là sản phẩm của tình hình 245 kinh tế lúc bấy giờ. Quan điểm này thuộc lập trường triết học nào? Chọn câu trả lời đúng nhất: A. Chủ nghĩa duy tâm lịch sử B. Chủ nghĩa duy vật lịch sử C. Chủ nghĩa duy vật D. Nhị nguyên luận Đáp án đúng: B. Giải thích:"
mcq_triet_1174,1174,"Muốn phân tích một hình thái ý thức xã hội nào đó thì phải làm gì? Một sinh viên đã trả lời như sau, hãy chỉ ra một trả lời sai?",Trước hết cần chú ý đến cá điều kiên kinh tế-xã hội đã sinh ra nó,Đồng thời xém xét những yếu tố mà nó kế thừa được trong ý thức của các thời đai trước,Mặt khác cũng phải chú ý đến sự tác động lên nó của các hình thái ý thức xã hội khác,Phải lưu ý rằng tính độc lập của hình thái ý thức xã hội đối với tồn tại xã hội là tuyệt đối,D,,,"Loại: Trắc nghiệm triết học; Phần: ; Câu 1174: Muốn phân tích một hình thái ý thức xã hội nào đó thì phải làm gì? Một sinh viên đã trả lời như sau, hãy chỉ ra một trả lời sai? A. Trước hết cần chú ý đến cá điều kiên kinh tế-xã hội đã sinh ra nó B. Đồng thời xém xét những yếu tố mà nó kế thừa được trong ý thức của các thời đai trước C. Mặt khác cũng phải chú ý đến sự tác động lên nó của các hình thái ý thức xã hội khác D. Phải lưu ý rằng tính độc lập của hình thái ý thức xã hội đối với tồn tại xã hội là tuyệt đối Đáp án đúng: D. Giải thích:"
mcq_triet_1175,1175,"Hoạt động của con người khác với động vật là có ý thức, vì thế ý thức của con người quyết định sự tồn tại của họ. Luận điểm này thể hiện lập trường triết học nào? Chọn câu trả lời đúng nhất:",Chủ nghĩa duy vật,Chủ nghĩa duy vật lịch sử,Chủ nghĩa duy tâm,Chủ nghĩa duy vật tầm thường( chủ nghĩa kinh tế),B,,,"Loại: Trắc nghiệm triết học; Phần: ; Câu 1175: Hoạt động của con người khác với động vật là có ý thức, vì thế ý thức của con người quyết định sự tồn tại của họ. Luận điểm này thể hiện lập trường triết học nào? Chọn câu trả lời đúng nhất: A. Chủ nghĩa duy vật B. Chủ nghĩa duy vật lịch sử C. Chủ nghĩa duy tâm D. Chủ nghĩa duy vật tầm thường( chủ nghĩa kinh tế) Đáp án đúng: B. Giải thích:"
mcq_triet_1176,1176,Ý nghĩa phương pháp luận của quy luật phủ định của phủ định. Xác định câu trả lời đúng nhất?,"Phủ định của phủ định là quá trình cái cũ mất di,cái mới hợp quy luậy ra đời. Cái mới ra đời thường gặp nhiều khó khăn, trở ngại. Cần có thái độ tích cực ủng hộ, giúp đỡ, bảo vệ cái mới và kiên quyết từ bỏ cái cũ lỗi thời","Phủ định của phủ định là quá trình cái mới ra đời. Cần có thái độ giúp đỡ, ủng hộ, bảo vệ cái mới. Vì khi nó ra đời thường xuyên gặp nhiều khó khăn 246 C. Phủ định của phủ định là làm cho cái cũ mất đi, cái mới ra đời hợp với quy luật.Cần phải xây dựng thái độ ủng hộ, giúp đỡ, phê phán cái mới",,"Phủ định của phủ định là quá trình cái cũ mất đi, cái mới ra đời hợp với quy luật. Cần có nhận thức đúng về vai trò của quy luật. cần có nhận thức đúng về vai trò tích cực, tiến bộ của cái mới",A,,,"Loại: Trắc nghiệm triết học; Phần: ; Câu 1176: Ý nghĩa phương pháp luận của quy luật phủ định của phủ định. Xác định câu trả lời đúng nhất? A. Phủ định của phủ định là quá trình cái cũ mất di,cái mới hợp quy luậy ra đời. Cái mới ra đời thường gặp nhiều khó khăn, trở ngại. Cần có thái độ tích cực ủng hộ, giúp đỡ, bảo vệ cái mới và kiên quyết từ bỏ cái cũ lỗi thời B. Phủ định của phủ định là quá trình cái mới ra đời. Cần có thái độ giúp đỡ, ủng hộ, bảo vệ cái mới. Vì khi nó ra đời thường xuyên gặp nhiều khó khăn 246 C. Phủ định của phủ định là làm cho cái cũ mất đi, cái mới ra đời hợp với quy luật.Cần phải xây dựng thái độ ủng hộ, giúp đỡ, phê phán cái mới C.  D. Phủ định của phủ định là quá trình cái cũ mất đi, cái mới ra đời hợp với quy luật. Cần có nhận thức đúng về vai trò của quy luật. cần có nhận thức đúng về vai trò tích cực, tiến bộ của cái mới Đáp án đúng: A. Giải thích:"
mcq_triet_1177,1177,"Phương thức sản xuất đời sống vật chất phụ thuộc vào đời sống chính trị, đời sống xã hội và đời sống tinh thần ní chung. Luận điểm ày đã viết sai cụm từ nào? chọn câu trả lời đúng nhất:",Phụ thuộc,Phương thức sản xuất,Đời sống chính trị,Đời sống tinh thần,A,,,"Loại: Trắc nghiệm triết học; Phần: ; Câu 1177: Phương thức sản xuất đời sống vật chất phụ thuộc vào đời sống chính trị, đời sống xã hội và đời sống tinh thần ní chung. Luận điểm ày đã viết sai cụm từ nào? chọn câu trả lời đúng nhất: A. Phụ thuộc B. Phương thức sản xuất C. Đời sống chính trị D. Đời sống tinh thần Đáp án đúng: A. Giải thích:"
mcq_triet_1178,1178,Có thể tóm tắt mối quan hệ giữa cơ sở hạ tầng với kiến trúc thượng tầng theo mấy điểm sau. Hãy phát hiện một điểm tóm tát trong đó có nội dung sai?,"Từ trong toàn bộ các quan hệ hết sức phức tạp Mác đã phân biệt những quan hệ vật chất tạo nên cơ sở hạ tầng của xã hội, với những quan hệ tư tưởng tinh thần tạo nên kiến trúc thượng tầng của xã hội",Cơ sở hạ tầng là toàn bộ những quan hệ sản xuất hợp thành cơ cấu kinh tế của một xã hội nhất định,"Kiến thức thượng tầng là toàn bộ những quan điểm xã hội, những thiết chế tương ứng và những quan hệ nội tại của thượng tầng, hình thành trên một cơ sở hạ tầng nhất định",Cơ sở hạ tầng nào thì sinh ra kiến trúc thượng tầng ấy đồng thời kiến trúc thượng tầng tác động trở lại cơ sở hạ tầng. Bất cứ sự biến đổi nào trong kiến trúc thượng tầng cũng được giải thích chỉ bằng những nguyên nhân kinh tế,D,,,"Loại: Trắc nghiệm triết học; Phần: ; Câu 1178: Có thể tóm tắt mối quan hệ giữa cơ sở hạ tầng với kiến trúc thượng tầng theo mấy điểm sau. Hãy phát hiện một điểm tóm tát trong đó có nội dung sai? A. Từ trong toàn bộ các quan hệ hết sức phức tạp Mác đã phân biệt những quan hệ vật chất tạo nên cơ sở hạ tầng của xã hội, với những quan hệ tư tưởng tinh thần tạo nên kiến trúc thượng tầng của xã hội B. Cơ sở hạ tầng là toàn bộ những quan hệ sản xuất hợp thành cơ cấu kinh tế của một xã hội nhất định C. Kiến thức thượng tầng là toàn bộ những quan điểm xã hội, những thiết chế tương ứng và những quan hệ nội tại của thượng tầng, hình thành trên một cơ sở hạ tầng nhất định D. Cơ sở hạ tầng nào thì sinh ra kiến trúc thượng tầng ấy đồng thời kiến trúc thượng tầng tác động trở lại cơ sở hạ tầng. Bất cứ sự biến đổi nào trong kiến trúc thượng tầng cũng được giải thích chỉ bằng những nguyên nhân kinh tế Đáp án đúng: D. Giải thích:"
mcq_triet_1179,1179,Có thể tóm tắt nội dung mối quan hệ biện chứng giữa lực lượng sản xuất và quan hệ sản xuất theo các điểm sau đây: Hãy phát hiện một điểm tóm tắt sai nội dung?,"Lực lượng sản xuất và quan hệ sản xuất là hai mặt của phương thức sản xuất, tồn tai tách rời 247 nhau",Tác động biện chứng giữa hai mặt đó tạo thành quy luật về sự phù hợp của quan hệ sản xuất với trình độ và tính chất của lực lượng sản xuất,Đó là quy luật xã hội phổ biến của toàn bộ lịch sử loài người,Quy luật này vạch rõ sự phụ thuộc khách quan của quan hệ sản xuất vào sự phát triển của lực lượng sản xuất đồng thời quan hệ sản xuất cũng tác động trở lại lực lượng sản xuất,A,,,"Loại: Trắc nghiệm triết học; Phần: ; Câu 1179: Có thể tóm tắt nội dung mối quan hệ biện chứng giữa lực lượng sản xuất và quan hệ sản xuất theo các điểm sau đây: Hãy phát hiện một điểm tóm tắt sai nội dung? A. Lực lượng sản xuất và quan hệ sản xuất là hai mặt của phương thức sản xuất, tồn tai tách rời 247 nhau B. Tác động biện chứng giữa hai mặt đó tạo thành quy luật về sự phù hợp của quan hệ sản xuất với trình độ và tính chất của lực lượng sản xuất C. Đó là quy luật xã hội phổ biến của toàn bộ lịch sử loài người D. Quy luật này vạch rõ sự phụ thuộc khách quan của quan hệ sản xuất vào sự phát triển của lực lượng sản xuất đồng thời quan hệ sản xuất cũng tác động trở lại lực lượng sản xuất Đáp án đúng: A. Giải thích:"
mcq_triet_1180,1180,Xã hội là một tổ hợp các bộ phận được cấu thành và biến đổi một cách ngẫu nhiên. quan điểm này thuộc lập trường triết học nào? chọn câu trả lời đúng nhất:,Chủ nghĩa duy vật biện chứng lịch sử,Chủ nghĩa duy vật siêu hình trong lịch sử,Chủ nghĩa duy tâm lịch sử,Chủ nghĩa duy vật siêu hình,D,,,Loại: Trắc nghiệm triết học; Phần: ; Câu 1180: Xã hội là một tổ hợp các bộ phận được cấu thành và biến đổi một cách ngẫu nhiên. quan điểm này thuộc lập trường triết học nào? chọn câu trả lời đúng nhất: A. Chủ nghĩa duy vật biện chứng lịch sử B. Chủ nghĩa duy vật siêu hình trong lịch sử C. Chủ nghĩa duy tâm lịch sử D. Chủ nghĩa duy vật siêu hình Đáp án đúng: D. Giải thích:
mcq_triet_1181,1181,Phủ định biện chứng là gì? Chọn câu trả lời đúng nhất và khái quát nhất:,Phủ định biện chứng là sự thủ tiêu hoàn toàn cái cũ do tác động từ bên ngoài vào sự vật,"Phủ định biện chứng là phủ định có sự kế thừa, do đó cũng đồng thời là sự khẳng định",Phủ định biện chứng là sự thống nhất giữa loại bỏ và kế thừa để dẫn đến sự ra đời cái mới tiến bộ hơn,Phủ định biện chứng là quá trình tự thân phủ định và là mắt khâu của sự phát triển,D,,,"Loại: Trắc nghiệm triết học; Phần: ; Câu 1181: Phủ định biện chứng là gì? Chọn câu trả lời đúng nhất và khái quát nhất: A. Phủ định biện chứng là sự thủ tiêu hoàn toàn cái cũ do tác động từ bên ngoài vào sự vật B. Phủ định biện chứng là phủ định có sự kế thừa, do đó cũng đồng thời là sự khẳng định C. Phủ định biện chứng là sự thống nhất giữa loại bỏ và kế thừa để dẫn đến sự ra đời cái mới tiến bộ hơn D. Phủ định biện chứng là quá trình tự thân phủ định và là mắt khâu của sự phát triển Đáp án đúng: D. Giải thích:"
mcq_triet_1182,1182,xã hội là một tổng số các bộ phận được cấu thành và biến đổi tùy theo ý muốn của con người. Quan niệm này thuộc lập trường triết học nào? Chọn câu trra lời đúng nhất:,Chủ nghĩa duy vật biện chứng lịch sử,Chủ nghĩa duy vật biện chứng,Chủ nghĩa duy tâm,Chủ nghĩa duy tâm lịch sử,D,,,Loại: Trắc nghiệm triết học; Phần: ; Câu 1182: xã hội là một tổng số các bộ phận được cấu thành và biến đổi tùy theo ý muốn của con người. Quan niệm này thuộc lập trường triết học nào? Chọn câu trra lời đúng nhất: A. Chủ nghĩa duy vật biện chứng lịch sử B. Chủ nghĩa duy vật biện chứng C. Chủ nghĩa duy tâm D. Chủ nghĩa duy tâm lịch sử Đáp án đúng: D. Giải thích:
mcq_triet_1183,1183,Một sinh viên tóm tắt nội dung quy luật về sự phù hợp giữa QHSX với trình độ của LLXH như sau. Phát hiện câu tóm tắt đúng? 248 A. LLSX và QHSX lag hai mặt của PTSX tồn tại tách rời nhau B. Quy luật này chỉ tồn tại trong một vài chế độ xã hội C. Quy luật này vạch rõ sự phụ thuộc khách quan của LLSX và QHSX D. Quy luật về sự phù hợp của LLSX với trình độ của QHSX là quy luật cơ bản của sự phát triểm xã hội loài người Đáp án: D là đáp án đúng Câu 1184: Kiến trúc thượng tầng pháp lí và chính trị quyết định cơ cấu kinh tế của xã hội. Quan điểm này thuộc lập trường triết học nào? Chọn câu trra lời đúng nhất:,Chủ nghĩa duy vật lịch sử,Chủ nghãi duy tâm lịch sử,Chủ nghĩa duy tâm,Chủ nghĩa duy vật tầm thường(chủ nghĩa duy vật kinh tế),D,,,Loại: Trắc nghiệm triết học; Phần: ; Câu 1183: Một sinh viên tóm tắt nội dung quy luật về sự phù hợp giữa QHSX với trình độ của LLXH như sau. Phát hiện câu tóm tắt đúng? 248 A. LLSX và QHSX lag hai mặt của PTSX tồn tại tách rời nhau B. Quy luật này chỉ tồn tại trong một vài chế độ xã hội C. Quy luật này vạch rõ sự phụ thuộc khách quan của LLSX và QHSX D. Quy luật về sự phù hợp của LLSX với trình độ của QHSX là quy luật cơ bản của sự phát triểm xã hội loài người Đáp án: D là đáp án đúng Câu 1184: Kiến trúc thượng tầng pháp lí và chính trị quyết định cơ cấu kinh tế của xã hội. Quan điểm này thuộc lập trường triết học nào? Chọn câu trra lời đúng nhất: A. Chủ nghĩa duy vật lịch sử B. Chủ nghãi duy tâm lịch sử C. Chủ nghĩa duy tâm D. Chủ nghĩa duy vật tầm thường(chủ nghĩa duy vật kinh tế) Đáp án đúng: D. Giải thích:
mcq_triet_1185,1185,Chỉ dựa vào các quan hệ kinh tế hiện có cũng có thể giải thích đầy đủ bất kỳ học thuyết chính trị nào. Luận điểm này thuộc lập trường triết học nào? chọn câu trả lời đúng:,chủ nghĩa duy tâm lịch sử,Chủ nghĩa duy vật tầm thường(chủ nghĩa duy vật kinh tế),Chủ nghĩa duy tâm khách quan,Chủ nghĩa duy vật siêu hình,B,,,Loại: Trắc nghiệm triết học; Phần: ; Câu 1185: Chỉ dựa vào các quan hệ kinh tế hiện có cũng có thể giải thích đầy đủ bất kỳ học thuyết chính trị nào. Luận điểm này thuộc lập trường triết học nào? chọn câu trả lời đúng: A. chủ nghĩa duy tâm lịch sử B. Chủ nghĩa duy vật tầm thường(chủ nghĩa duy vật kinh tế) C. Chủ nghĩa duy tâm khách quan D. Chủ nghĩa duy vật siêu hình Đáp án đúng: B. Giải thích:
mcq_triet_1186,1186,Chỉ dựa vào các quan hệ kinh tế hiện có cũng có thể giải thích đầy đủ bất kỳ tư tưởng pháp quyền nào. Luận điểm này thuộc lập trường triết học nào? chọn câu trả lời đúng:,Chủ nghĩa duy tâm khách quan,Chủ nghĩa duy vật tầm thường(chủ nghĩa kinh tế),Chủ nghĩa duy tâm,Chủ nghĩa duy vật lịch sử,B,,,Loại: Trắc nghiệm triết học; Phần: ; Câu 1186: Chỉ dựa vào các quan hệ kinh tế hiện có cũng có thể giải thích đầy đủ bất kỳ tư tưởng pháp quyền nào. Luận điểm này thuộc lập trường triết học nào? chọn câu trả lời đúng: A. Chủ nghĩa duy tâm khách quan B. Chủ nghĩa duy vật tầm thường(chủ nghĩa kinh tế) C. Chủ nghĩa duy tâm D. Chủ nghĩa duy vật lịch sử Đáp án đúng: B. Giải thích:
mcq_triet_1187,1187,"Khi nghiên cứu phương thức tư bản chủ nghĩa, C.Mác bắt đầu từ:",Sản xuất của cải vật chất,Lưu thông hàng hoá,Sản xuất hàng hoá giản đơn và hàng hóa,Sản xuất giá trị thặng dư 249 Đáp án: C là đáp án đúng,,,,"Loại: Trắc nghiệm triết học; Phần: ; Câu 1187: Khi nghiên cứu phương thức tư bản chủ nghĩa, C.Mác bắt đầu từ: A. Sản xuất của cải vật chất B. Lưu thông hàng hoá C. Sản xuất hàng hoá giản đơn và hàng hóa D. Sản xuất giá trị thặng dư 249 Đáp án: C là đáp án đúng Đáp án đúng: . Giải thích:"
mcq_triet_1188,1188,Học thuyết kinh tế nào của C.Mác được coi là hòn đá tảng?,Học thuyết tái sản xuất tư bản xã hội,Học thuyết tích luỹ tư sản,Học thuyết giả trị lao động,Học thuyết giá trị thặng dư,D,,,Loại: Trắc nghiệm triết học; Phần: ; Câu 1188: Học thuyết kinh tế nào của C.Mác được coi là hòn đá tảng? A. Học thuyết tái sản xuất tư bản xã hội B. Học thuyết tích luỹ tư sản C. Học thuyết giả trị lao động D. Học thuyết giá trị thặng dư Đáp án đúng: D. Giải thích:
mcq_triet_1189,1189,Tất cả cái gì thúc đẩy con người hành động đều phải thông qua đầu óc của họ. Vì vậy phải tìm động lực sâu xa của lịch sử ở trong tư tưởng và ý chí của con người. Quan niệm này thuộc lập trường triết học nào? chọn câu trả lời đúng nhất:,Chủ nghĩa duy tâm lịch sử,Chủ nghĩa duy tâm chủ quan,Chủ nghĩa duy vật biện chứng lịc sử,Chủ nghĩa duy vật tầm thường( chủ nghĩa kinh tế),A,,,Loại: Trắc nghiệm triết học; Phần: ; Câu 1189: Tất cả cái gì thúc đẩy con người hành động đều phải thông qua đầu óc của họ. Vì vậy phải tìm động lực sâu xa của lịch sử ở trong tư tưởng và ý chí của con người. Quan niệm này thuộc lập trường triết học nào? chọn câu trả lời đúng nhất: A. Chủ nghĩa duy tâm lịch sử B. Chủ nghĩa duy tâm chủ quan C. Chủ nghĩa duy vật biện chứng lịc sử D. Chủ nghĩa duy vật tầm thường( chủ nghĩa kinh tế) Đáp án đúng: A. Giải thích:
mcq_triet_1190,1190,"Trong tất cả những chuyển biến về lịch sử thì chuyển biến về chính trị là chuyển biến quan trọng nhất, quyết định sự phát triển của lịch sử. Quan niệm này thuộc lập trường triết học nào? chọn câu trả lời đúng nhất:",Chủ nghĩa duy tâm lịch sử,Chủ nghĩa duy vật tầm thường(chủ nghĩa kinh tế),Chủ nghĩa duy tâm,Chủ nghĩa duy vật biện chứng lịch sử,A,,,"Loại: Trắc nghiệm triết học; Phần: ; Câu 1190: Trong tất cả những chuyển biến về lịch sử thì chuyển biến về chính trị là chuyển biến quan trọng nhất, quyết định sự phát triển của lịch sử. Quan niệm này thuộc lập trường triết học nào? chọn câu trả lời đúng nhất: A. Chủ nghĩa duy tâm lịch sử B. Chủ nghĩa duy vật tầm thường(chủ nghĩa kinh tế) C. Chủ nghĩa duy tâm D. Chủ nghĩa duy vật biện chứng lịch sử Đáp án đúng: A. Giải thích:"
